2025-07-06 14:18:51.3649 INFO Приложение запущено
2025-07-06 14:18:51.4430 INFO Отправка данных на сервер
2025-07-06 14:18:51.6930 INFO Получение данных из файла Address.csv
2025-07-06 14:18:51.6930 INFO Получение данных из файла Client.csv
2025-07-06 14:18:54.2813 INFO Данные адресов добавлены в БД
2025-07-06 14:18:54.3282 INFO Данные клиентов добавлены в БД
2025-07-06 14:18:54.3282 INFO Данные успешно отправлены на сервер
2025-07-06 14:18:54.3594 INFO Процесс получения курса валют запущен
2025-07-06 14:18:54.3594 INFO Подключение к данным по адресу: https://www.cbr.ru/currency_base/daily/?UniDbQuery.Posted=True&UniDbQuery.To=06.07.2025
2025-07-06 14:18:54.7657 INFO Подключение прошло успешно. OK
2025-07-06 14:18:54.8126 INFO Извлечение данных
2025-07-06 14:18:54.8126 INFO Данные успешно получены. Количество: 43
2025-07-06 14:18:54.8126 INFO Запись в файл по пути: D:\Алексей\github\ExchangeParsing_DB\ExchangeParsing\ExchangeParsing\bin\Debug\CentralBank\Rate_06.07.2025.csv
2025-07-06 14:18:54.8126 INFO Данные записаны в файл. Количество 43 из 43
2025-07-06 14:18:54.8126 INFO Добавление полученных данных в БД
2025-07-06 14:18:54.8126 INFO Подключение к БД прошло успешно
2025-07-06 14:18:55.0001 INFO Успешно добавлено 43 валют
2025-07-06 14:18:55.0001 INFO Данные успешно отправлены на сервер
2025-07-06 14:18:55.0157 INFO Получение данных из файла SecurityPortfolio.csv
2025-07-06 14:18:55.0157 INFO Получение данных из файла Portfolio_Currency.csv
2025-07-06 14:18:56.5414 INFO Данные о портфелях добавлены
2025-07-06 14:18:56.5571 INFO Данные о связях между портфелями и валютами добавлены
2025-07-06 14:18:56.5571 INFO Запущен процесс получения акций
2025-07-06 14:18:56.5571 INFO Подключение к данным по адресу: https://iss.moex.com/iss/engines/stock/markets/shares/boards/tqbr/securities.json?iss.only=marketdata&iss.meta=off&iss.json=extended&marketdata.columns=SECID%2CLAST%2CLASTTOPREVPRICE&sort_column=VALTODAY&sort_order=desc&first=18
2025-07-06 14:18:56.7289 INFO Извлечение данных
2025-07-06 14:18:56.8852 INFO Данные получены
2025-07-06 14:18:56.8852 INFO Корректные данные для считывания
2025-07-06 14:18:56.9477 INFO Успешная десериализация данных
2025-07-06 14:18:56.9477 INFO Запись в файл: D:\Алексей\github\ExchangeParsing_DB\ExchangeParsing\ExchangeParsing\bin\Debug\MoscowExchange\Stocks\Stock_06.07.2025.csv
2025-07-06 14:18:56.9477 INFO Данные записаны: 18 акций
2025-07-06 14:18:56.9633 INFO Запущен процесс получения облигаций
2025-07-06 14:18:56.9633 INFO Подключение к данным по адресу: https://iss.moex.com/iss/emitters/484/securities.jsonp?iss.meta=off&iss.json=extended&callback=JSON_CALLBACK&lang=ru
2025-07-06 14:18:57.2602 INFO Подключение прошло успешно.
2025-07-06 14:18:57.2602 INFO Извлечение данных
2025-07-06 14:18:57.2758 INFO Данные получены
2025-07-06 14:18:57.2758 INFO Корректные данные для считывания
2025-07-06 14:18:57.2914 INFO Успешная десериализация данных
2025-07-06 14:18:57.2914 INFO Добавлено 361 биржевых облигаций и акций Сбербанк из 367 других облигаций
2025-07-06 14:18:57.2914 INFO Подключение к данным по адресу: https://iss.moex.com/iss/emitters/269/securities.jsonp?iss.meta=off&iss.json=extended&callback=JSON_CALLBACK&lang=ru
2025-07-06 14:18:58.7758 INFO Подключение прошло успешно.
2025-07-06 14:18:58.7758 INFO Извлечение данных
2025-07-06 14:18:58.7758 INFO Данные получены
2025-07-06 14:18:58.7758 INFO Корректные данные для считывания
2025-07-06 14:18:58.7915 INFO Успешная десериализация данных
2025-07-06 14:18:58.7915 INFO Добавлено 57 биржевых облигаций и акций ВТБ ао из 521 других облигаций
2025-07-06 14:18:58.7915 INFO Подключение к данным по адресу: https://iss.moex.com/iss/emitters/3588/securities.jsonp?iss.meta=off&iss.json=extended&callback=JSON_CALLBACK&lang=ru
2025-07-06 14:18:58.8383 INFO Подключение прошло успешно.
2025-07-06 14:18:58.8383 INFO Извлечение данных
2025-07-06 14:18:58.8383 INFO Данные получены
2025-07-06 14:18:58.8383 INFO Корректные данные для считывания
2025-07-06 14:18:58.8383 INFO Успешная десериализация данных
2025-07-06 14:18:58.8383 INFO Добавлено 2 биржевых облигаций и акций ЮГК из 3 других облигаций
2025-07-06 14:18:58.8383 INFO Подключение к данным по адресу: https://iss.moex.com/iss/emitters/711/securities.jsonp?iss.meta=off&iss.json=extended&callback=JSON_CALLBACK&lang=ru
2025-07-06 14:18:58.8852 INFO Подключение прошло успешно.
2025-07-06 14:18:58.8852 INFO Извлечение данных
2025-07-06 14:18:58.8852 INFO Данные получены
2025-07-06 14:18:58.8852 INFO Корректные данные для считывания
2025-07-06 14:18:58.8852 INFO Успешная десериализация данных
2025-07-06 14:18:58.8852 INFO Добавлено 5 биржевых облигаций и акций ГАЗПРОМ ао из 7 других облигаций
2025-07-06 14:18:58.8852 INFO Подключение к данным по адресу: https://iss.moex.com/iss/emitters/10763/securities.jsonp?iss.meta=off&iss.json=extended&callback=JSON_CALLBACK&lang=ru
2025-07-06 14:18:58.9321 INFO Подключение прошло успешно.
2025-07-06 14:18:58.9321 INFO Извлечение данных
2025-07-06 14:18:58.9321 INFO Данные получены
2025-07-06 14:18:58.9321 INFO Корректные данные для считывания
2025-07-06 14:18:58.9321 INFO Успешная десериализация данных
2025-07-06 14:18:58.9321 INFO Добавлено 0 биржевых облигаций и акций Т-Техно ао из 2 других облигаций
2025-07-06 14:18:58.9321 INFO Подключение к данным по адресу: https://iss.moex.com/iss/emitters/770/securities.jsonp?iss.meta=off&iss.json=extended&callback=JSON_CALLBACK&lang=ru
2025-07-06 14:18:58.9790 INFO Подключение прошло успешно.
2025-07-06 14:18:58.9790 INFO Извлечение данных
2025-07-06 14:18:58.9790 INFO Данные получены
2025-07-06 14:18:58.9790 INFO Корректные данные для считывания
2025-07-06 14:18:58.9790 INFO Успешная десериализация данных
2025-07-06 14:18:58.9790 INFO Добавлено 0 биржевых облигаций и акций ЛУКОЙЛ из 7 других облигаций
2025-07-06 14:18:58.9790 INFO Подключение к данным по адресу: https://iss.moex.com/iss/emitters/1074/securities.jsonp?iss.meta=off&iss.json=extended&callback=JSON_CALLBACK&lang=ru
2025-07-06 14:18:59.0258 INFO Подключение прошло успешно.
2025-07-06 14:18:59.0258 INFO Извлечение данных
2025-07-06 14:18:59.0258 INFO Данные получены
2025-07-06 14:18:59.0258 INFO Корректные данные для считывания
2025-07-06 14:18:59.0258 INFO Успешная десериализация данных
2025-07-06 14:18:59.0258 INFO Добавлено 4 биржевых облигаций и акций Новатэк ао из 7 других облигаций
2025-07-06 14:18:59.0258 INFO Подключение к данным по адресу: https://iss.moex.com/iss/emitters/9848/securities.jsonp?iss.meta=off&iss.json=extended&callback=JSON_CALLBACK&lang=ru
2025-07-06 14:18:59.0727 INFO Подключение прошло успешно.
2025-07-06 14:18:59.0727 INFO Извлечение данных
2025-07-06 14:18:59.0727 INFO Данные получены
2025-07-06 14:18:59.0727 INFO Корректные данные для считывания
2025-07-06 14:18:59.0727 INFO Успешная десериализация данных
2025-07-06 14:18:59.0727 INFO Добавлено 10 биржевых облигаций и акций Самолет ао из 13 других облигаций
2025-07-06 14:18:59.0727 INFO Подключение к данным по адресу: https://iss.moex.com/iss/emitters/739/securities.jsonp?iss.meta=off&iss.json=extended&callback=JSON_CALLBACK&lang=ru
2025-07-06 14:18:59.1196 INFO Подключение прошло успешно.
2025-07-06 14:18:59.1196 INFO Извлечение данных
2025-07-06 14:18:59.1196 INFO Данные получены
2025-07-06 14:18:59.1196 INFO Корректные данные для считывания
2025-07-06 14:18:59.1196 INFO Успешная десериализация данных
2025-07-06 14:18:59.1196 INFO Добавлено 1 биржевых облигаций и акций ПИК ао из 4 других облигаций
2025-07-06 14:18:59.1196 INFO Подключение к данным по адресу: https://iss.moex.com/iss/emitters/10712/securities.jsonp?iss.meta=off&iss.json=extended&callback=JSON_CALLBACK&lang=ru
2025-07-06 14:18:59.1665 INFO Подключение прошло успешно.
2025-07-06 14:18:59.1665 INFO Извлечение данных
2025-07-06 14:18:59.1665 INFO Данные получены
2025-07-06 14:18:59.1665 INFO Корректные данные для считывания
2025-07-06 14:18:59.1665 INFO Успешная десериализация данных
2025-07-06 14:18:59.1665 INFO Добавлено 0 биржевых облигаций и акций КЦ ИКС 5 из 2 других облигаций
2025-07-06 14:18:59.1665 INFO Подключение к данным по адресу: https://iss.moex.com/iss/emitters/1399/securities.jsonp?iss.meta=off&iss.json=extended&callback=JSON_CALLBACK&lang=ru
2025-07-06 14:18:59.1977 INFO Подключение прошло успешно.
2025-07-06 14:18:59.1977 INFO Извлечение данных
2025-07-06 14:18:59.1977 INFO Данные получены
2025-07-06 14:18:59.1977 INFO Корректные данные для считывания
2025-07-06 14:18:59.1977 INFO Успешная десериализация данных
2025-07-06 14:18:59.1977 INFO Добавлено 11 биржевых облигаций и акций ГМКНорНик из 15 других облигаций
2025-07-06 14:18:59.1977 INFO Подключение к данным по адресу: https://iss.moex.com/iss/emitters/15523/securities.jsonp?iss.meta=off&iss.json=extended&callback=JSON_CALLBACK&lang=ru
2025-07-06 14:18:59.2446 INFO Подключение прошло успешно.
2025-07-06 14:18:59.2446 INFO Извлечение данных
2025-07-06 14:18:59.2446 INFO Данные получены
2025-07-06 14:18:59.2446 INFO Корректные данные для считывания
2025-07-06 14:18:59.2446 INFO Успешная десериализация данных
2025-07-06 14:18:59.2446 INFO Добавлено 1 биржевых облигаций и акций ЯНДЕКС из 3 других облигаций
2025-07-06 14:18:59.2446 INFO Подключение к данным по адресу: https://iss.moex.com/iss/emitters/12604/securities.jsonp?iss.meta=off&iss.json=extended&callback=JSON_CALLBACK&lang=ru
2025-07-06 14:18:59.2915 INFO Подключение прошло успешно.
2025-07-06 14:18:59.2915 INFO Извлечение данных
2025-07-06 14:18:59.2915 INFO Данные получены
2025-07-06 14:18:59.2915 INFO Корректные данные для считывания
2025-07-06 14:18:59.2915 INFO Успешная десериализация данных
2025-07-06 14:18:59.2915 INFO Добавлено 3 биржевых облигаций и акций iПозитив из 5 других облигаций
2025-07-06 14:18:59.2915 INFO Подключение к данным по адресу: https://iss.moex.com/iss/emitters/1158/securities.jsonp?iss.meta=off&iss.json=extended&callback=JSON_CALLBACK&lang=ru
2025-07-06 14:18:59.3383 INFO Подключение прошло успешно.
2025-07-06 14:18:59.3383 INFO Извлечение данных
2025-07-06 14:18:59.3383 INFO Данные получены
2025-07-06 14:18:59.3383 INFO Корректные данные для считывания
2025-07-06 14:18:59.3383 INFO Успешная десериализация данных
2025-07-06 14:18:59.3383 INFO Добавлено 4 биржевых облигаций и акций Полюс из 8 других облигаций
2025-07-06 14:18:59.3383 INFO Подключение к данным по адресу: https://iss.moex.com/iss/emitters/886/securities.jsonp?iss.meta=off&iss.json=extended&callback=JSON_CALLBACK&lang=ru
2025-07-06 14:18:59.3852 INFO Подключение прошло успешно.
2025-07-06 14:18:59.3852 INFO Извлечение данных
2025-07-06 14:18:59.3852 INFO Данные получены
2025-07-06 14:18:59.3852 INFO Корректные данные для считывания
2025-07-06 14:18:59.3852 INFO Успешная десериализация данных
2025-07-06 14:18:59.3852 INFO Добавлено 8 биржевых облигаций и акций Магнит ао из 11 других облигаций
2025-07-06 14:18:59.3852 INFO Подключение к данным по адресу: https://iss.moex.com/iss/emitters/651/securities.jsonp?iss.meta=off&iss.json=extended&callback=JSON_CALLBACK&lang=ru
2025-07-06 14:18:59.4477 INFO Подключение прошло успешно.
2025-07-06 14:18:59.4477 INFO Извлечение данных
2025-07-06 14:18:59.4477 INFO Данные получены
2025-07-06 14:18:59.4477 INFO Корректные данные для считывания
2025-07-06 14:18:59.4477 INFO Успешная десериализация данных
2025-07-06 14:18:59.4477 INFO Добавлено 25 биржевых облигаций и акций Роснефть из 28 других облигаций
2025-07-06 14:18:59.4477 INFO Подключение к данным по адресу: https://iss.moex.com/iss/emitters/10761/securities.jsonp?iss.meta=off&iss.json=extended&callback=JSON_CALLBACK&lang=ru
2025-07-06 14:18:59.4790 INFO Подключение прошло успешно.
2025-07-06 14:18:59.4790 INFO Извлечение данных
2025-07-06 14:18:59.4790 INFO Данные получены
2025-07-06 14:18:59.4946 INFO Корректные данные для считывания
2025-07-06 14:18:59.4946 INFO Успешная десериализация данных
2025-07-06 14:18:59.4946 INFO Добавлено 0 биржевых облигаций и акций МКПАО "ВК" из 3 других облигаций
2025-07-06 14:18:59.4946 INFO Подключение к данным по адресу: https://iss.moex.com/iss/emitters/1242/securities.jsonp?iss.meta=off&iss.json=extended&callback=JSON_CALLBACK&lang=ru
2025-07-06 14:18:59.6977 INFO Подключение прошло успешно.
2025-07-06 14:18:59.6977 INFO Извлечение данных
2025-07-06 14:18:59.6977 INFO Данные получены
2025-07-06 14:18:59.6977 INFO Корректные данные для считывания
2025-07-06 14:18:59.6977 INFO Успешная десериализация данных
2025-07-06 14:18:59.6977 INFO Добавлено 2 биржевых облигаций и акций Аэрофлот из 4 других облигаций
2025-07-06 14:18:59.6977 INFO Все данные успешно считаны. 494 биржевых облигаций и акций из 1010 разных типов облигаций
2025-07-06 14:18:59.6977 INFO Запись в файл: D:\Алексей\github\ExchangeParsing_DB\ExchangeParsing\ExchangeParsing\bin\Debug\MoscowExchange\Bonds\Bond_06.07.2025.csv
2025-07-06 14:18:59.6977 INFO Данные записаны.
2025-07-06 14:18:59.6977 INFO Добавление полученных данных в БД
2025-07-06 14:18:59.6977 INFO Подключение к БД прошло успешно
2025-07-06 14:18:59.7602 INFO Добавлено 18 акций
2025-07-06 14:19:00.1352 INFO Добавлено 0 облигаций
2025-07-06 14:19:00.1352 INFO Приложение завершило работу
2025-07-06 14:32:55.7498 INFO Приложение запущено
2025-07-06 14:32:55.8123 INFO Отправка данных на сервер
2025-07-06 14:32:56.0311 INFO Получение данных из файла Address.csv
2025-07-06 14:32:56.0311 INFO Получение данных из файла Client.csv
2025-07-06 14:32:58.4006 INFO Данные адресов добавлены в БД
2025-07-06 14:32:58.4631 INFO Данные клиентов добавлены в БД
2025-07-06 14:32:58.4631 INFO Данные успешно отправлены на сервер
2025-07-06 14:32:58.4631 INFO Процесс получения курса валют запущен
2025-07-06 14:32:58.4631 INFO Подключение к данным по адресу: https://www.cbr.ru/currency_base/daily/?UniDbQuery.Posted=True&UniDbQuery.To=06.07.2025
2025-07-06 14:32:58.8225 INFO Подключение прошло успешно. OK
2025-07-06 14:32:58.8694 INFO Извлечение данных
2025-07-06 14:32:58.8694 INFO Данные успешно получены. Количество: 43
2025-07-06 14:32:58.8694 INFO Запись в файл по пути: D:\Алексей\github\ExchangeParsing_DB\ExchangeParsing\ExchangeParsing\bin\Debug\CentralBank\Rate_06.07.2025.csv
2025-07-06 14:32:58.8694 INFO Данные записаны в файл. Количество 43 из 43
2025-07-06 14:32:58.8694 INFO Добавление полученных данных в БД
2025-07-06 14:32:58.8694 INFO Подключение к БД прошло успешно
2025-07-06 14:32:59.0569 INFO Успешно добавлено 43 валют
2025-07-06 14:32:59.0569 INFO Данные успешно отправлены на сервер
2025-07-06 14:32:59.0569 INFO Получение данных из файла SecurityPortfolio.csv
2025-07-06 14:32:59.0569 INFO Получение данных из файла Portfolio_Currency.csv
2025-07-06 14:33:00.3850 INFO Данные о портфелях добавлены
2025-07-06 14:33:00.4007 INFO Данные о связях между портфелями и валютами добавлены
2025-07-06 14:33:00.4163 INFO Запущен процесс получения акций
2025-07-06 14:33:00.4163 INFO Подключение к данным по адресу: https://iss.moex.com/iss/engines/stock/markets/shares/boards/tqbr/securities.json?iss.only=marketdata&iss.meta=off&iss.json=extended&marketdata.columns=SECID%2CLAST%2CLASTTOPREVPRICE&sort_column=VALTODAY&sort_order=desc&first=18
2025-07-06 14:33:00.6038 INFO Извлечение данных
2025-07-06 14:33:00.7444 INFO Данные получены
2025-07-06 14:33:00.7600 INFO Корректные данные для считывания
2025-07-06 14:33:00.8069 INFO Успешная десериализация данных
2025-07-06 14:33:00.8069 INFO Запись в файл: D:\Алексей\github\ExchangeParsing_DB\ExchangeParsing\ExchangeParsing\bin\Debug\MoscowExchange\Stocks\Stock_06.07.2025.csv
2025-07-06 14:33:00.8069 INFO Данные записаны: 18 акций
2025-07-06 14:33:00.8069 INFO Запущен процесс получения облигаций
2025-07-06 14:33:00.8069 INFO Подключение к данным по адресу: https://iss.moex.com/iss/emitters/484/securities.jsonp?iss.meta=off&iss.json=extended&callback=JSON_CALLBACK&lang=ru
2025-07-06 14:33:01.2288 INFO Подключение прошло успешно.
2025-07-06 14:33:01.2288 INFO Извлечение данных
2025-07-06 14:33:01.2444 INFO Данные получены
2025-07-06 14:33:01.2444 INFO Корректные данные для считывания
2025-07-06 14:33:01.2600 INFO Успешная десериализация данных
2025-07-06 14:33:01.2600 INFO Добавлено 361 биржевых облигаций и акций Сбербанк из 367 других облигаций
2025-07-06 14:33:01.2600 INFO Подключение к данным по адресу: https://iss.moex.com/iss/emitters/269/securities.jsonp?iss.meta=off&iss.json=extended&callback=JSON_CALLBACK&lang=ru
2025-07-06 14:33:02.5728 INFO Подключение прошло успешно.
2025-07-06 14:33:02.5728 INFO Извлечение данных
2025-07-06 14:33:02.5885 INFO Данные получены
2025-07-06 14:33:02.5885 INFO Корректные данные для считывания
2025-07-06 14:33:02.5885 INFO Успешная десериализация данных
2025-07-06 14:33:02.5885 INFO Добавлено 57 биржевых облигаций и акций ВТБ ао из 521 других облигаций
2025-07-06 14:33:02.5885 INFO Подключение к данным по адресу: https://iss.moex.com/iss/emitters/3588/securities.jsonp?iss.meta=off&iss.json=extended&callback=JSON_CALLBACK&lang=ru
2025-07-06 14:33:02.6353 INFO Подключение прошло успешно.
2025-07-06 14:33:02.6353 INFO Извлечение данных
2025-07-06 14:33:02.6353 INFO Данные получены
2025-07-06 14:33:02.6353 INFO Корректные данные для считывания
2025-07-06 14:33:02.6353 INFO Успешная десериализация данных
2025-07-06 14:33:02.6353 INFO Добавлено 2 биржевых облигаций и акций ЮГК из 3 других облигаций
2025-07-06 14:33:02.6353 INFO Подключение к данным по адресу: https://iss.moex.com/iss/emitters/711/securities.jsonp?iss.meta=off&iss.json=extended&callback=JSON_CALLBACK&lang=ru
2025-07-06 14:33:02.6978 INFO Подключение прошло успешно.
2025-07-06 14:33:02.6978 INFO Извлечение данных
2025-07-06 14:33:02.6978 INFO Данные получены
2025-07-06 14:33:02.6978 INFO Корректные данные для считывания
2025-07-06 14:33:02.6978 INFO Успешная десериализация данных
2025-07-06 14:33:02.6978 INFO Добавлено 5 биржевых облигаций и акций ГАЗПРОМ ао из 7 других облигаций
2025-07-06 14:33:02.6978 INFO Подключение к данным по адресу: https://iss.moex.com/iss/emitters/10763/securities.jsonp?iss.meta=off&iss.json=extended&callback=JSON_CALLBACK&lang=ru
2025-07-06 14:33:02.7447 INFO Подключение прошло успешно.
2025-07-06 14:33:02.7447 INFO Извлечение данных
2025-07-06 14:33:02.7447 INFO Данные получены
2025-07-06 14:33:02.7447 INFO Корректные данные для считывания
2025-07-06 14:33:02.7447 INFO Успешная десериализация данных
2025-07-06 14:33:02.7447 INFO Добавлено 0 биржевых облигаций и акций Т-Техно ао из 2 других облигаций
2025-07-06 14:33:02.7447 INFO Подключение к данным по адресу: https://iss.moex.com/iss/emitters/770/securities.jsonp?iss.meta=off&iss.json=extended&callback=JSON_CALLBACK&lang=ru
2025-07-06 14:33:02.8072 INFO Подключение прошло успешно.
2025-07-06 14:33:02.8072 INFO Извлечение данных
2025-07-06 14:33:02.8072 INFO Данные получены
2025-07-06 14:33:02.8072 INFO Корректные данные для считывания
2025-07-06 14:33:02.8072 INFO Успешная десериализация данных
2025-07-06 14:33:02.8072 INFO Добавлено 0 биржевых облигаций и акций ЛУКОЙЛ из 7 других облигаций
2025-07-06 14:33:02.8072 INFO Подключение к данным по адресу: https://iss.moex.com/iss/emitters/1074/securities.jsonp?iss.meta=off&iss.json=extended&callback=JSON_CALLBACK&lang=ru
2025-07-06 14:33:02.8697 INFO Подключение прошло успешно.
2025-07-06 14:33:02.8697 INFO Извлечение данных
2025-07-06 14:33:02.8697 INFO Данные получены
2025-07-06 14:33:02.8697 INFO Корректные данные для считывания
2025-07-06 14:33:02.8697 INFO Успешная десериализация данных
2025-07-06 14:33:02.8697 INFO Добавлено 4 биржевых облигаций и акций Новатэк ао из 7 других облигаций
2025-07-06 14:33:02.8697 INFO Подключение к данным по адресу: https://iss.moex.com/iss/emitters/9848/securities.jsonp?iss.meta=off&iss.json=extended&callback=JSON_CALLBACK&lang=ru
2025-07-06 14:33:02.9322 INFO Подключение прошло успешно.
2025-07-06 14:33:02.9322 INFO Извлечение данных
2025-07-06 14:33:02.9322 INFO Данные получены
2025-07-06 14:33:02.9322 INFO Корректные данные для считывания
2025-07-06 14:33:02.9322 INFO Успешная десериализация данных
2025-07-06 14:33:02.9322 INFO Добавлено 10 биржевых облигаций и акций Самолет ао из 13 других облигаций
2025-07-06 14:33:02.9322 INFO Подключение к данным по адресу: https://iss.moex.com/iss/emitters/739/securities.jsonp?iss.meta=off&iss.json=extended&callback=JSON_CALLBACK&lang=ru
2025-07-06 14:33:02.9947 INFO Подключение прошло успешно.
2025-07-06 14:33:02.9947 INFO Извлечение данных
2025-07-06 14:33:02.9947 INFO Данные получены
2025-07-06 14:33:02.9947 INFO Корректные данные для считывания
2025-07-06 14:33:02.9947 INFO Успешная десериализация данных
2025-07-06 14:33:02.9947 INFO Добавлено 1 биржевых облигаций и акций ПИК ао из 4 других облигаций
2025-07-06 14:33:02.9947 INFO Подключение к данным по адресу: https://iss.moex.com/iss/emitters/10712/securities.jsonp?iss.meta=off&iss.json=extended&callback=JSON_CALLBACK&lang=ru
2025-07-06 14:33:03.0416 INFO Подключение прошло успешно.
2025-07-06 14:33:03.0416 INFO Извлечение данных
2025-07-06 14:33:03.0416 INFO Данные получены
2025-07-06 14:33:03.0416 INFO Корректные данные для считывания
2025-07-06 14:33:03.0416 INFO Успешная десериализация данных
2025-07-06 14:33:03.0416 INFO Добавлено 0 биржевых облигаций и акций КЦ ИКС 5 из 2 других облигаций
2025-07-06 14:33:03.0416 INFO Подключение к данным по адресу: https://iss.moex.com/iss/emitters/1399/securities.jsonp?iss.meta=off&iss.json=extended&callback=JSON_CALLBACK&lang=ru
2025-07-06 14:33:03.0885 INFO Подключение прошло успешно.
2025-07-06 14:33:03.0885 INFO Извлечение данных
2025-07-06 14:33:03.0885 INFO Данные получены
2025-07-06 14:33:03.0885 INFO Корректные данные для считывания
2025-07-06 14:33:03.0885 INFO Успешная десериализация данных
2025-07-06 14:33:03.0885 INFO Добавлено 11 биржевых облигаций и акций ГМКНорНик из 15 других облигаций
2025-07-06 14:33:03.0885 INFO Подключение к данным по адресу: https://iss.moex.com/iss/emitters/15523/securities.jsonp?iss.meta=off&iss.json=extended&callback=JSON_CALLBACK&lang=ru
2025-07-06 14:33:03.1354 INFO Подключение прошло успешно.
2025-07-06 14:33:03.1354 INFO Извлечение данных
2025-07-06 14:33:03.1354 INFO Данные получены
2025-07-06 14:33:03.1354 INFO Корректные данные для считывания
2025-07-06 14:33:03.1354 INFO Успешная десериализация данных
2025-07-06 14:33:03.1354 INFO Добавлено 1 биржевых облигаций и акций ЯНДЕКС из 3 других облигаций
2025-07-06 14:33:03.1354 INFO Подключение к данным по адресу: https://iss.moex.com/iss/emitters/12604/securities.jsonp?iss.meta=off&iss.json=extended&callback=JSON_CALLBACK&lang=ru
2025-07-06 14:33:03.1822 INFO Подключение прошло успешно.
2025-07-06 14:33:03.1822 INFO Извлечение данных
2025-07-06 14:33:03.1822 INFO Данные получены
2025-07-06 14:33:03.1822 INFO Корректные данные для считывания
2025-07-06 14:33:03.1822 INFO Успешная десериализация данных
2025-07-06 14:33:03.1978 INFO Добавлено 3 биржевых облигаций и акций iПозитив из 5 других облигаций
2025-07-06 14:33:03.1978 INFO Подключение к данным по адресу: https://iss.moex.com/iss/emitters/1158/securities.jsonp?iss.meta=off&iss.json=extended&callback=JSON_CALLBACK&lang=ru
2025-07-06 14:33:03.2447 INFO Подключение прошло успешно.
2025-07-06 14:33:03.2447 INFO Извлечение данных
2025-07-06 14:33:03.2447 INFO Данные получены
2025-07-06 14:33:03.2447 INFO Корректные данные для считывания
2025-07-06 14:33:03.2447 INFO Успешная десериализация данных
2025-07-06 14:33:03.2447 INFO Добавлено 4 биржевых облигаций и акций Полюс из 8 других облигаций
2025-07-06 14:33:03.2447 INFO Подключение к данным по адресу: https://iss.moex.com/iss/emitters/886/securities.jsonp?iss.meta=off&iss.json=extended&callback=JSON_CALLBACK&lang=ru
2025-07-06 14:33:03.3072 INFO Подключение прошло успешно.
2025-07-06 14:33:03.3072 INFO Извлечение данных
2025-07-06 14:33:03.3072 INFO Данные получены
2025-07-06 14:33:03.3072 INFO Корректные данные для считывания
2025-07-06 14:33:03.3072 INFO Успешная десериализация данных
2025-07-06 14:33:03.3072 INFO Добавлено 8 биржевых облигаций и акций Магнит ао из 11 других облигаций
2025-07-06 14:33:03.3072 INFO Подключение к данным по адресу: https://iss.moex.com/iss/emitters/651/securities.jsonp?iss.meta=off&iss.json=extended&callback=JSON_CALLBACK&lang=ru
2025-07-06 14:33:03.3541 INFO Подключение прошло успешно.
2025-07-06 14:33:03.3541 INFO Извлечение данных
2025-07-06 14:33:03.3541 INFO Данные получены
2025-07-06 14:33:03.3541 INFO Корректные данные для считывания
2025-07-06 14:33:03.3541 INFO Успешная десериализация данных
2025-07-06 14:33:03.3541 INFO Добавлено 25 биржевых облигаций и акций Роснефть из 28 других облигаций
2025-07-06 14:33:03.3541 INFO Подключение к данным по адресу: https://iss.moex.com/iss/emitters/10761/securities.jsonp?iss.meta=off&iss.json=extended&callback=JSON_CALLBACK&lang=ru
2025-07-06 14:33:03.4166 INFO Подключение прошло успешно.
2025-07-06 14:33:03.4166 INFO Извлечение данных
2025-07-06 14:33:03.4166 INFO Данные получены
2025-07-06 14:33:03.4166 INFO Корректные данные для считывания
2025-07-06 14:33:03.4166 INFO Успешная десериализация данных
2025-07-06 14:33:03.4166 INFO Добавлено 0 биржевых облигаций и акций МКПАО "ВК" из 3 других облигаций
2025-07-06 14:33:03.4166 INFO Подключение к данным по адресу: https://iss.moex.com/iss/emitters/1242/securities.jsonp?iss.meta=off&iss.json=extended&callback=JSON_CALLBACK&lang=ru
2025-07-06 14:33:03.4635 INFO Подключение прошло успешно.
2025-07-06 14:33:03.4635 INFO Извлечение данных
2025-07-06 14:33:03.4635 INFO Данные получены
2025-07-06 14:33:03.4635 INFO Корректные данные для считывания
2025-07-06 14:33:03.4635 INFO Успешная десериализация данных
2025-07-06 14:33:03.4635 INFO Добавлено 2 биржевых облигаций и акций Аэрофлот из 4 других облигаций
2025-07-06 14:33:03.4635 INFO Все данные успешно считаны. 494 биржевых облигаций и акций из 1010 разных типов облигаций
2025-07-06 14:33:03.4635 INFO Запись в файл: D:\Алексей\github\ExchangeParsing_DB\ExchangeParsing\ExchangeParsing\bin\Debug\MoscowExchange\Bonds\Bond_06.07.2025.csv
2025-07-06 14:33:03.4635 INFO Данные записаны.
2025-07-06 14:33:03.4635 INFO Добавление полученных данных в БД
2025-07-06 14:33:03.4635 INFO Подключение к БД прошло успешно
2025-07-06 14:33:03.5371 INFO Добавлено 12 акций
2025-07-06 14:33:03.8809 INFO Добавлено 0 облигаций
2025-07-06 14:33:03.8809 INFO Приложение завершило работу
2025-07-06 14:37:48.5005 INFO Приложение запущено
2025-07-06 14:37:48.5630 INFO Отправка данных на сервер
2025-07-06 14:37:48.7817 INFO Получение данных из файла Address.csv
2025-07-06 14:37:48.7817 INFO Получение данных из файла Client.csv
2025-07-06 14:37:51.1099 INFO Данные адресов добавлены в БД
2025-07-06 14:37:51.1724 INFO Данные клиентов добавлены в БД
2025-07-06 14:37:51.1724 INFO Данные успешно отправлены на сервер
2025-07-06 14:37:51.1724 INFO Процесс получения курса валют запущен
2025-07-06 14:37:51.1724 INFO Подключение к данным по адресу: https://www.cbr.ru/currency_base/daily/?UniDbQuery.Posted=True&UniDbQuery.To=06.07.2025
2025-07-06 14:37:51.5318 INFO Подключение прошло успешно. OK
2025-07-06 14:37:51.5630 INFO Извлечение данных
2025-07-06 14:37:51.5786 INFO Данные успешно получены. Количество: 43
2025-07-06 14:37:51.5786 INFO Запись в файл по пути: D:\Алексей\github\ExchangeParsing_DB\ExchangeParsing\ExchangeParsing\bin\Debug\CentralBank\Rate_06.07.2025.csv
2025-07-06 14:37:51.5786 INFO Данные записаны в файл. Количество 43 из 43
2025-07-06 14:37:51.5786 INFO Добавление полученных данных в БД
2025-07-06 14:37:51.5786 INFO Подключение к БД прошло успешно
2025-07-06 14:37:51.7661 INFO Успешно добавлено 43 валют
2025-07-06 14:37:51.7661 INFO Данные успешно отправлены на сервер
2025-07-06 14:37:51.7661 INFO Получение данных из файла SecurityPortfolio.csv
2025-07-06 14:37:51.7661 INFO Получение данных из файла Portfolio_Currency.csv
2025-07-06 14:37:53.2296 INFO Данные о портфелях добавлены
2025-07-06 14:37:53.2452 INFO Данные о связях между портфелями и валютами добавлены
2025-07-06 14:37:53.2608 INFO Запущен процесс получения акций
2025-07-06 14:37:53.2608 INFO Подключение к данным по адресу: https://iss.moex.com/iss/engines/stock/markets/shares/boards/tqbr/securities.json?iss.only=marketdata&iss.meta=off&iss.json=extended&marketdata.columns=SECID%2CLAST%2CLASTTOPREVPRICE&sort_column=VALTODAY&sort_order=desc&first=18
2025-07-06 14:37:53.3858 INFO Извлечение данных
2025-07-06 14:37:53.5210 INFO Данные получены
2025-07-06 14:37:53.5366 INFO Корректные данные для считывания
2025-07-06 14:37:53.5835 INFO Успешная десериализация данных
2025-07-06 14:37:53.5835 INFO Запись в файл: D:\Алексей\github\ExchangeParsing_DB\ExchangeParsing\ExchangeParsing\bin\Debug\MoscowExchange\Stocks\Stock_06.07.2025.csv
2025-07-06 14:37:53.5835 INFO Данные записаны: 18 акций
2025-07-06 14:37:53.5991 INFO Запущен процесс получения облигаций
2025-07-06 14:37:53.5991 INFO Подключение к данным по адресу: https://iss.moex.com/iss/emitters/484/securities.jsonp?iss.meta=off&iss.json=extended&callback=JSON_CALLBACK&lang=ru
2025-07-06 14:37:53.9741 INFO Подключение прошло успешно.
2025-07-06 14:37:53.9898 INFO Извлечение данных
2025-07-06 14:37:53.9898 INFO Данные получены
2025-07-06 14:37:53.9898 INFO Корректные данные для считывания
2025-07-06 14:37:54.0054 INFO Успешная десериализация данных
2025-07-06 14:37:54.0054 INFO Добавлено 361 биржевых облигаций и акций Сбербанк из 367 других облигаций
2025-07-06 14:37:54.0054 INFO Подключение к данным по адресу: https://iss.moex.com/iss/emitters/269/securities.jsonp?iss.meta=off&iss.json=extended&callback=JSON_CALLBACK&lang=ru
2025-07-06 14:37:56.6579 INFO Подключение прошло успешно.
2025-07-06 14:37:56.6579 INFO Извлечение данных
2025-07-06 14:37:56.6579 INFO Данные получены
2025-07-06 14:37:56.6735 INFO Корректные данные для считывания
2025-07-06 14:37:56.6735 INFO Успешная десериализация данных
2025-07-06 14:37:56.6735 INFO Добавлено 57 биржевых облигаций и акций ВТБ ао из 521 других облигаций
2025-07-06 14:37:56.6735 INFO Подключение к данным по адресу: https://iss.moex.com/iss/emitters/3588/securities.jsonp?iss.meta=off&iss.json=extended&callback=JSON_CALLBACK&lang=ru
2025-07-06 14:37:56.7204 INFO Подключение прошло успешно.
2025-07-06 14:37:56.7204 INFO Извлечение данных
2025-07-06 14:37:56.7204 INFO Данные получены
2025-07-06 14:37:56.7204 INFO Корректные данные для считывания
2025-07-06 14:37:56.7204 INFO Успешная десериализация данных
2025-07-06 14:37:56.7204 INFO Добавлено 2 биржевых облигаций и акций ЮГК из 3 других облигаций
2025-07-06 14:37:56.7204 INFO Подключение к данным по адресу: https://iss.moex.com/iss/emitters/711/securities.jsonp?iss.meta=off&iss.json=extended&callback=JSON_CALLBACK&lang=ru
2025-07-06 14:37:56.7672 INFO Подключение прошло успешно.
2025-07-06 14:37:56.7672 INFO Извлечение данных
2025-07-06 14:37:56.7829 INFO Данные получены
2025-07-06 14:37:56.7829 INFO Корректные данные для считывания
2025-07-06 14:37:56.7829 INFO Успешная десериализация данных
2025-07-06 14:37:56.7829 INFO Добавлено 5 биржевых облигаций и акций ГАЗПРОМ ао из 7 других облигаций
2025-07-06 14:37:56.7829 INFO Подключение к данным по адресу: https://iss.moex.com/iss/emitters/10763/securities.jsonp?iss.meta=off&iss.json=extended&callback=JSON_CALLBACK&lang=ru
2025-07-06 14:37:56.8454 INFO Подключение прошло успешно.
2025-07-06 14:37:56.8454 INFO Извлечение данных
2025-07-06 14:37:56.8454 INFO Данные получены
2025-07-06 14:37:56.8454 INFO Корректные данные для считывания
2025-07-06 14:37:56.8454 INFO Успешная десериализация данных
2025-07-06 14:37:56.8454 INFO Добавлено 0 биржевых облигаций и акций Т-Техно ао из 2 других облигаций
2025-07-06 14:37:56.8454 INFO Подключение к данным по адресу: https://iss.moex.com/iss/emitters/770/securities.jsonp?iss.meta=off&iss.json=extended&callback=JSON_CALLBACK&lang=ru
2025-07-06 14:37:56.9235 INFO Подключение прошло успешно.
2025-07-06 14:37:56.9235 INFO Извлечение данных
2025-07-06 14:37:56.9235 INFO Данные получены
2025-07-06 14:37:56.9235 INFO Корректные данные для считывания
2025-07-06 14:37:56.9235 INFO Успешная десериализация данных
2025-07-06 14:37:56.9235 INFO Добавлено 0 биржевых облигаций и акций ЛУКОЙЛ из 7 других облигаций
2025-07-06 14:37:56.9235 INFO Подключение к данным по адресу: https://iss.moex.com/iss/emitters/1074/securities.jsonp?iss.meta=off&iss.json=extended&callback=JSON_CALLBACK&lang=ru
2025-07-06 14:37:56.9704 INFO Подключение прошло успешно.
2025-07-06 14:37:56.9704 INFO Извлечение данных
2025-07-06 14:37:56.9704 INFO Данные получены
2025-07-06 14:37:56.9704 INFO Корректные данные для считывания
2025-07-06 14:37:56.9704 INFO Успешная десериализация данных
2025-07-06 14:37:56.9704 INFO Добавлено 4 биржевых облигаций и акций Новатэк ао из 7 других облигаций
2025-07-06 14:37:56.9704 INFO Подключение к данным по адресу: https://iss.moex.com/iss/emitters/9848/securities.jsonp?iss.meta=off&iss.json=extended&callback=JSON_CALLBACK&lang=ru
2025-07-06 14:37:57.0329 INFO Подключение прошло успешно.
2025-07-06 14:37:57.0329 INFO Извлечение данных
2025-07-06 14:37:57.0329 INFO Данные получены
2025-07-06 14:37:57.0329 INFO Корректные данные для считывания
2025-07-06 14:37:57.0329 INFO Успешная десериализация данных
2025-07-06 14:37:57.0329 INFO Добавлено 10 биржевых облигаций и акций Самолет ао из 13 других облигаций
2025-07-06 14:37:57.0329 INFO Подключение к данным по адресу: https://iss.moex.com/iss/emitters/739/securities.jsonp?iss.meta=off&iss.json=extended&callback=JSON_CALLBACK&lang=ru
2025-07-06 14:37:57.0797 INFO Подключение прошло успешно.
2025-07-06 14:37:57.0797 INFO Извлечение данных
2025-07-06 14:37:57.0797 INFO Данные получены
2025-07-06 14:37:57.0954 INFO Корректные данные для считывания
2025-07-06 14:37:57.0954 INFO Успешная десериализация данных
2025-07-06 14:37:57.0954 INFO Добавлено 1 биржевых облигаций и акций ПИК ао из 4 других облигаций
2025-07-06 14:37:57.0954 INFO Подключение к данным по адресу: https://iss.moex.com/iss/emitters/10712/securities.jsonp?iss.meta=off&iss.json=extended&callback=JSON_CALLBACK&lang=ru
2025-07-06 14:37:57.1422 INFO Подключение прошло успешно.
2025-07-06 14:37:57.1422 INFO Извлечение данных
2025-07-06 14:37:57.1422 INFO Данные получены
2025-07-06 14:37:57.1422 INFO Корректные данные для считывания
2025-07-06 14:37:57.1422 INFO Успешная десериализация данных
2025-07-06 14:37:57.1422 INFO Добавлено 0 биржевых облигаций и акций КЦ ИКС 5 из 2 других облигаций
2025-07-06 14:37:57.1422 INFO Подключение к данным по адресу: https://iss.moex.com/iss/emitters/1399/securities.jsonp?iss.meta=off&iss.json=extended&callback=JSON_CALLBACK&lang=ru
2025-07-06 14:37:57.2204 INFO Подключение прошло успешно.
2025-07-06 14:37:57.2204 INFO Извлечение данных
2025-07-06 14:37:57.2204 INFO Данные получены
2025-07-06 14:37:57.2204 INFO Корректные данные для считывания
2025-07-06 14:37:57.2204 INFO Успешная десериализация данных
2025-07-06 14:37:57.2204 INFO Добавлено 11 биржевых облигаций и акций ГМКНорНик из 15 других облигаций
2025-07-06 14:37:57.2204 INFO Подключение к данным по адресу: https://iss.moex.com/iss/emitters/15523/securities.jsonp?iss.meta=off&iss.json=extended&callback=JSON_CALLBACK&lang=ru
2025-07-06 14:37:57.2672 INFO Подключение прошло успешно.
2025-07-06 14:37:57.2672 INFO Извлечение данных
2025-07-06 14:37:57.2672 INFO Данные получены
2025-07-06 14:37:57.2672 INFO Корректные данные для считывания
2025-07-06 14:37:57.2672 INFO Успешная десериализация данных
2025-07-06 14:37:57.2672 INFO Добавлено 1 биржевых облигаций и акций ЯНДЕКС из 3 других облигаций
2025-07-06 14:37:57.2672 INFO Подключение к данным по адресу: https://iss.moex.com/iss/emitters/12604/securities.jsonp?iss.meta=off&iss.json=extended&callback=JSON_CALLBACK&lang=ru
2025-07-06 14:37:57.3454 INFO Подключение прошло успешно.
2025-07-06 14:37:57.3454 INFO Извлечение данных
2025-07-06 14:37:57.3454 INFO Данные получены
2025-07-06 14:37:57.3454 INFO Корректные данные для считывания
2025-07-06 14:37:57.3454 INFO Успешная десериализация данных
2025-07-06 14:37:57.3454 INFO Добавлено 3 биржевых облигаций и акций iПозитив из 5 других облигаций
2025-07-06 14:37:57.3454 INFO Подключение к данным по адресу: https://iss.moex.com/iss/emitters/1158/securities.jsonp?iss.meta=off&iss.json=extended&callback=JSON_CALLBACK&lang=ru
2025-07-06 14:37:57.3922 INFO Подключение прошло успешно.
2025-07-06 14:37:57.3922 INFO Извлечение данных
2025-07-06 14:37:57.3922 INFO Данные получены
2025-07-06 14:37:57.3922 INFO Корректные данные для считывания
2025-07-06 14:37:57.3922 INFO Успешная десериализация данных
2025-07-06 14:37:57.3922 INFO Добавлено 4 биржевых облигаций и акций Полюс из 8 других облигаций
2025-07-06 14:37:57.3922 INFO Подключение к данным по адресу: https://iss.moex.com/iss/emitters/886/securities.jsonp?iss.meta=off&iss.json=extended&callback=JSON_CALLBACK&lang=ru
2025-07-06 14:37:57.4391 INFO Подключение прошло успешно.
2025-07-06 14:37:57.4391 INFO Извлечение данных
2025-07-06 14:37:57.4391 INFO Данные получены
2025-07-06 14:37:57.4391 INFO Корректные данные для считывания
2025-07-06 14:37:57.4391 INFO Успешная десериализация данных
2025-07-06 14:37:57.4391 INFO Добавлено 8 биржевых облигаций и акций Магнит ао из 11 других облигаций
2025-07-06 14:37:57.4391 INFO Подключение к данным по адресу: https://iss.moex.com/iss/emitters/651/securities.jsonp?iss.meta=off&iss.json=extended&callback=JSON_CALLBACK&lang=ru
2025-07-06 14:37:57.5223 INFO Подключение прошло успешно.
2025-07-06 14:37:57.5223 INFO Извлечение данных
2025-07-06 14:37:57.5223 INFO Данные получены
2025-07-06 14:37:57.5223 INFO Корректные данные для считывания
2025-07-06 14:37:57.5223 INFO Успешная десериализация данных
2025-07-06 14:37:57.5223 INFO Добавлено 25 биржевых облигаций и акций Роснефть из 28 других облигаций
2025-07-06 14:37:57.5223 INFO Подключение к данным по адресу: https://iss.moex.com/iss/emitters/10761/securities.jsonp?iss.meta=off&iss.json=extended&callback=JSON_CALLBACK&lang=ru
2025-07-06 14:37:57.5692 INFO Подключение прошло успешно.
2025-07-06 14:37:57.5692 INFO Извлечение данных
2025-07-06 14:37:57.5692 INFO Данные получены
2025-07-06 14:37:57.5692 INFO Корректные данные для считывания
2025-07-06 14:37:57.5692 INFO Успешная десериализация данных
2025-07-06 14:37:57.5692 INFO Добавлено 0 биржевых облигаций и акций МКПАО "ВК" из 3 других облигаций
2025-07-06 14:37:57.5692 INFO Подключение к данным по адресу: https://iss.moex.com/iss/emitters/1242/securities.jsonp?iss.meta=off&iss.json=extended&callback=JSON_CALLBACK&lang=ru
2025-07-06 14:37:57.6317 INFO Подключение прошло успешно.
2025-07-06 14:37:57.6317 INFO Извлечение данных
2025-07-06 14:37:57.6317 INFO Данные получены
2025-07-06 14:37:57.6317 INFO Корректные данные для считывания
2025-07-06 14:37:57.6317 INFO Успешная десериализация данных
2025-07-06 14:37:57.6317 INFO Добавлено 2 биржевых облигаций и акций Аэрофлот из 4 других облигаций
2025-07-06 14:37:57.6317 INFO Все данные успешно считаны. 494 биржевых облигаций и акций из 1010 разных типов облигаций
2025-07-06 14:37:57.6317 INFO Запись в файл: D:\Алексей\github\ExchangeParsing_DB\ExchangeParsing\ExchangeParsing\bin\Debug\MoscowExchange\Bonds\Bond_06.07.2025.csv
2025-07-06 14:37:57.6317 INFO Данные записаны.
2025-07-06 14:37:57.6317 INFO Добавление полученных данных в БД
2025-07-06 14:37:57.6317 INFO Подключение к БД прошло успешно
2025-07-06 14:37:57.6786 INFO Обработано акций: 17 (добавлено: 0, обновлено: 17)
2025-07-06 14:37:58.0697 INFO Добавлено 0 облигаций
2025-07-06 14:37:58.0697 INFO Приложение завершило работу
2025-07-06 14:38:45.4218 INFO Приложение запущено
2025-07-06 14:38:45.4999 INFO Отправка данных на сервер
2025-07-06 14:38:45.7187 INFO Получение данных из файла Address.csv
2025-07-06 14:38:45.7187 INFO Получение данных из файла Client.csv
2025-07-06 14:38:48.1209 INFO Данные адресов добавлены в БД
2025-07-06 14:38:48.1834 INFO Данные клиентов добавлены в БД
2025-07-06 14:38:48.1834 INFO Данные успешно отправлены на сервер
2025-07-06 14:38:48.1834 INFO Процесс получения курса валют запущен
2025-07-06 14:38:48.1834 INFO Подключение к данным по адресу: https://www.cbr.ru/currency_base/daily/?UniDbQuery.Posted=True&UniDbQuery.To=06.07.2025
2025-07-06 14:38:48.5272 INFO Подключение прошло успешно. OK
2025-07-06 14:38:48.5584 INFO Извлечение данных
2025-07-06 14:38:48.5741 INFO Данные успешно получены. Количество: 43
2025-07-06 14:38:48.5741 INFO Запись в файл по пути: D:\Алексей\github\ExchangeParsing_DB\ExchangeParsing\ExchangeParsing\bin\Debug\CentralBank\Rate_06.07.2025.csv
2025-07-06 14:38:48.5741 INFO Данные записаны в файл. Количество 43 из 43
2025-07-06 14:38:48.5741 INFO Добавление полученных данных в БД
2025-07-06 14:38:48.6053 INFO Подключение к БД прошло успешно
2025-07-06 14:38:48.7772 INFO Успешно добавлено 43 валют
2025-07-06 14:38:48.7772 INFO Данные успешно отправлены на сервер
2025-07-06 14:38:48.7772 INFO Получение данных из файла SecurityPortfolio.csv
2025-07-06 14:38:48.7928 INFO Получение данных из файла Portfolio_Currency.csv
2025-07-06 14:38:50.1522 INFO Данные о портфелях добавлены
2025-07-06 14:38:50.1678 INFO Данные о связях между портфелями и валютами добавлены
2025-07-06 14:38:50.1678 INFO Запущен процесс получения акций
2025-07-06 14:38:50.1678 INFO Подключение к данным по адресу: https://iss.moex.com/iss/engines/stock/markets/shares/boards/tqbr/securities.json?iss.only=marketdata&iss.meta=off&iss.json=extended&marketdata.columns=SECID%2CLAST%2CLASTTOPREVPRICE&sort_column=VALTODAY&sort_order=desc&first=18
2025-07-06 14:38:50.3241 INFO Извлечение данных
2025-07-06 14:38:50.4491 INFO Данные получены
2025-07-06 14:38:50.4647 INFO Корректные данные для считывания
2025-07-06 14:38:50.5116 INFO Успешная десериализация данных
2025-07-06 14:38:50.5116 INFO Запись в файл: D:\Алексей\github\ExchangeParsing_DB\ExchangeParsing\ExchangeParsing\bin\Debug\MoscowExchange\Stocks\Stock_06.07.2025.csv
2025-07-06 14:38:50.5116 INFO Данные записаны: 18 акций
2025-07-06 14:38:50.5272 INFO Запущен процесс получения облигаций
2025-07-06 14:38:50.5272 INFO Подключение к данным по адресу: https://iss.moex.com/iss/emitters/484/securities.jsonp?iss.meta=off&iss.json=extended&callback=JSON_CALLBACK&lang=ru
2025-07-06 14:38:50.8710 INFO Подключение прошло успешно.
2025-07-06 14:38:50.8710 INFO Извлечение данных
2025-07-06 14:38:50.8710 INFO Данные получены
2025-07-06 14:38:50.8710 INFO Корректные данные для считывания
2025-07-06 14:38:50.8866 INFO Успешная десериализация данных
2025-07-06 14:38:50.9022 INFO Добавлено 361 биржевых облигаций и акций Сбербанк из 367 других облигаций
2025-07-06 14:38:50.9022 INFO Подключение к данным по адресу: https://iss.moex.com/iss/emitters/269/securities.jsonp?iss.meta=off&iss.json=extended&callback=JSON_CALLBACK&lang=ru
2025-07-06 14:38:53.6100 INFO Подключение прошло успешно.
2025-07-06 14:38:53.6100 INFO Извлечение данных
2025-07-06 14:38:53.6100 INFO Данные получены
2025-07-06 14:38:53.6257 INFO Корректные данные для считывания
2025-07-06 14:38:53.6257 INFO Успешная десериализация данных
2025-07-06 14:38:53.6257 INFO Добавлено 57 биржевых облигаций и акций ВТБ ао из 521 других облигаций
2025-07-06 14:38:53.6257 INFO Подключение к данным по адресу: https://iss.moex.com/iss/emitters/3588/securities.jsonp?iss.meta=off&iss.json=extended&callback=JSON_CALLBACK&lang=ru
2025-07-06 14:38:53.6725 INFO Подключение прошло успешно.
2025-07-06 14:38:53.6725 INFO Извлечение данных
2025-07-06 14:38:53.6725 INFO Данные получены
2025-07-06 14:38:53.6725 INFO Корректные данные для считывания
2025-07-06 14:38:53.6725 INFO Успешная десериализация данных
2025-07-06 14:38:53.6725 INFO Добавлено 2 биржевых облигаций и акций ЮГК из 3 других облигаций
2025-07-06 14:38:53.6725 INFO Подключение к данным по адресу: https://iss.moex.com/iss/emitters/711/securities.jsonp?iss.meta=off&iss.json=extended&callback=JSON_CALLBACK&lang=ru
2025-07-06 14:38:53.7350 INFO Подключение прошло успешно.
2025-07-06 14:38:53.7350 INFO Извлечение данных
2025-07-06 14:38:53.7350 INFO Данные получены
2025-07-06 14:38:53.7350 INFO Корректные данные для считывания
2025-07-06 14:38:53.7350 INFO Успешная десериализация данных
2025-07-06 14:38:53.7350 INFO Добавлено 5 биржевых облигаций и акций ГАЗПРОМ ао из 7 других облигаций
2025-07-06 14:38:53.7350 INFO Подключение к данным по адресу: https://iss.moex.com/iss/emitters/10763/securities.jsonp?iss.meta=off&iss.json=extended&callback=JSON_CALLBACK&lang=ru
2025-07-06 14:38:53.7975 INFO Подключение прошло успешно.
2025-07-06 14:38:53.7975 INFO Извлечение данных
2025-07-06 14:38:53.7975 INFO Данные получены
2025-07-06 14:38:53.7975 INFO Корректные данные для считывания
2025-07-06 14:38:53.7975 INFO Успешная десериализация данных
2025-07-06 14:38:53.7975 INFO Добавлено 0 биржевых облигаций и акций Т-Техно ао из 2 других облигаций
2025-07-06 14:38:53.7975 INFO Подключение к данным по адресу: https://iss.moex.com/iss/emitters/770/securities.jsonp?iss.meta=off&iss.json=extended&callback=JSON_CALLBACK&lang=ru
2025-07-06 14:38:53.8444 INFO Подключение прошло успешно.
2025-07-06 14:38:53.8444 INFO Извлечение данных
2025-07-06 14:38:53.8600 INFO Данные получены
2025-07-06 14:38:53.8600 INFO Корректные данные для считывания
2025-07-06 14:38:53.8600 INFO Успешная десериализация данных
2025-07-06 14:38:53.8600 INFO Добавлено 0 биржевых облигаций и акций ЛУКОЙЛ из 7 других облигаций
2025-07-06 14:38:53.8600 INFO Подключение к данным по адресу: https://iss.moex.com/iss/emitters/1074/securities.jsonp?iss.meta=off&iss.json=extended&callback=JSON_CALLBACK&lang=ru
2025-07-06 14:38:53.9069 INFO Подключение прошло успешно.
2025-07-06 14:38:53.9069 INFO Извлечение данных
2025-07-06 14:38:53.9069 INFO Данные получены
2025-07-06 14:38:53.9069 INFO Корректные данные для считывания
2025-07-06 14:38:53.9069 INFO Успешная десериализация данных
2025-07-06 14:38:53.9069 INFO Добавлено 4 биржевых облигаций и акций Новатэк ао из 7 других облигаций
2025-07-06 14:38:53.9069 INFO Подключение к данным по адресу: https://iss.moex.com/iss/emitters/9848/securities.jsonp?iss.meta=off&iss.json=extended&callback=JSON_CALLBACK&lang=ru
2025-07-06 14:38:53.9694 INFO Подключение прошло успешно.
2025-07-06 14:38:53.9694 INFO Извлечение данных
2025-07-06 14:38:53.9694 INFO Данные получены
2025-07-06 14:38:53.9694 INFO Корректные данные для считывания
2025-07-06 14:38:53.9694 INFO Успешная десериализация данных
2025-07-06 14:38:53.9694 INFO Добавлено 10 биржевых облигаций и акций Самолет ао из 13 других облигаций
2025-07-06 14:38:53.9694 INFO Подключение к данным по адресу: https://iss.moex.com/iss/emitters/739/securities.jsonp?iss.meta=off&iss.json=extended&callback=JSON_CALLBACK&lang=ru
2025-07-06 14:38:54.0163 INFO Подключение прошло успешно.
2025-07-06 14:38:54.0163 INFO Извлечение данных
2025-07-06 14:38:54.0163 INFO Данные получены
2025-07-06 14:38:54.0163 INFO Корректные данные для считывания
2025-07-06 14:38:54.0163 INFO Успешная десериализация данных
2025-07-06 14:38:54.0163 INFO Добавлено 1 биржевых облигаций и акций ПИК ао из 4 других облигаций
2025-07-06 14:38:54.0163 INFO Подключение к данным по адресу: https://iss.moex.com/iss/emitters/10712/securities.jsonp?iss.meta=off&iss.json=extended&callback=JSON_CALLBACK&lang=ru
2025-07-06 14:38:54.0632 INFO Подключение прошло успешно.
2025-07-06 14:38:54.0632 INFO Извлечение данных
2025-07-06 14:38:54.0632 INFO Данные получены
2025-07-06 14:38:54.0632 INFO Корректные данные для считывания
2025-07-06 14:38:54.0632 INFO Успешная десериализация данных
2025-07-06 14:38:54.0632 INFO Добавлено 0 биржевых облигаций и акций КЦ ИКС 5 из 2 других облигаций
2025-07-06 14:38:54.0632 INFO Подключение к данным по адресу: https://iss.moex.com/iss/emitters/1399/securities.jsonp?iss.meta=off&iss.json=extended&callback=JSON_CALLBACK&lang=ru
2025-07-06 14:38:54.1100 INFO Подключение прошло успешно.
2025-07-06 14:38:54.1100 INFO Извлечение данных
2025-07-06 14:38:54.1100 INFO Данные получены
2025-07-06 14:38:54.1100 INFO Корректные данные для считывания
2025-07-06 14:38:54.1100 INFO Успешная десериализация данных
2025-07-06 14:38:54.1100 INFO Добавлено 11 биржевых облигаций и акций ГМКНорНик из 15 других облигаций
2025-07-06 14:38:54.1100 INFO Подключение к данным по адресу: https://iss.moex.com/iss/emitters/15523/securities.jsonp?iss.meta=off&iss.json=extended&callback=JSON_CALLBACK&lang=ru
2025-07-06 14:38:54.1569 INFO Подключение прошло успешно.
2025-07-06 14:38:54.1569 INFO Извлечение данных
2025-07-06 14:38:54.1569 INFO Данные получены
2025-07-06 14:38:54.1569 INFO Корректные данные для считывания
2025-07-06 14:38:54.1725 INFO Успешная десериализация данных
2025-07-06 14:38:54.1725 INFO Добавлено 1 биржевых облигаций и акций ЯНДЕКС из 3 других облигаций
2025-07-06 14:38:54.1725 INFO Подключение к данным по адресу: https://iss.moex.com/iss/emitters/12604/securities.jsonp?iss.meta=off&iss.json=extended&callback=JSON_CALLBACK&lang=ru
2025-07-06 14:38:54.2038 INFO Подключение прошло успешно.
2025-07-06 14:38:54.2194 INFO Извлечение данных
2025-07-06 14:38:54.2194 INFO Данные получены
2025-07-06 14:38:54.2194 INFO Корректные данные для считывания
2025-07-06 14:38:54.2194 INFO Успешная десериализация данных
2025-07-06 14:38:54.2194 INFO Добавлено 3 биржевых облигаций и акций iПозитив из 5 других облигаций
2025-07-06 14:38:54.2194 INFO Подключение к данным по адресу: https://iss.moex.com/iss/emitters/1158/securities.jsonp?iss.meta=off&iss.json=extended&callback=JSON_CALLBACK&lang=ru
2025-07-06 14:38:54.2663 INFO Подключение прошло успешно.
2025-07-06 14:38:54.2663 INFO Извлечение данных
2025-07-06 14:38:54.2663 INFO Данные получены
2025-07-06 14:38:54.2663 INFO Корректные данные для считывания
2025-07-06 14:38:54.2663 INFO Успешная десериализация данных
2025-07-06 14:38:54.2663 INFO Добавлено 4 биржевых облигаций и акций Полюс из 8 других облигаций
2025-07-06 14:38:54.2663 INFO Подключение к данным по адресу: https://iss.moex.com/iss/emitters/886/securities.jsonp?iss.meta=off&iss.json=extended&callback=JSON_CALLBACK&lang=ru
2025-07-06 14:38:54.3132 INFO Подключение прошло успешно.
2025-07-06 14:38:54.3132 INFO Извлечение данных
2025-07-06 14:38:54.3132 INFO Данные получены
2025-07-06 14:38:54.3132 INFO Корректные данные для считывания
2025-07-06 14:38:54.3132 INFO Успешная десериализация данных
2025-07-06 14:38:54.3132 INFO Добавлено 8 биржевых облигаций и акций Магнит ао из 11 других облигаций
2025-07-06 14:38:54.3132 INFO Подключение к данным по адресу: https://iss.moex.com/iss/emitters/651/securities.jsonp?iss.meta=off&iss.json=extended&callback=JSON_CALLBACK&lang=ru
2025-07-06 14:38:54.3757 INFO Подключение прошло успешно.
2025-07-06 14:38:54.3757 INFO Извлечение данных
2025-07-06 14:38:54.3757 INFO Данные получены
2025-07-06 14:38:54.3757 INFO Корректные данные для считывания
2025-07-06 14:38:54.3757 INFO Успешная десериализация данных
2025-07-06 14:38:54.3757 INFO Добавлено 25 биржевых облигаций и акций Роснефть из 28 других облигаций
2025-07-06 14:38:54.3757 INFO Подключение к данным по адресу: https://iss.moex.com/iss/emitters/10761/securities.jsonp?iss.meta=off&iss.json=extended&callback=JSON_CALLBACK&lang=ru
2025-07-06 14:38:54.4382 INFO Подключение прошло успешно.
2025-07-06 14:38:54.4382 INFO Извлечение данных
2025-07-06 14:38:54.4382 INFO Данные получены
2025-07-06 14:38:54.4382 INFO Корректные данные для считывания
2025-07-06 14:38:54.4382 INFO Успешная десериализация данных
2025-07-06 14:38:54.4382 INFO Добавлено 0 биржевых облигаций и акций МКПАО "ВК" из 3 других облигаций
2025-07-06 14:38:54.4382 INFO Подключение к данным по адресу: https://iss.moex.com/iss/emitters/1242/securities.jsonp?iss.meta=off&iss.json=extended&callback=JSON_CALLBACK&lang=ru
2025-07-06 14:38:54.4850 INFO Подключение прошло успешно.
2025-07-06 14:38:54.4850 INFO Извлечение данных
2025-07-06 14:38:54.4850 INFO Данные получены
2025-07-06 14:38:54.4850 INFO Корректные данные для считывания
2025-07-06 14:38:54.4850 INFO Успешная десериализация данных
2025-07-06 14:38:54.4850 INFO Добавлено 2 биржевых облигаций и акций Аэрофлот из 4 других облигаций
2025-07-06 14:38:54.4850 INFO Все данные успешно считаны. 494 биржевых облигаций и акций из 1010 разных типов облигаций
2025-07-06 14:38:54.4850 INFO Запись в файл: D:\Алексей\github\ExchangeParsing_DB\ExchangeParsing\ExchangeParsing\bin\Debug\MoscowExchange\Bonds\Bond_06.07.2025.csv
2025-07-06 14:38:54.4850 INFO Данные записаны.
2025-07-06 14:38:54.4850 INFO Добавление полученных данных в БД
2025-07-06 14:38:54.5163 INFO Подключение к БД прошло успешно
2025-07-06 14:38:54.5632 INFO Обработано акций: 18 (добавлено: 18, обновлено: 0)
2025-07-06 14:38:54.9069 INFO Добавлено 0 облигаций
2025-07-06 14:38:54.9069 INFO Приложение завершило работу
2025-07-06 14:50:36.8384 INFO Приложение запущено
2025-07-06 14:50:36.9009 INFO Отправка данных на сервер
2025-07-06 14:50:37.1040 INFO Получение данных из файла Address.csv
2025-07-06 14:50:37.1040 INFO Получение данных из файла Client.csv
2025-07-06 14:50:39.4508 INFO Данные адресов добавлены в БД
2025-07-06 14:50:39.5133 INFO Данные клиентов добавлены в БД
2025-07-06 14:50:39.5133 INFO Данные успешно отправлены на сервер
2025-07-06 14:50:39.5133 INFO Процесс получения курса валют запущен
2025-07-06 14:50:39.5133 INFO Подключение к данным по адресу: https://www.cbr.ru/currency_base/daily/?UniDbQuery.Posted=True&UniDbQuery.To=06.07.2025
2025-07-06 14:50:39.8102 INFO Подключение прошло успешно. OK
2025-07-06 14:50:39.8415 INFO Извлечение данных
2025-07-06 14:50:39.8415 INFO Данные успешно получены. Количество: 43
2025-07-06 14:50:39.8415 INFO Запись в файл по пути: D:\Алексей\github\ExchangeParsing_DB\ExchangeParsing\ExchangeParsing\bin\Debug\CentralBank\Rate_06.07.2025.csv
2025-07-06 14:50:39.8571 INFO Данные записаны в файл. Количество 43 из 43
2025-07-06 14:50:39.8571 INFO Добавление полученных данных в БД
2025-07-06 14:50:39.8571 INFO Подключение к БД прошло успешно
2025-07-06 14:50:40.0446 INFO Успешно добавлено 43 валют
2025-07-06 14:50:40.0446 INFO Данные успешно отправлены на сервер
2025-07-06 14:50:40.0446 INFO Получение данных из файла SecurityPortfolio.csv
2025-07-06 14:50:40.0446 INFO Получение данных из файла Portfolio_Currency.csv
2025-07-06 14:50:41.4518 INFO Данные о портфелях добавлены
2025-07-06 14:50:41.4674 INFO Данные о связях между портфелями и валютами добавлены
2025-07-06 14:50:41.4674 INFO Запущен процесс получения акций
2025-07-06 14:50:41.4674 INFO Подключение к данным по адресу: https://iss.moex.com/iss/engines/stock/markets/shares/boards/tqbr/securities.json?iss.only=marketdata&iss.meta=off&iss.json=extended&marketdata.columns=SECID%2CLAST%2CLASTTOPREVPRICE&sort_column=VALTODAY&sort_order=desc&first=18
2025-07-06 14:50:41.6393 INFO Извлечение данных
2025-07-06 14:50:41.7799 INFO Данные получены
2025-07-06 14:50:41.7956 INFO Корректные данные для считывания
2025-07-06 14:50:41.8424 INFO Успешная десериализация данных
2025-07-06 14:50:41.8424 INFO Запись в файл: D:\Алексей\github\ExchangeParsing_DB\ExchangeParsing\ExchangeParsing\bin\Debug\MoscowExchange\Stocks\Stock_06.07.2025.csv
2025-07-06 14:50:41.8737 ERROR minValue не может быть больше maxValue.
Имя параметра: minValue
2025-07-06 14:50:41.8737 INFO Запущен процесс получения облигаций
2025-07-06 14:50:41.8893 ERROR Количество акций изменилось (0). Можно получить облигации лишь 18 акций.
2025-07-06 14:50:41.8893 INFO Добавление полученных данных в БД
2025-07-06 14:50:41.8893 INFO Подключение к БД прошло успешно
2025-07-06 14:50:41.8893 ERROR Данные об акциях пустые и не могут быть добавлены в таблицу 'Stocks'.
2025-07-06 14:50:41.8893 INFO Приложение завершило работу
2025-07-06 14:51:22.5459 INFO Приложение запущено
2025-07-06 14:51:22.6357 INFO Отправка данных на сервер
2025-07-06 14:51:22.8857 INFO Получение данных из файла Address.csv
2025-07-06 14:51:22.8857 INFO Получение данных из файла Client.csv
2025-07-06 14:51:25.2891 INFO Данные адресов добавлены в БД
2025-07-06 14:51:25.3542 INFO Данные клиентов добавлены в БД
2025-07-06 14:51:25.3542 INFO Данные успешно отправлены на сервер
2025-07-06 14:51:25.3542 INFO Процесс получения курса валют запущен
2025-07-06 14:51:25.3698 INFO Подключение к данным по адресу: https://www.cbr.ru/currency_base/daily/?UniDbQuery.Posted=True&UniDbQuery.To=06.07.2025
2025-07-06 14:51:25.6511 INFO Подключение прошло успешно. OK
2025-07-06 14:51:25.6979 INFO Извлечение данных
2025-07-06 14:51:25.6979 INFO Данные успешно получены. Количество: 43
2025-07-06 14:51:25.6979 INFO Запись в файл по пути: D:\Алексей\github\ExchangeParsing_DB\ExchangeParsing\ExchangeParsing\bin\Debug\CentralBank\Rate_06.07.2025.csv
2025-07-06 14:51:25.6979 INFO Данные записаны в файл. Количество 43 из 43
2025-07-06 14:51:25.7136 INFO Добавление полученных данных в БД
2025-07-06 14:51:25.7136 INFO Подключение к БД прошло успешно
2025-07-06 14:51:25.8854 INFO Успешно добавлено 43 валют
2025-07-06 14:51:25.8854 INFO Данные успешно отправлены на сервер
2025-07-06 14:51:25.9011 INFO Получение данных из файла SecurityPortfolio.csv
2025-07-06 14:51:25.9011 INFO Получение данных из файла Portfolio_Currency.csv
2025-07-06 14:51:36.9739 INFO Данные о портфелях добавлены
2025-07-06 14:51:36.9895 INFO Данные о связях между портфелями и валютами добавлены
2025-07-06 14:51:36.9895 INFO Запущен процесс получения акций
2025-07-06 14:51:36.9895 INFO Подключение к данным по адресу: https://iss.moex.com/iss/engines/stock/markets/shares/boards/tqbr/securities.json?iss.only=marketdata&iss.meta=off&iss.json=extended&marketdata.columns=SECID%2CLAST%2CLASTTOPREVPRICE&sort_column=VALTODAY&sort_order=desc&first=18
2025-07-06 14:51:37.1145 INFO Извлечение данных
2025-07-06 14:51:37.2552 INFO Данные получены
2025-07-06 14:51:37.2708 INFO Корректные данные для считывания
2025-07-06 14:51:37.3202 INFO Успешная десериализация данных
2025-07-06 14:51:37.3202 INFO Запись в файл: D:\Алексей\github\ExchangeParsing_DB\ExchangeParsing\ExchangeParsing\bin\Debug\MoscowExchange\Stocks\Stock_06.07.2025.csv
2025-07-06 14:51:37.3342 ERROR minValue не может быть больше maxValue.
Имя параметра: minValue
2025-07-06 14:51:37.3342 INFO Запущен процесс получения облигаций
2025-07-06 14:51:37.3342 ERROR Количество акций изменилось (0). Можно получить облигации лишь 18 акций.
2025-07-06 14:51:37.3499 INFO Добавление полученных данных в БД
2025-07-06 14:51:37.3499 INFO Подключение к БД прошло успешно
2025-07-06 14:51:37.3499 ERROR Данные об акциях пустые и не могут быть добавлены в таблицу 'Stocks'.
2025-07-06 14:51:37.3499 INFO Приложение завершило работу
2025-07-06 14:52:02.4056 INFO Приложение запущено
2025-07-06 14:52:02.4736 INFO Отправка данных на сервер
2025-07-06 14:52:02.7236 INFO Получение данных из файла Address.csv
2025-07-06 14:52:02.7236 INFO Получение данных из файла Client.csv
2025-07-06 14:52:05.1247 INFO Данные адресов добавлены в БД
2025-07-06 14:52:05.1872 INFO Данные клиентов добавлены в БД
2025-07-06 14:52:05.1872 INFO Данные успешно отправлены на сервер
2025-07-06 14:52:05.1872 INFO Процесс получения курса валют запущен
2025-07-06 14:52:05.1872 INFO Подключение к данным по адресу: https://www.cbr.ru/currency_base/daily/?UniDbQuery.Posted=True&UniDbQuery.To=06.07.2025
2025-07-06 14:52:05.4858 INFO Подключение прошло успешно. OK
2025-07-06 14:52:05.5171 INFO Извлечение данных
2025-07-06 14:52:05.5327 INFO Данные успешно получены. Количество: 43
2025-07-06 14:52:05.5327 INFO Запись в файл по пути: D:\Алексей\github\ExchangeParsing_DB\ExchangeParsing\ExchangeParsing\bin\Debug\CentralBank\Rate_06.07.2025.csv
2025-07-06 14:52:05.5327 INFO Данные записаны в файл. Количество 43 из 43
2025-07-06 14:52:05.5327 INFO Добавление полученных данных в БД
2025-07-06 14:52:05.5327 INFO Подключение к БД прошло успешно
2025-07-06 14:52:05.7202 INFO Успешно добавлено 43 валют
2025-07-06 14:52:05.7202 INFO Данные успешно отправлены на сервер
2025-07-06 14:52:05.7202 INFO Получение данных из файла SecurityPortfolio.csv
2025-07-06 14:52:05.7202 INFO Получение данных из файла Portfolio_Currency.csv
2025-07-06 14:52:45.2866 INFO Данные о портфелях добавлены
2025-07-06 14:52:45.3094 INFO Данные о связях между портфелями и валютами добавлены
2025-07-06 14:52:45.3114 INFO Запущен процесс получения акций
2025-07-06 14:52:45.3114 INFO Подключение к данным по адресу: https://iss.moex.com/iss/engines/stock/markets/shares/boards/tqbr/securities.json?iss.only=marketdata&iss.meta=off&iss.json=extended&marketdata.columns=SECID%2CLAST%2CLASTTOPREVPRICE&sort_column=VALTODAY&sort_order=desc&first=18
2025-07-06 14:52:45.4310 INFO Извлечение данных
2025-07-06 14:52:45.5716 INFO Данные получены
2025-07-06 14:52:45.5873 INFO Корректные данные для считывания
2025-07-06 14:52:45.6341 INFO Успешная десериализация данных
2025-07-06 14:52:45.6341 INFO Запись в файл: D:\Алексей\github\ExchangeParsing_DB\ExchangeParsing\ExchangeParsing\bin\Debug\MoscowExchange\Stocks\Stock_06.07.2025.csv
2025-07-06 15:03:25.1138 INFO Приложение запущено
2025-07-06 15:03:25.1763 INFO Отправка данных на сервер
2025-07-06 15:03:25.4053 INFO Получение данных из файла Address.csv
2025-07-06 15:03:25.4053 INFO Получение данных из файла Client.csv
2025-07-06 15:03:27.8915 INFO Данные адресов добавлены в БД
2025-07-06 15:03:27.9540 INFO Данные клиентов добавлены в БД
2025-07-06 15:03:27.9540 INFO Данные успешно отправлены на сервер
2025-07-06 15:03:27.9540 INFO Процесс получения курса валют запущен
2025-07-06 15:03:27.9540 INFO Подключение к данным по адресу: https://www.cbr.ru/currency_base/daily/?UniDbQuery.Posted=True&UniDbQuery.To=06.07.2025
2025-07-06 15:03:28.3300 INFO Подключение прошло успешно. OK
2025-07-06 15:03:28.3768 INFO Извлечение данных
2025-07-06 15:03:28.3768 INFO Данные успешно получены. Количество: 43
2025-07-06 15:03:28.3768 INFO Запись в файл по пути: D:\Алексей\github\ExchangeParsing_DB\ExchangeParsing\ExchangeParsing\bin\Debug\CentralBank\Rate_06.07.2025.csv
2025-07-06 15:03:28.3925 INFO Данные записаны в файл. Количество 43 из 43
2025-07-06 15:03:28.3925 INFO Добавление полученных данных в БД
2025-07-06 15:03:28.3925 INFO Подключение к БД прошло успешно
2025-07-06 15:03:28.5800 INFO Успешно добавлено 43 валют
2025-07-06 15:03:28.5800 INFO Данные успешно отправлены на сервер
2025-07-06 15:03:28.5800 INFO Получение данных из файла SecurityPortfolio.csv
2025-07-06 15:03:28.5800 INFO Получение данных из файла Portfolio_Currency.csv
2025-07-06 15:03:29.9506 INFO Данные о портфелях добавлены
2025-07-06 15:03:29.9663 INFO Данные о связях между портфелями и валютами добавлены
2025-07-06 15:03:29.9663 INFO Запущен процесс получения акций
2025-07-06 15:03:29.9663 INFO Подключение к данным по адресу: https://iss.moex.com/iss/engines/stock/markets/shares/boards/tqbr/securities.json?iss.only=marketdata&iss.meta=off&iss.json=extended&marketdata.columns=SECID%2CLAST%2CLASTTOPREVPRICE&sort_column=VALTODAY&sort_order=desc&first=18
2025-07-06 15:03:30.1328 INFO Извлечение данных
2025-07-06 15:03:30.2745 INFO Данные получены
2025-07-06 15:03:30.2745 INFO Корректные данные для считывания
2025-07-06 15:03:30.3313 INFO Успешная десериализация данных
2025-07-06 15:03:30.3313 INFO Запись в файл: D:\Алексей\github\ExchangeParsing_DB\ExchangeParsing\ExchangeParsing\bin\Debug\MoscowExchange\Stocks\Stock_06.07.2025.csv
2025-07-06 15:03:30.3313 INFO Данные записаны: 18 акций
2025-07-06 15:03:30.3469 INFO Запущен процесс получения облигаций
2025-07-06 15:03:30.3469 INFO Подключение к данным по адресу: https://iss.moex.com/iss/emitters/484/securities.jsonp?iss.meta=off&iss.json=extended&callback=JSON_CALLBACK&lang=ru
2025-07-06 15:03:30.7063 INFO Подключение прошло успешно.
2025-07-06 15:03:30.7219 INFO Извлечение данных
2025-07-06 15:03:30.7219 INFO Данные получены
2025-07-06 15:03:30.7219 INFO Корректные данные для считывания
2025-07-06 15:03:30.7375 INFO Успешная десериализация данных
2025-07-06 15:03:30.7375 INFO Добавлено 361 биржевых облигаций и акций Сбербанк из 367 других облигаций
2025-07-06 15:03:30.7375 INFO Подключение к данным по адресу: https://iss.moex.com/iss/emitters/269/securities.jsonp?iss.meta=off&iss.json=extended&callback=JSON_CALLBACK&lang=ru
2025-07-06 15:03:32.2080 INFO Подключение прошло успешно.
2025-07-06 15:03:32.2080 INFO Извлечение данных
2025-07-06 15:03:32.2080 INFO Данные получены
2025-07-06 15:03:32.2080 INFO Корректные данные для считывания
2025-07-06 15:03:32.2080 INFO Успешная десериализация данных
2025-07-06 15:03:32.2236 INFO Добавлено 57 биржевых облигаций и акций ВТБ ао из 521 других облигаций
2025-07-06 15:03:32.2236 INFO Подключение к данным по адресу: https://iss.moex.com/iss/emitters/3588/securities.jsonp?iss.meta=off&iss.json=extended&callback=JSON_CALLBACK&lang=ru
2025-07-06 15:03:32.2548 INFO Подключение прошло успешно.
2025-07-06 15:03:32.2548 INFO Извлечение данных
2025-07-06 15:03:32.2548 INFO Данные получены
2025-07-06 15:03:32.2548 INFO Корректные данные для считывания
2025-07-06 15:03:32.2548 INFO Успешная десериализация данных
2025-07-06 15:03:32.2548 INFO Добавлено 2 биржевых облигаций и акций ЮГК из 3 других облигаций
2025-07-06 15:03:32.2548 INFO Подключение к данным по адресу: https://iss.moex.com/iss/emitters/711/securities.jsonp?iss.meta=off&iss.json=extended&callback=JSON_CALLBACK&lang=ru
2025-07-06 15:03:32.3042 INFO Подключение прошло успешно.
2025-07-06 15:03:32.3042 INFO Извлечение данных
2025-07-06 15:03:32.3042 INFO Данные получены
2025-07-06 15:03:32.3042 INFO Корректные данные для считывания
2025-07-06 15:03:32.3042 INFO Успешная десериализация данных
2025-07-06 15:03:32.3042 INFO Добавлено 5 биржевых облигаций и акций ГАЗПРОМ ао из 7 других облигаций
2025-07-06 15:03:32.3042 INFO Подключение к данным по адресу: https://iss.moex.com/iss/emitters/10763/securities.jsonp?iss.meta=off&iss.json=extended&callback=JSON_CALLBACK&lang=ru
2025-07-06 15:03:32.3652 INFO Подключение прошло успешно.
2025-07-06 15:03:32.3652 INFO Извлечение данных
2025-07-06 15:03:32.3652 INFO Данные получены
2025-07-06 15:03:32.3652 INFO Корректные данные для считывания
2025-07-06 15:03:32.3652 INFO Успешная десериализация данных
2025-07-06 15:03:32.3652 INFO Добавлено 0 биржевых облигаций и акций Т-Техно ао из 2 других облигаций
2025-07-06 15:03:32.3652 INFO Подключение к данным по адресу: https://iss.moex.com/iss/emitters/770/securities.jsonp?iss.meta=off&iss.json=extended&callback=JSON_CALLBACK&lang=ru
2025-07-06 15:03:32.4121 INFO Подключение прошло успешно.
2025-07-06 15:03:32.4121 INFO Извлечение данных
2025-07-06 15:03:32.4121 INFO Данные получены
2025-07-06 15:03:32.4121 INFO Корректные данные для считывания
2025-07-06 15:03:32.4121 INFO Успешная десериализация данных
2025-07-06 15:03:32.4121 INFO Добавлено 0 биржевых облигаций и акций ЛУКОЙЛ из 7 других облигаций
2025-07-06 15:03:32.4121 INFO Подключение к данным по адресу: https://iss.moex.com/iss/emitters/1074/securities.jsonp?iss.meta=off&iss.json=extended&callback=JSON_CALLBACK&lang=ru
2025-07-06 15:03:32.4455 INFO Подключение прошло успешно.
2025-07-06 15:03:32.4455 INFO Извлечение данных
2025-07-06 15:03:32.4455 INFO Данные получены
2025-07-06 15:03:32.4455 INFO Корректные данные для считывания
2025-07-06 15:03:32.4455 INFO Успешная десериализация данных
2025-07-06 15:03:32.4455 INFO Добавлено 4 биржевых облигаций и акций Новатэк ао из 7 других облигаций
2025-07-06 15:03:32.4455 INFO Подключение к данным по адресу: https://iss.moex.com/iss/emitters/9848/securities.jsonp?iss.meta=off&iss.json=extended&callback=JSON_CALLBACK&lang=ru
2025-07-06 15:03:32.4923 INFO Подключение прошло успешно.
2025-07-06 15:03:32.4923 INFO Извлечение данных
2025-07-06 15:03:32.4923 INFO Данные получены
2025-07-06 15:03:32.4923 INFO Корректные данные для считывания
2025-07-06 15:03:32.4923 INFO Успешная десериализация данных
2025-07-06 15:03:32.4923 INFO Добавлено 10 биржевых облигаций и акций Самолет ао из 13 других облигаций
2025-07-06 15:03:32.4923 INFO Подключение к данным по адресу: https://iss.moex.com/iss/emitters/739/securities.jsonp?iss.meta=off&iss.json=extended&callback=JSON_CALLBACK&lang=ru
2025-07-06 15:03:32.5392 INFO Подключение прошло успешно.
2025-07-06 15:03:32.5392 INFO Извлечение данных
2025-07-06 15:03:32.5548 INFO Данные получены
2025-07-06 15:03:32.5548 INFO Корректные данные для считывания
2025-07-06 15:03:32.5548 INFO Успешная десериализация данных
2025-07-06 15:03:32.5548 INFO Добавлено 1 биржевых облигаций и акций ПИК ао из 4 других облигаций
2025-07-06 15:03:32.5548 INFO Подключение к данным по адресу: https://iss.moex.com/iss/emitters/10712/securities.jsonp?iss.meta=off&iss.json=extended&callback=JSON_CALLBACK&lang=ru
2025-07-06 15:03:32.5861 INFO Подключение прошло успешно.
2025-07-06 15:03:32.5861 INFO Извлечение данных
2025-07-06 15:03:32.5861 INFO Данные получены
2025-07-06 15:03:32.5861 INFO Корректные данные для считывания
2025-07-06 15:03:32.5861 INFO Успешная десериализация данных
2025-07-06 15:03:32.5861 INFO Добавлено 0 биржевых облигаций и акций КЦ ИКС 5 из 2 других облигаций
2025-07-06 15:03:32.5861 INFO Подключение к данным по адресу: https://iss.moex.com/iss/emitters/1399/securities.jsonp?iss.meta=off&iss.json=extended&callback=JSON_CALLBACK&lang=ru
2025-07-06 15:03:32.6330 INFO Подключение прошло успешно.
2025-07-06 15:03:32.6330 INFO Извлечение данных
2025-07-06 15:03:32.6330 INFO Данные получены
2025-07-06 15:03:32.6330 INFO Корректные данные для считывания
2025-07-06 15:03:32.6330 INFO Успешная десериализация данных
2025-07-06 15:03:32.6330 INFO Добавлено 11 биржевых облигаций и акций ГМКНорНик из 15 других облигаций
2025-07-06 15:03:32.6330 INFO Подключение к данным по адресу: https://iss.moex.com/iss/emitters/15523/securities.jsonp?iss.meta=off&iss.json=extended&callback=JSON_CALLBACK&lang=ru
2025-07-06 15:03:32.6642 INFO Подключение прошло успешно.
2025-07-06 15:03:32.6642 INFO Извлечение данных
2025-07-06 15:03:32.6642 INFO Данные получены
2025-07-06 15:03:32.6642 INFO Корректные данные для считывания
2025-07-06 15:03:32.6642 INFO Успешная десериализация данных
2025-07-06 15:03:32.6642 INFO Добавлено 1 биржевых облигаций и акций ЯНДЕКС из 3 других облигаций
2025-07-06 15:03:32.6642 INFO Подключение к данным по адресу: https://iss.moex.com/iss/emitters/12604/securities.jsonp?iss.meta=off&iss.json=extended&callback=JSON_CALLBACK&lang=ru
2025-07-06 15:03:32.7111 INFO Подключение прошло успешно.
2025-07-06 15:03:32.7111 INFO Извлечение данных
2025-07-06 15:03:32.7111 INFO Данные получены
2025-07-06 15:03:32.7111 INFO Корректные данные для считывания
2025-07-06 15:03:32.7111 INFO Успешная десериализация данных
2025-07-06 15:03:32.7111 INFO Добавлено 3 биржевых облигаций и акций iПозитив из 5 других облигаций
2025-07-06 15:03:32.7111 INFO Подключение к данным по адресу: https://iss.moex.com/iss/emitters/1158/securities.jsonp?iss.meta=off&iss.json=extended&callback=JSON_CALLBACK&lang=ru
2025-07-06 15:03:32.7580 INFO Подключение прошло успешно.
2025-07-06 15:03:32.7580 INFO Извлечение данных
2025-07-06 15:03:32.7580 INFO Данные получены
2025-07-06 15:03:32.7580 INFO Корректные данные для считывания
2025-07-06 15:03:32.7580 INFO Успешная десериализация данных
2025-07-06 15:03:32.7580 INFO Добавлено 4 биржевых облигаций и акций Полюс из 8 других облигаций
2025-07-06 15:03:32.7580 INFO Подключение к данным по адресу: https://iss.moex.com/iss/emitters/886/securities.jsonp?iss.meta=off&iss.json=extended&callback=JSON_CALLBACK&lang=ru
2025-07-06 15:03:32.8048 INFO Подключение прошло успешно.
2025-07-06 15:03:32.8048 INFO Извлечение данных
2025-07-06 15:03:32.8048 INFO Данные получены
2025-07-06 15:03:32.8048 INFO Корректные данные для считывания
2025-07-06 15:03:32.8048 INFO Успешная десериализация данных
2025-07-06 15:03:32.8048 INFO Добавлено 8 биржевых облигаций и акций Магнит ао из 11 других облигаций
2025-07-06 15:03:32.8048 INFO Подключение к данным по адресу: https://iss.moex.com/iss/emitters/651/securities.jsonp?iss.meta=off&iss.json=extended&callback=JSON_CALLBACK&lang=ru
2025-07-06 15:03:32.8830 INFO Подключение прошло успешно.
2025-07-06 15:03:32.8830 INFO Извлечение данных
2025-07-06 15:03:32.8830 INFO Данные получены
2025-07-06 15:03:32.8830 INFO Корректные данные для считывания
2025-07-06 15:03:32.8830 INFO Успешная десериализация данных
2025-07-06 15:03:32.8830 INFO Добавлено 25 биржевых облигаций и акций Роснефть из 28 других облигаций
2025-07-06 15:03:32.8830 INFO Подключение к данным по адресу: https://iss.moex.com/iss/emitters/10761/securities.jsonp?iss.meta=off&iss.json=extended&callback=JSON_CALLBACK&lang=ru
2025-07-06 15:03:32.9298 INFO Подключение прошло успешно.
2025-07-06 15:03:32.9298 INFO Извлечение данных
2025-07-06 15:03:32.9298 INFO Данные получены
2025-07-06 15:03:32.9298 INFO Корректные данные для считывания
2025-07-06 15:03:32.9298 INFO Успешная десериализация данных
2025-07-06 15:03:32.9298 INFO Добавлено 0 биржевых облигаций и акций МКПАО "ВК" из 3 других облигаций
2025-07-06 15:03:32.9298 INFO Подключение к данным по адресу: https://iss.moex.com/iss/emitters/1242/securities.jsonp?iss.meta=off&iss.json=extended&callback=JSON_CALLBACK&lang=ru
2025-07-06 15:03:32.9767 INFO Подключение прошло успешно.
2025-07-06 15:03:32.9767 INFO Извлечение данных
2025-07-06 15:03:32.9767 INFO Данные получены
2025-07-06 15:03:32.9767 INFO Корректные данные для считывания
2025-07-06 15:03:32.9767 INFO Успешная десериализация данных
2025-07-06 15:03:32.9767 INFO Добавлено 2 биржевых облигаций и акций Аэрофлот из 4 других облигаций
2025-07-06 15:03:32.9767 INFO Все данные успешно считаны. 494 биржевых облигаций и акций из 1010 разных типов облигаций
2025-07-06 15:03:32.9767 INFO Запись в файл: D:\Алексей\github\ExchangeParsing_DB\ExchangeParsing\ExchangeParsing\bin\Debug\MoscowExchange\Bonds\Bond_06.07.2025.csv
2025-07-06 15:03:32.9767 INFO Данные записаны.
2025-07-06 15:03:32.9767 INFO Добавление полученных данных в БД
2025-07-06 15:03:32.9767 INFO Подключение к БД прошло успешно
2025-07-06 15:03:33.0392 INFO Обработано акций: 16 (добавлено: 0, обновлено: 16)
2025-07-06 15:03:33.3819 INFO Добавлено 0 облигаций
2025-07-06 15:03:33.3819 INFO Приложение завершило работу
2025-07-06 15:05:30.4689 INFO Приложение запущено
2025-07-06 15:05:30.5535 INFO Отправка данных на сервер
2025-07-06 15:05:30.7591 INFO Получение данных из файла Address.csv
2025-07-06 15:05:30.7591 INFO Получение данных из файла Client.csv
2025-07-06 15:05:33.2022 INFO Данные адресов добавлены в БД
2025-07-06 15:05:33.2647 INFO Данные клиентов добавлены в БД
2025-07-06 15:05:33.2647 INFO Данные успешно отправлены на сервер
2025-07-06 15:05:33.2647 INFO Процесс получения курса валют запущен
2025-07-06 15:05:33.2803 INFO Подключение к данным по адресу: https://www.cbr.ru/currency_base/daily/?UniDbQuery.Posted=True&UniDbQuery.To=06.07.2025
2025-07-06 15:05:33.5876 INFO Подключение прошло успешно. OK
2025-07-06 15:05:33.6189 INFO Извлечение данных
2025-07-06 15:05:33.6345 INFO Данные успешно получены. Количество: 43
2025-07-06 15:05:33.6345 INFO Запись в файл по пути: D:\Алексей\github\ExchangeParsing_DB\ExchangeParsing\ExchangeParsing\bin\Debug\CentralBank\Rate_06.07.2025.csv
2025-07-06 15:05:33.6345 INFO Данные записаны в файл. Количество 43 из 43
2025-07-06 15:05:33.6501 INFO Добавление полученных данных в БД
2025-07-06 15:05:33.6501 INFO Подключение к БД прошло успешно
2025-07-06 15:05:33.8376 INFO Успешно добавлено 43 валют
2025-07-06 15:05:33.8376 INFO Данные успешно отправлены на сервер
2025-07-06 15:05:33.8376 INFO Получение данных из файла SecurityPortfolio.csv
2025-07-06 15:05:33.8532 INFO Получение данных из файла Portfolio_Currency.csv
2025-07-06 15:05:35.3893 INFO Данные о портфелях добавлены
2025-07-06 15:05:35.4050 INFO Данные о связях между портфелями и валютами добавлены
2025-07-06 15:05:35.4050 INFO Запущен процесс получения акций
2025-07-06 15:05:35.4050 INFO Подключение к данным по адресу: https://iss.moex.com/iss/engines/stock/markets/shares/boards/tqbr/securities.json?iss.only=marketdata&iss.meta=off&iss.json=extended&marketdata.columns=SECID%2CLAST%2CLASTTOPREVPRICE&sort_column=VALTODAY&sort_order=desc&first=18
2025-07-06 15:05:35.5612 INFO Извлечение данных
2025-07-06 15:05:35.7018 INFO Данные получены
2025-07-06 15:05:35.7175 INFO Корректные данные для считывания
2025-07-06 15:05:35.7643 INFO Успешная десериализация данных
2025-07-06 15:05:35.7643 INFO Запись в файл: D:\Алексей\github\ExchangeParsing_DB\ExchangeParsing\ExchangeParsing\bin\Debug\MoscowExchange\Stocks\Stock_06.07.2025.csv
2025-07-06 15:05:35.7643 INFO Данные записаны: 18 акций
2025-07-06 15:05:35.7800 INFO Запущен процесс получения облигаций
2025-07-06 15:05:35.7800 INFO Подключение к данным по адресу: https://iss.moex.com/iss/emitters/484/securities.jsonp?iss.meta=off&iss.json=extended&callback=JSON_CALLBACK&lang=ru
2025-07-06 15:05:36.1550 INFO Подключение прошло успешно.
2025-07-06 15:05:36.1550 INFO Извлечение данных
2025-07-06 15:05:36.1706 INFO Данные получены
2025-07-06 15:05:36.1706 INFO Корректные данные для считывания
2025-07-06 15:05:36.1862 INFO Успешная десериализация данных
2025-07-06 15:05:36.1862 INFO Добавлено 361 биржевых облигаций и акций Сбербанк из 367 других облигаций
2025-07-06 15:05:36.1862 INFO Подключение к данным по адресу: https://iss.moex.com/iss/emitters/269/securities.jsonp?iss.meta=off&iss.json=extended&callback=JSON_CALLBACK&lang=ru
2025-07-06 15:05:38.9080 INFO Подключение прошло успешно.
2025-07-06 15:05:38.9080 INFO Извлечение данных
2025-07-06 15:05:38.9080 INFO Данные получены
2025-07-06 15:05:38.9080 INFO Корректные данные для считывания
2025-07-06 15:05:38.9236 INFO Успешная десериализация данных
2025-07-06 15:05:38.9236 INFO Добавлено 57 биржевых облигаций и акций ВТБ ао из 521 других облигаций
2025-07-06 15:05:38.9236 INFO Подключение к данным по адресу: https://iss.moex.com/iss/emitters/3588/securities.jsonp?iss.meta=off&iss.json=extended&callback=JSON_CALLBACK&lang=ru
2025-07-06 15:05:38.9705 INFO Подключение прошло успешно.
2025-07-06 15:05:38.9705 INFO Извлечение данных
2025-07-06 15:05:38.9705 INFO Данные получены
2025-07-06 15:05:38.9705 INFO Корректные данные для считывания
2025-07-06 15:05:38.9705 INFO Успешная десериализация данных
2025-07-06 15:05:38.9705 INFO Добавлено 2 биржевых облигаций и акций ЮГК из 3 других облигаций
2025-07-06 15:05:38.9705 INFO Подключение к данным по адресу: https://iss.moex.com/iss/emitters/711/securities.jsonp?iss.meta=off&iss.json=extended&callback=JSON_CALLBACK&lang=ru
2025-07-06 15:05:39.0174 INFO Подключение прошло успешно.
2025-07-06 15:05:39.0174 INFO Извлечение данных
2025-07-06 15:05:39.0174 INFO Данные получены
2025-07-06 15:05:39.0174 INFO Корректные данные для считывания
2025-07-06 15:05:39.0174 INFO Успешная десериализация данных
2025-07-06 15:05:39.0174 INFO Добавлено 5 биржевых облигаций и акций ГАЗПРОМ ао из 7 других облигаций
2025-07-06 15:05:39.0174 INFO Подключение к данным по адресу: https://iss.moex.com/iss/emitters/10763/securities.jsonp?iss.meta=off&iss.json=extended&callback=JSON_CALLBACK&lang=ru
2025-07-06 15:05:39.0642 INFO Подключение прошло успешно.
2025-07-06 15:05:39.0642 INFO Извлечение данных
2025-07-06 15:05:39.0642 INFO Данные получены
2025-07-06 15:05:39.0642 INFO Корректные данные для считывания
2025-07-06 15:05:39.0642 INFO Успешная десериализация данных
2025-07-06 15:05:39.0642 INFO Добавлено 0 биржевых облигаций и акций Т-Техно ао из 2 других облигаций
2025-07-06 15:05:39.0642 INFO Подключение к данным по адресу: https://iss.moex.com/iss/emitters/770/securities.jsonp?iss.meta=off&iss.json=extended&callback=JSON_CALLBACK&lang=ru
2025-07-06 15:05:39.1267 INFO Подключение прошло успешно.
2025-07-06 15:05:39.1267 INFO Извлечение данных
2025-07-06 15:05:39.1267 INFO Данные получены
2025-07-06 15:05:39.1267 INFO Корректные данные для считывания
2025-07-06 15:05:39.1267 INFO Успешная десериализация данных
2025-07-06 15:05:39.1267 INFO Добавлено 0 биржевых облигаций и акций ЛУКОЙЛ из 7 других облигаций
2025-07-06 15:05:39.1267 INFO Подключение к данным по адресу: https://iss.moex.com/iss/emitters/1074/securities.jsonp?iss.meta=off&iss.json=extended&callback=JSON_CALLBACK&lang=ru
2025-07-06 15:05:39.1736 INFO Подключение прошло успешно.
2025-07-06 15:05:39.1736 INFO Извлечение данных
2025-07-06 15:05:39.1736 INFO Данные получены
2025-07-06 15:05:39.1736 INFO Корректные данные для считывания
2025-07-06 15:05:39.1736 INFO Успешная десериализация данных
2025-07-06 15:05:39.1736 INFO Добавлено 4 биржевых облигаций и акций Новатэк ао из 7 других облигаций
2025-07-06 15:05:39.1736 INFO Подключение к данным по адресу: https://iss.moex.com/iss/emitters/9848/securities.jsonp?iss.meta=off&iss.json=extended&callback=JSON_CALLBACK&lang=ru
2025-07-06 15:05:39.2205 INFO Подключение прошло успешно.
2025-07-06 15:05:39.2205 INFO Извлечение данных
2025-07-06 15:05:39.2205 INFO Данные получены
2025-07-06 15:05:39.2205 INFO Корректные данные для считывания
2025-07-06 15:05:39.2205 INFO Успешная десериализация данных
2025-07-06 15:05:39.2205 INFO Добавлено 10 биржевых облигаций и акций Самолет ао из 13 других облигаций
2025-07-06 15:05:39.2205 INFO Подключение к данным по адресу: https://iss.moex.com/iss/emitters/739/securities.jsonp?iss.meta=off&iss.json=extended&callback=JSON_CALLBACK&lang=ru
2025-07-06 15:05:39.2830 INFO Подключение прошло успешно.
2025-07-06 15:05:39.2830 INFO Извлечение данных
2025-07-06 15:05:39.2830 INFO Данные получены
2025-07-06 15:05:39.2830 INFO Корректные данные для считывания
2025-07-06 15:05:39.2830 INFO Успешная десериализация данных
2025-07-06 15:05:39.2830 INFO Добавлено 1 биржевых облигаций и акций ПИК ао из 4 других облигаций
2025-07-06 15:05:39.2830 INFO Подключение к данным по адресу: https://iss.moex.com/iss/emitters/10712/securities.jsonp?iss.meta=off&iss.json=extended&callback=JSON_CALLBACK&lang=ru
2025-07-06 15:05:39.3310 INFO Подключение прошло успешно.
2025-07-06 15:05:39.3310 INFO Извлечение данных
2025-07-06 15:05:39.3310 INFO Данные получены
2025-07-06 15:05:39.3310 INFO Корректные данные для считывания
2025-07-06 15:05:39.3310 INFO Успешная десериализация данных
2025-07-06 15:05:39.3310 INFO Добавлено 0 биржевых облигаций и акций КЦ ИКС 5 из 2 других облигаций
2025-07-06 15:05:39.3310 INFO Подключение к данным по адресу: https://iss.moex.com/iss/emitters/1399/securities.jsonp?iss.meta=off&iss.json=extended&callback=JSON_CALLBACK&lang=ru
2025-07-06 15:05:39.3778 INFO Подключение прошло успешно.
2025-07-06 15:05:39.3778 INFO Извлечение данных
2025-07-06 15:05:39.3778 INFO Данные получены
2025-07-06 15:05:39.3778 INFO Корректные данные для считывания
2025-07-06 15:05:39.3778 INFO Успешная десериализация данных
2025-07-06 15:05:39.3778 INFO Добавлено 11 биржевых облигаций и акций ГМКНорНик из 15 других облигаций
2025-07-06 15:05:39.3778 INFO Подключение к данным по адресу: https://iss.moex.com/iss/emitters/15523/securities.jsonp?iss.meta=off&iss.json=extended&callback=JSON_CALLBACK&lang=ru
2025-07-06 15:05:39.4247 INFO Подключение прошло успешно.
2025-07-06 15:05:39.4247 INFO Извлечение данных
2025-07-06 15:05:39.4247 INFO Данные получены
2025-07-06 15:05:39.4247 INFO Корректные данные для считывания
2025-07-06 15:05:39.4247 INFO Успешная десериализация данных
2025-07-06 15:05:39.4247 INFO Добавлено 1 биржевых облигаций и акций ЯНДЕКС из 3 других облигаций
2025-07-06 15:05:39.4247 INFO Подключение к данным по адресу: https://iss.moex.com/iss/emitters/12604/securities.jsonp?iss.meta=off&iss.json=extended&callback=JSON_CALLBACK&lang=ru
2025-07-06 15:05:39.4716 INFO Подключение прошло успешно.
2025-07-06 15:05:39.4716 INFO Извлечение данных
2025-07-06 15:05:39.4716 INFO Данные получены
2025-07-06 15:05:39.4716 INFO Корректные данные для считывания
2025-07-06 15:05:39.4716 INFO Успешная десериализация данных
2025-07-06 15:05:39.4716 INFO Добавлено 3 биржевых облигаций и акций iПозитив из 5 других облигаций
2025-07-06 15:05:39.4716 INFO Подключение к данным по адресу: https://iss.moex.com/iss/emitters/1158/securities.jsonp?iss.meta=off&iss.json=extended&callback=JSON_CALLBACK&lang=ru
2025-07-06 15:05:39.5216 INFO Подключение прошло успешно.
2025-07-06 15:05:39.5216 INFO Извлечение данных
2025-07-06 15:05:39.5216 INFO Данные получены
2025-07-06 15:05:39.5216 INFO Корректные данные для считывания
2025-07-06 15:05:39.5372 INFO Успешная десериализация данных
2025-07-06 15:05:39.5372 INFO Добавлено 4 биржевых облигаций и акций Полюс из 8 других облигаций
2025-07-06 15:05:39.5372 INFO Подключение к данным по адресу: https://iss.moex.com/iss/emitters/886/securities.jsonp?iss.meta=off&iss.json=extended&callback=JSON_CALLBACK&lang=ru
2025-07-06 15:05:39.5841 INFO Подключение прошло успешно.
2025-07-06 15:05:39.5841 INFO Извлечение данных
2025-07-06 15:05:39.5841 INFO Данные получены
2025-07-06 15:05:39.5841 INFO Корректные данные для считывания
2025-07-06 15:05:39.5841 INFO Успешная десериализация данных
2025-07-06 15:05:39.5841 INFO Добавлено 8 биржевых облигаций и акций Магнит ао из 11 других облигаций
2025-07-06 15:05:39.5841 INFO Подключение к данным по адресу: https://iss.moex.com/iss/emitters/651/securities.jsonp?iss.meta=off&iss.json=extended&callback=JSON_CALLBACK&lang=ru
2025-07-06 15:05:39.6466 INFO Подключение прошло успешно.
2025-07-06 15:05:39.6466 INFO Извлечение данных
2025-07-06 15:05:39.6466 INFO Данные получены
2025-07-06 15:05:39.6466 INFO Корректные данные для считывания
2025-07-06 15:05:39.6466 INFO Успешная десериализация данных
2025-07-06 15:05:39.6466 INFO Добавлено 25 биржевых облигаций и акций Роснефть из 28 других облигаций
2025-07-06 15:05:39.6466 INFO Подключение к данным по адресу: https://iss.moex.com/iss/emitters/10761/securities.jsonp?iss.meta=off&iss.json=extended&callback=JSON_CALLBACK&lang=ru
2025-07-06 15:05:39.6934 INFO Подключение прошло успешно.
2025-07-06 15:05:39.6934 INFO Извлечение данных
2025-07-06 15:05:39.6934 INFO Данные получены
2025-07-06 15:05:39.6934 INFO Корректные данные для считывания
2025-07-06 15:05:39.6934 INFO Успешная десериализация данных
2025-07-06 15:05:39.6934 INFO Добавлено 0 биржевых облигаций и акций МКПАО "ВК" из 3 других облигаций
2025-07-06 15:05:39.6934 INFO Подключение к данным по адресу: https://iss.moex.com/iss/emitters/1242/securities.jsonp?iss.meta=off&iss.json=extended&callback=JSON_CALLBACK&lang=ru
2025-07-06 15:05:39.7403 INFO Подключение прошло успешно.
2025-07-06 15:05:39.7403 INFO Извлечение данных
2025-07-06 15:05:39.7403 INFO Данные получены
2025-07-06 15:05:39.7403 INFO Корректные данные для считывания
2025-07-06 15:05:39.7403 INFO Успешная десериализация данных
2025-07-06 15:05:39.7403 INFO Добавлено 2 биржевых облигаций и акций Аэрофлот из 4 других облигаций
2025-07-06 15:05:39.7403 INFO Все данные успешно считаны. 494 биржевых облигаций и акций из 1010 разных типов облигаций
2025-07-06 15:05:39.7403 INFO Запись в файл: D:\Алексей\github\ExchangeParsing_DB\ExchangeParsing\ExchangeParsing\bin\Debug\MoscowExchange\Bonds\Bond_06.07.2025.csv
2025-07-06 15:05:39.7559 INFO Данные записаны.
2025-07-06 15:05:39.7559 INFO Добавление полученных данных в БД
2025-07-06 15:05:39.7559 INFO Подключение к БД прошло успешно
2025-07-06 15:05:39.8028 INFO Обработано акций: 11 (добавлено: 0, обновлено: 11)
2025-07-06 15:05:40.2091 INFO Добавлено 0 облигаций
2025-07-06 15:05:40.2091 INFO Приложение завершило работу
2025-07-06 15:18:11.5011 INFO Приложение запущено
2025-07-06 15:18:11.5636 INFO Отправка данных на сервер
2025-07-06 15:18:11.7824 INFO Получение данных из файла Address.csv
2025-07-06 15:18:11.7980 INFO Получение данных из файла Client.csv
2025-07-06 15:18:14.2146 INFO Данные адресов добавлены в БД
2025-07-06 15:18:14.2735 INFO Данные клиентов добавлены в БД
2025-07-06 15:18:14.2735 INFO Данные успешно отправлены на сервер
2025-07-06 15:18:14.2735 INFO Процесс получения курса валют запущен
2025-07-06 15:18:14.2891 INFO Подключение к данным по адресу: https://www.cbr.ru/currency_base/daily/?UniDbQuery.Posted=True&UniDbQuery.To=06.07.2025
2025-07-06 15:18:14.6050 INFO Подключение прошло успешно. OK
2025-07-06 15:18:14.6518 INFO Извлечение данных
2025-07-06 15:18:14.6518 INFO Данные успешно получены. Количество: 43
2025-07-06 15:18:14.6518 INFO Запись в файл по пути: D:\Алексей\github\ExchangeParsing_DB\ExchangeParsing\ExchangeParsing\bin\Debug\CentralBank\Rate_06.07.2025.csv
2025-07-06 15:18:14.6675 INFO Данные записаны в файл. Количество 43 из 43
2025-07-06 15:18:14.6675 INFO Добавление полученных данных в БД
2025-07-06 15:18:16.0321 INFO Подключение к БД прошло успешно
2025-07-06 15:18:16.6601 INFO Успешно добавлено 43 валют
2025-07-06 15:18:16.6601 INFO Данные успешно отправлены на сервер
2025-07-06 15:18:16.6601 INFO Получение данных из файла SecurityPortfolio.csv
2025-07-06 15:18:16.6601 INFO Получение данных из файла Portfolio_Currency.csv
2025-07-06 15:18:18.4227 INFO Данные о портфелях добавлены
2025-07-06 15:18:18.6883 INFO Данные о связях между портфелями и валютами добавлены
2025-07-06 15:18:18.6883 INFO Запущен процесс получения акций
2025-07-06 15:18:18.6883 INFO Подключение к данным по адресу: https://iss.moex.com/iss/engines/stock/markets/shares/boards/tqbr/securities.json?iss.only=marketdata&iss.meta=off&iss.json=extended&marketdata.columns=SECID%2CLAST%2CLASTTOPREVPRICE&sort_column=VALTODAY&sort_order=desc&first=18
2025-07-06 15:18:18.8446 INFO Извлечение данных
2025-07-06 15:18:18.9852 INFO Данные получены
2025-07-06 15:18:19.0008 INFO Корректные данные для считывания
2025-07-06 15:18:19.0477 INFO Успешная десериализация данных
2025-07-06 15:18:19.0477 INFO Запись в файл: D:\Алексей\github\ExchangeParsing_DB\ExchangeParsing\ExchangeParsing\bin\Debug\MoscowExchange\Stocks\Stock_06.07.2025.csv
2025-07-06 15:18:19.0477 INFO Данные записаны: 18 акций
2025-07-06 15:18:19.0477 INFO Запущен процесс получения облигаций
2025-07-06 15:18:19.0477 INFO Подключение к данным по адресу: https://iss.moex.com/iss/emitters/484/securities.jsonp?iss.meta=off&iss.json=extended&callback=JSON_CALLBACK&lang=ru
2025-07-06 15:18:19.5164 INFO Подключение прошло успешно.
2025-07-06 15:18:19.5164 INFO Извлечение данных
2025-07-06 15:18:19.5321 INFO Данные получены
2025-07-06 15:18:19.5321 INFO Корректные данные для считывания
2025-07-06 15:18:19.5477 INFO Успешная десериализация данных
2025-07-06 15:18:19.5477 INFO Добавлено 361 биржевых облигаций и акций Сбербанк из 367 других облигаций
2025-07-06 15:18:19.5477 INFO Подключение к данным по адресу: https://iss.moex.com/iss/emitters/269/securities.jsonp?iss.meta=off&iss.json=extended&callback=JSON_CALLBACK&lang=ru
2025-07-06 15:18:21.4629 INFO Подключение прошло успешно.
2025-07-06 15:18:21.4629 INFO Извлечение данных
2025-07-06 15:18:21.4629 INFO Данные получены
2025-07-06 15:18:21.4785 INFO Корректные данные для считывания
2025-07-06 15:18:21.4785 INFO Успешная десериализация данных
2025-07-06 15:18:21.4785 INFO Добавлено 57 биржевых облигаций и акций ВТБ ао из 521 других облигаций
2025-07-06 15:18:21.4785 INFO Подключение к данным по адресу: https://iss.moex.com/iss/emitters/3588/securities.jsonp?iss.meta=off&iss.json=extended&callback=JSON_CALLBACK&lang=ru
2025-07-06 15:18:21.5254 INFO Подключение прошло успешно.
2025-07-06 15:18:21.5254 INFO Извлечение данных
2025-07-06 15:18:21.5254 INFO Данные получены
2025-07-06 15:18:21.5254 INFO Корректные данные для считывания
2025-07-06 15:18:21.5410 INFO Успешная десериализация данных
2025-07-06 15:18:21.5410 INFO Добавлено 2 биржевых облигаций и акций ЮГК из 3 других облигаций
2025-07-06 15:18:21.5410 INFO Подключение к данным по адресу: https://iss.moex.com/iss/emitters/711/securities.jsonp?iss.meta=off&iss.json=extended&callback=JSON_CALLBACK&lang=ru
2025-07-06 15:18:21.5879 INFO Подключение прошло успешно.
2025-07-06 15:18:21.5879 INFO Извлечение данных
2025-07-06 15:18:21.5879 INFO Данные получены
2025-07-06 15:18:21.5879 INFO Корректные данные для считывания
2025-07-06 15:18:21.5879 INFO Успешная десериализация данных
2025-07-06 15:18:21.5879 INFO Добавлено 5 биржевых облигаций и акций ГАЗПРОМ ао из 7 других облигаций
2025-07-06 15:18:21.5879 INFO Подключение к данным по адресу: https://iss.moex.com/iss/emitters/10763/securities.jsonp?iss.meta=off&iss.json=extended&callback=JSON_CALLBACK&lang=ru
2025-07-06 15:18:21.6348 INFO Подключение прошло успешно.
2025-07-06 15:18:21.6348 INFO Извлечение данных
2025-07-06 15:18:21.6348 INFO Данные получены
2025-07-06 15:18:21.6348 INFO Корректные данные для считывания
2025-07-06 15:18:21.6348 INFO Успешная десериализация данных
2025-07-06 15:18:21.6348 INFO Добавлено 0 биржевых облигаций и акций Т-Техно ао из 2 других облигаций
2025-07-06 15:18:21.6348 INFO Подключение к данным по адресу: https://iss.moex.com/iss/emitters/770/securities.jsonp?iss.meta=off&iss.json=extended&callback=JSON_CALLBACK&lang=ru
2025-07-06 15:18:21.6816 INFO Подключение прошло успешно.
2025-07-06 15:18:21.6816 INFO Извлечение данных
2025-07-06 15:18:21.6973 INFO Данные получены
2025-07-06 15:18:21.6973 INFO Корректные данные для считывания
2025-07-06 15:18:21.6973 INFO Успешная десериализация данных
2025-07-06 15:18:21.6973 INFO Добавлено 0 биржевых облигаций и акций ЛУКОЙЛ из 7 других облигаций
2025-07-06 15:18:21.6973 INFO Подключение к данным по адресу: https://iss.moex.com/iss/emitters/1074/securities.jsonp?iss.meta=off&iss.json=extended&callback=JSON_CALLBACK&lang=ru
2025-07-06 15:18:21.7441 INFO Подключение прошло успешно.
2025-07-06 15:18:21.7441 INFO Извлечение данных
2025-07-06 15:18:21.7441 INFO Данные получены
2025-07-06 15:18:21.7441 INFO Корректные данные для считывания
2025-07-06 15:18:21.7441 INFO Успешная десериализация данных
2025-07-06 15:18:21.7441 INFO Добавлено 4 биржевых облигаций и акций Новатэк ао из 7 других облигаций
2025-07-06 15:18:21.7441 INFO Подключение к данным по адресу: https://iss.moex.com/iss/emitters/9848/securities.jsonp?iss.meta=off&iss.json=extended&callback=JSON_CALLBACK&lang=ru
2025-07-06 15:18:21.7910 INFO Подключение прошло успешно.
2025-07-06 15:18:21.7910 INFO Извлечение данных
2025-07-06 15:18:21.7910 INFO Данные получены
2025-07-06 15:18:21.7910 INFO Корректные данные для считывания
2025-07-06 15:18:21.7910 INFO Успешная десериализация данных
2025-07-06 15:18:21.7910 INFO Добавлено 10 биржевых облигаций и акций Самолет ао из 13 других облигаций
2025-07-06 15:18:21.7910 INFO Подключение к данным по адресу: https://iss.moex.com/iss/emitters/739/securities.jsonp?iss.meta=off&iss.json=extended&callback=JSON_CALLBACK&lang=ru
2025-07-06 15:18:21.8535 INFO Подключение прошло успешно.
2025-07-06 15:18:21.8535 INFO Извлечение данных
2025-07-06 15:18:21.8535 INFO Данные получены
2025-07-06 15:18:21.8535 INFO Корректные данные для считывания
2025-07-06 15:18:21.8535 INFO Успешная десериализация данных
2025-07-06 15:18:21.8535 INFO Добавлено 1 биржевых облигаций и акций ПИК ао из 4 других облигаций
2025-07-06 15:18:21.8535 INFO Подключение к данным по адресу: https://iss.moex.com/iss/emitters/10712/securities.jsonp?iss.meta=off&iss.json=extended&callback=JSON_CALLBACK&lang=ru
2025-07-06 15:18:21.9004 INFO Подключение прошло успешно.
2025-07-06 15:18:21.9004 INFO Извлечение данных
2025-07-06 15:18:21.9004 INFO Данные получены
2025-07-06 15:18:21.9004 INFO Корректные данные для считывания
2025-07-06 15:18:21.9004 INFO Успешная десериализация данных
2025-07-06 15:18:21.9004 INFO Добавлено 0 биржевых облигаций и акций КЦ ИКС 5 из 2 других облигаций
2025-07-06 15:18:21.9004 INFO Подключение к данным по адресу: https://iss.moex.com/iss/emitters/1399/securities.jsonp?iss.meta=off&iss.json=extended&callback=JSON_CALLBACK&lang=ru
2025-07-06 15:18:21.9473 INFO Подключение прошло успешно.
2025-07-06 15:18:21.9473 INFO Извлечение данных
2025-07-06 15:18:21.9473 INFO Данные получены
2025-07-06 15:18:21.9473 INFO Корректные данные для считывания
2025-07-06 15:18:21.9473 INFO Успешная десериализация данных
2025-07-06 15:18:21.9473 INFO Добавлено 11 биржевых облигаций и акций ГМКНорНик из 15 других облигаций
2025-07-06 15:18:21.9473 INFO Подключение к данным по адресу: https://iss.moex.com/iss/emitters/15523/securities.jsonp?iss.meta=off&iss.json=extended&callback=JSON_CALLBACK&lang=ru
2025-07-06 15:18:21.9941 INFO Подключение прошло успешно.
2025-07-06 15:18:21.9941 INFO Извлечение данных
2025-07-06 15:18:21.9941 INFO Данные получены
2025-07-06 15:18:21.9941 INFO Корректные данные для считывания
2025-07-06 15:18:21.9941 INFO Успешная десериализация данных
2025-07-06 15:18:21.9941 INFO Добавлено 1 биржевых облигаций и акций ЯНДЕКС из 3 других облигаций
2025-07-06 15:18:21.9941 INFO Подключение к данным по адресу: https://iss.moex.com/iss/emitters/12604/securities.jsonp?iss.meta=off&iss.json=extended&callback=JSON_CALLBACK&lang=ru
2025-07-06 15:18:22.0566 INFO Подключение прошло успешно.
2025-07-06 15:18:22.0566 INFO Извлечение данных
2025-07-06 15:18:22.0566 INFO Данные получены
2025-07-06 15:18:22.0566 INFO Корректные данные для считывания
2025-07-06 15:18:22.0566 INFO Успешная десериализация данных
2025-07-06 15:18:22.0566 INFO Добавлено 3 биржевых облигаций и акций iПозитив из 5 других облигаций
2025-07-06 15:18:22.0566 INFO Подключение к данным по адресу: https://iss.moex.com/iss/emitters/1158/securities.jsonp?iss.meta=off&iss.json=extended&callback=JSON_CALLBACK&lang=ru
2025-07-06 15:18:22.1035 INFO Подключение прошло успешно.
2025-07-06 15:18:22.1035 INFO Извлечение данных
2025-07-06 15:18:22.1035 INFO Данные получены
2025-07-06 15:18:22.1035 INFO Корректные данные для считывания
2025-07-06 15:18:22.1035 INFO Успешная десериализация данных
2025-07-06 15:18:22.1035 INFO Добавлено 4 биржевых облигаций и акций Полюс из 8 других облигаций
2025-07-06 15:18:22.1035 INFO Подключение к данным по адресу: https://iss.moex.com/iss/emitters/886/securities.jsonp?iss.meta=off&iss.json=extended&callback=JSON_CALLBACK&lang=ru
2025-07-06 15:18:22.1504 INFO Подключение прошло успешно.
2025-07-06 15:18:22.1504 INFO Извлечение данных
2025-07-06 15:18:22.1504 INFO Данные получены
2025-07-06 15:18:22.1504 INFO Корректные данные для считывания
2025-07-06 15:18:22.1504 INFO Успешная десериализация данных
2025-07-06 15:18:22.1504 INFO Добавлено 8 биржевых облигаций и акций Магнит ао из 11 других облигаций
2025-07-06 15:18:22.1504 INFO Подключение к данным по адресу: https://iss.moex.com/iss/emitters/651/securities.jsonp?iss.meta=off&iss.json=extended&callback=JSON_CALLBACK&lang=ru
2025-07-06 15:18:22.2129 INFO Подключение прошло успешно.
2025-07-06 15:18:22.2129 INFO Извлечение данных
2025-07-06 15:18:22.2129 INFO Данные получены
2025-07-06 15:18:22.2129 INFO Корректные данные для считывания
2025-07-06 15:18:22.2129 INFO Успешная десериализация данных
2025-07-06 15:18:22.2129 INFO Добавлено 25 биржевых облигаций и акций Роснефть из 28 других облигаций
2025-07-06 15:18:22.2129 INFO Подключение к данным по адресу: https://iss.moex.com/iss/emitters/10761/securities.jsonp?iss.meta=off&iss.json=extended&callback=JSON_CALLBACK&lang=ru
2025-07-06 15:18:22.2598 INFO Подключение прошло успешно.
2025-07-06 15:18:22.2598 INFO Извлечение данных
2025-07-06 15:18:22.2598 INFO Данные получены
2025-07-06 15:18:22.2598 INFO Корректные данные для считывания
2025-07-06 15:18:22.2598 INFO Успешная десериализация данных
2025-07-06 15:18:22.2754 INFO Добавлено 0 биржевых облигаций и акций МКПАО "ВК" из 3 других облигаций
2025-07-06 15:18:22.2754 INFO Подключение к данным по адресу: https://iss.moex.com/iss/emitters/1242/securities.jsonp?iss.meta=off&iss.json=extended&callback=JSON_CALLBACK&lang=ru
2025-07-06 15:18:22.3223 INFO Подключение прошло успешно.
2025-07-06 15:18:22.3223 INFO Извлечение данных
2025-07-06 15:18:22.3223 INFO Данные получены
2025-07-06 15:18:22.3223 INFO Корректные данные для считывания
2025-07-06 15:18:22.3223 INFO Успешная десериализация данных
2025-07-06 15:18:22.3223 INFO Добавлено 2 биржевых облигаций и акций Аэрофлот из 4 других облигаций
2025-07-06 15:18:22.3223 INFO Все данные успешно считаны. 494 биржевых облигаций и акций из 1010 разных типов облигаций
2025-07-06 15:18:22.3223 INFO Запись в файл: D:\Алексей\github\ExchangeParsing_DB\ExchangeParsing\ExchangeParsing\bin\Debug\MoscowExchange\Bonds\Bond_06.07.2025.csv
2025-07-06 15:18:22.3379 INFO Данные записаны.
2025-07-06 15:18:22.3379 INFO Добавление полученных данных в БД
2025-07-06 15:18:22.3848 INFO Подключение к БД прошло успешно
2025-07-06 15:18:22.4473 INFO Обработано акций: 18 (добавлено: 1, обновлено: 13)
2025-07-06 15:18:22.8066 INFO Добавлено 0 облигаций
2025-07-06 15:18:22.8066 INFO Приложение завершило работу
2025-07-06 15:20:01.3625 INFO Приложение запущено
2025-07-06 15:20:01.4250 INFO Отправка данных на сервер
2025-07-06 15:20:01.6438 INFO Получение данных из файла Address.csv
2025-07-06 15:20:01.6438 INFO Получение данных из файла Client.csv
2025-07-06 15:20:04.0865 INFO Данные адресов добавлены в БД
2025-07-06 15:20:04.1334 INFO Данные клиентов добавлены в БД
2025-07-06 15:20:04.1334 INFO Данные успешно отправлены на сервер
2025-07-06 15:20:04.1490 INFO Процесс получения курса валют запущен
2025-07-06 15:20:04.1490 INFO Подключение к данным по адресу: https://www.cbr.ru/currency_base/daily/?UniDbQuery.Posted=True&UniDbQuery.To=06.07.2025
2025-07-06 15:20:04.4927 INFO Подключение прошло успешно. OK
2025-07-06 15:20:04.5240 INFO Извлечение данных
2025-07-06 15:20:04.5396 INFO Данные успешно получены. Количество: 43
2025-07-06 15:20:04.5396 INFO Запись в файл по пути: D:\Алексей\github\ExchangeParsing_DB\ExchangeParsing\ExchangeParsing\bin\Debug\CentralBank\Rate_06.07.2025.csv
2025-07-06 15:20:04.5396 INFO Данные записаны в файл. Количество 43 из 43
2025-07-06 15:20:04.5396 INFO Добавление полученных данных в БД
2025-07-06 15:20:04.5396 INFO Подключение к БД прошло успешно
2025-07-06 15:20:04.7271 INFO Успешно добавлено 43 валют
2025-07-06 15:20:04.7271 INFO Данные успешно отправлены на сервер
2025-07-06 15:20:04.7271 INFO Получение данных из файла SecurityPortfolio.csv
2025-07-06 15:20:04.7271 INFO Получение данных из файла Portfolio_Currency.csv
2025-07-06 15:20:06.2379 INFO Данные о портфелях добавлены
2025-07-06 15:20:06.2535 INFO Данные о связях между портфелями и валютами добавлены
2025-07-06 15:20:06.2691 INFO Запущен процесс получения акций
2025-07-06 15:20:06.2691 INFO Подключение к данным по адресу: https://iss.moex.com/iss/engines/stock/markets/shares/boards/tqbr/securities.json?iss.only=marketdata&iss.meta=off&iss.json=extended&marketdata.columns=SECID%2CLAST%2CLASTTOPREVPRICE&sort_column=VALTODAY&sort_order=desc&first=18
2025-07-06 15:20:06.4254 INFO Извлечение данных
2025-07-06 15:20:06.5660 INFO Данные получены
2025-07-06 15:20:06.5660 INFO Корректные данные для считывания
2025-07-06 15:20:06.6129 INFO Успешная десериализация данных
2025-07-06 15:20:06.6129 INFO Запись в файл: D:\Алексей\github\ExchangeParsing_DB\ExchangeParsing\ExchangeParsing\bin\Debug\MoscowExchange\Stocks\Stock_06.07.2025.csv
2025-07-06 15:20:06.6285 INFO Данные записаны: 18 акций
2025-07-06 15:20:06.6285 INFO Запущен процесс получения облигаций
2025-07-06 15:20:06.6285 INFO Подключение к данным по адресу: https://iss.moex.com/iss/emitters/484/securities.jsonp?iss.meta=off&iss.json=extended&callback=JSON_CALLBACK&lang=ru
2025-07-06 15:20:06.9254 INFO Подключение прошло успешно.
2025-07-06 15:20:06.9410 INFO Извлечение данных
2025-07-06 15:20:06.9410 INFO Данные получены
2025-07-06 15:20:06.9410 INFO Корректные данные для считывания
2025-07-06 15:20:06.9566 INFO Успешная десериализация данных
2025-07-06 15:20:06.9566 INFO Добавлено 361 биржевых облигаций и акций Сбербанк из 367 других облигаций
2025-07-06 15:20:06.9566 INFO Подключение к данным по адресу: https://iss.moex.com/iss/emitters/269/securities.jsonp?iss.meta=off&iss.json=extended&callback=JSON_CALLBACK&lang=ru
2025-07-06 15:20:09.2223 INFO Подключение прошло успешно.
2025-07-06 15:20:09.2223 INFO Извлечение данных
2025-07-06 15:20:09.2379 INFO Данные получены
2025-07-06 15:20:09.2379 INFO Корректные данные для считывания
2025-07-06 15:20:09.2379 INFO Успешная десериализация данных
2025-07-06 15:20:09.2379 INFO Добавлено 57 биржевых облигаций и акций ВТБ ао из 521 других облигаций
2025-07-06 15:20:09.2379 INFO Подключение к данным по адресу: https://iss.moex.com/iss/emitters/3588/securities.jsonp?iss.meta=off&iss.json=extended&callback=JSON_CALLBACK&lang=ru
2025-07-06 15:20:09.2848 INFO Подключение прошло успешно.
2025-07-06 15:20:09.2848 INFO Извлечение данных
2025-07-06 15:20:09.2848 INFO Данные получены
2025-07-06 15:20:09.2848 INFO Корректные данные для считывания
2025-07-06 15:20:09.2848 INFO Успешная десериализация данных
2025-07-06 15:20:09.2848 INFO Добавлено 2 биржевых облигаций и акций ЮГК из 3 других облигаций
2025-07-06 15:20:09.2848 INFO Подключение к данным по адресу: https://iss.moex.com/iss/emitters/711/securities.jsonp?iss.meta=off&iss.json=extended&callback=JSON_CALLBACK&lang=ru
2025-07-06 15:20:09.3161 INFO Подключение прошло успешно.
2025-07-06 15:20:09.3161 INFO Извлечение данных
2025-07-06 15:20:09.3161 INFO Данные получены
2025-07-06 15:20:09.3161 INFO Корректные данные для считывания
2025-07-06 15:20:09.3161 INFO Успешная десериализация данных
2025-07-06 15:20:09.3317 INFO Добавлено 5 биржевых облигаций и акций ГАЗПРОМ ао из 7 других облигаций
2025-07-06 15:20:09.3317 INFO Подключение к данным по адресу: https://iss.moex.com/iss/emitters/10763/securities.jsonp?iss.meta=off&iss.json=extended&callback=JSON_CALLBACK&lang=ru
2025-07-06 15:20:09.3629 INFO Подключение прошло успешно.
2025-07-06 15:20:09.3629 INFO Извлечение данных
2025-07-06 15:20:09.3629 INFO Данные получены
2025-07-06 15:20:09.3629 INFO Корректные данные для считывания
2025-07-06 15:20:09.3629 INFO Успешная десериализация данных
2025-07-06 15:20:09.3629 INFO Добавлено 0 биржевых облигаций и акций Т-Техно ао из 2 других облигаций
2025-07-06 15:20:09.3629 INFO Подключение к данным по адресу: https://iss.moex.com/iss/emitters/770/securities.jsonp?iss.meta=off&iss.json=extended&callback=JSON_CALLBACK&lang=ru
2025-07-06 15:20:09.4098 INFO Подключение прошло успешно.
2025-07-06 15:20:09.4098 INFO Извлечение данных
2025-07-06 15:20:09.4098 INFO Данные получены
2025-07-06 15:20:09.4098 INFO Корректные данные для считывания
2025-07-06 15:20:09.4098 INFO Успешная десериализация данных
2025-07-06 15:20:09.4098 INFO Добавлено 0 биржевых облигаций и акций ЛУКОЙЛ из 7 других облигаций
2025-07-06 15:20:09.4098 INFO Подключение к данным по адресу: https://iss.moex.com/iss/emitters/1074/securities.jsonp?iss.meta=off&iss.json=extended&callback=JSON_CALLBACK&lang=ru
2025-07-06 15:20:09.4567 INFO Подключение прошло успешно.
2025-07-06 15:20:09.4567 INFO Извлечение данных
2025-07-06 15:20:09.4567 INFO Данные получены
2025-07-06 15:20:09.4567 INFO Корректные данные для считывания
2025-07-06 15:20:09.4567 INFO Успешная десериализация данных
2025-07-06 15:20:09.4567 INFO Добавлено 4 биржевых облигаций и акций Новатэк ао из 7 других облигаций
2025-07-06 15:20:09.4567 INFO Подключение к данным по адресу: https://iss.moex.com/iss/emitters/9848/securities.jsonp?iss.meta=off&iss.json=extended&callback=JSON_CALLBACK&lang=ru
2025-07-06 15:20:09.5036 INFO Подключение прошло успешно.
2025-07-06 15:20:09.5036 INFO Извлечение данных
2025-07-06 15:20:09.5036 INFO Данные получены
2025-07-06 15:20:09.5036 INFO Корректные данные для считывания
2025-07-06 15:20:09.5036 INFO Успешная десериализация данных
2025-07-06 15:20:09.5036 INFO Добавлено 10 биржевых облигаций и акций Самолет ао из 13 других облигаций
2025-07-06 15:20:09.5036 INFO Подключение к данным по адресу: https://iss.moex.com/iss/emitters/739/securities.jsonp?iss.meta=off&iss.json=extended&callback=JSON_CALLBACK&lang=ru
2025-07-06 15:20:09.5504 INFO Подключение прошло успешно.
2025-07-06 15:20:09.5504 INFO Извлечение данных
2025-07-06 15:20:09.5504 INFO Данные получены
2025-07-06 15:20:09.5504 INFO Корректные данные для считывания
2025-07-06 15:20:09.5504 INFO Успешная десериализация данных
2025-07-06 15:20:09.5504 INFO Добавлено 1 биржевых облигаций и акций ПИК ао из 4 других облигаций
2025-07-06 15:20:09.5504 INFO Подключение к данным по адресу: https://iss.moex.com/iss/emitters/10712/securities.jsonp?iss.meta=off&iss.json=extended&callback=JSON_CALLBACK&lang=ru
2025-07-06 15:20:09.5973 INFO Подключение прошло успешно.
2025-07-06 15:20:09.5973 INFO Извлечение данных
2025-07-06 15:20:09.5973 INFO Данные получены
2025-07-06 15:20:09.5973 INFO Корректные данные для считывания
2025-07-06 15:20:09.5973 INFO Успешная десериализация данных
2025-07-06 15:20:09.5973 INFO Добавлено 0 биржевых облигаций и акций КЦ ИКС 5 из 2 других облигаций
2025-07-06 15:20:09.5973 INFO Подключение к данным по адресу: https://iss.moex.com/iss/emitters/1399/securities.jsonp?iss.meta=off&iss.json=extended&callback=JSON_CALLBACK&lang=ru
2025-07-06 15:20:09.6442 INFO Подключение прошло успешно.
2025-07-06 15:20:09.6442 INFO Извлечение данных
2025-07-06 15:20:09.6442 INFO Данные получены
2025-07-06 15:20:09.6442 INFO Корректные данные для считывания
2025-07-06 15:20:09.6442 INFO Успешная десериализация данных
2025-07-06 15:20:09.6442 INFO Добавлено 11 биржевых облигаций и акций ГМКНорНик из 15 других облигаций
2025-07-06 15:20:09.6442 INFO Подключение к данным по адресу: https://iss.moex.com/iss/emitters/15523/securities.jsonp?iss.meta=off&iss.json=extended&callback=JSON_CALLBACK&lang=ru
2025-07-06 15:20:09.6754 INFO Подключение прошло успешно.
2025-07-06 15:20:09.6754 INFO Извлечение данных
2025-07-06 15:20:09.6754 INFO Данные получены
2025-07-06 15:20:09.6754 INFO Корректные данные для считывания
2025-07-06 15:20:09.6754 INFO Успешная десериализация данных
2025-07-06 15:20:09.6754 INFO Добавлено 1 биржевых облигаций и акций ЯНДЕКС из 3 других облигаций
2025-07-06 15:20:09.6754 INFO Подключение к данным по адресу: https://iss.moex.com/iss/emitters/12604/securities.jsonp?iss.meta=off&iss.json=extended&callback=JSON_CALLBACK&lang=ru
2025-07-06 15:20:09.7223 INFO Подключение прошло успешно.
2025-07-06 15:20:09.7223 INFO Извлечение данных
2025-07-06 15:20:09.7223 INFO Данные получены
2025-07-06 15:20:09.7379 INFO Корректные данные для считывания
2025-07-06 15:20:09.7379 INFO Успешная десериализация данных
2025-07-06 15:20:09.7379 INFO Добавлено 3 биржевых облигаций и акций iПозитив из 5 других облигаций
2025-07-06 15:20:09.7379 INFO Подключение к данным по адресу: https://iss.moex.com/iss/emitters/1158/securities.jsonp?iss.meta=off&iss.json=extended&callback=JSON_CALLBACK&lang=ru
2025-07-06 15:20:09.7692 INFO Подключение прошло успешно.
2025-07-06 15:20:09.7692 INFO Извлечение данных
2025-07-06 15:20:09.7692 INFO Данные получены
2025-07-06 15:20:09.7692 INFO Корректные данные для считывания
2025-07-06 15:20:09.7692 INFO Успешная десериализация данных
2025-07-06 15:20:09.7692 INFO Добавлено 4 биржевых облигаций и акций Полюс из 8 других облигаций
2025-07-06 15:20:09.7692 INFO Подключение к данным по адресу: https://iss.moex.com/iss/emitters/886/securities.jsonp?iss.meta=off&iss.json=extended&callback=JSON_CALLBACK&lang=ru
2025-07-06 15:20:09.8161 INFO Подключение прошло успешно.
2025-07-06 15:20:09.8161 INFO Извлечение данных
2025-07-06 15:20:09.8161 INFO Данные получены
2025-07-06 15:20:09.8161 INFO Корректные данные для считывания
2025-07-06 15:20:09.8161 INFO Успешная десериализация данных
2025-07-06 15:20:09.8161 INFO Добавлено 8 биржевых облигаций и акций Магнит ао из 11 других облигаций
2025-07-06 15:20:09.8161 INFO Подключение к данным по адресу: https://iss.moex.com/iss/emitters/651/securities.jsonp?iss.meta=off&iss.json=extended&callback=JSON_CALLBACK&lang=ru
2025-07-06 15:20:09.8629 INFO Подключение прошло успешно.
2025-07-06 15:20:09.8629 INFO Извлечение данных
2025-07-06 15:20:09.8629 INFO Данные получены
2025-07-06 15:20:09.8629 INFO Корректные данные для считывания
2025-07-06 15:20:09.8629 INFO Успешная десериализация данных
2025-07-06 15:20:09.8629 INFO Добавлено 25 биржевых облигаций и акций Роснефть из 28 других облигаций
2025-07-06 15:20:09.8629 INFO Подключение к данным по адресу: https://iss.moex.com/iss/emitters/10761/securities.jsonp?iss.meta=off&iss.json=extended&callback=JSON_CALLBACK&lang=ru
2025-07-06 15:20:09.9098 INFO Подключение прошло успешно.
2025-07-06 15:20:09.9098 INFO Извлечение данных
2025-07-06 15:20:09.9098 INFO Данные получены
2025-07-06 15:20:09.9098 INFO Корректные данные для считывания
2025-07-06 15:20:09.9098 INFO Успешная десериализация данных
2025-07-06 15:20:09.9098 INFO Добавлено 0 биржевых облигаций и акций МКПАО "ВК" из 3 других облигаций
2025-07-06 15:20:09.9098 INFO Подключение к данным по адресу: https://iss.moex.com/iss/emitters/1242/securities.jsonp?iss.meta=off&iss.json=extended&callback=JSON_CALLBACK&lang=ru
2025-07-06 15:20:09.9567 INFO Подключение прошло успешно.
2025-07-06 15:20:09.9567 INFO Извлечение данных
2025-07-06 15:20:09.9567 INFO Данные получены
2025-07-06 15:20:09.9567 INFO Корректные данные для считывания
2025-07-06 15:20:09.9567 INFO Успешная десериализация данных
2025-07-06 15:20:09.9567 INFO Добавлено 2 биржевых облигаций и акций Аэрофлот из 4 других облигаций
2025-07-06 15:20:09.9567 INFO Все данные успешно считаны. 494 биржевых облигаций и акций из 1010 разных типов облигаций
2025-07-06 15:20:09.9567 INFO Запись в файл: D:\Алексей\github\ExchangeParsing_DB\ExchangeParsing\ExchangeParsing\bin\Debug\MoscowExchange\Bonds\Bond_06.07.2025.csv
2025-07-06 15:20:09.9567 INFO Данные записаны.
2025-07-06 15:20:09.9567 INFO Добавление полученных данных в БД
2025-07-06 15:20:09.9567 INFO Подключение к БД прошло успешно
2025-07-06 15:20:10.0192 INFO Обработано акций: 18 (добавлено: 0, обновлено: 12)
2025-07-06 15:20:10.3942 INFO Добавлено 0 облигаций
2025-07-06 15:20:10.3942 INFO Приложение завершило работу
2025-07-06 15:26:09.8867 INFO Приложение запущено
2025-07-06 15:26:09.9649 INFO Отправка данных на сервер
2025-07-06 15:26:10.1836 INFO Получение данных из файла Address.csv
2025-07-06 15:26:10.1836 INFO Получение данных из файла Client.csv
2025-07-06 15:26:12.5696 INFO Данные адресов добавлены в БД
2025-07-06 15:26:12.6321 INFO Данные клиентов добавлены в БД
2025-07-06 15:26:12.6321 INFO Данные успешно отправлены на сервер
2025-07-06 15:26:12.6477 INFO Процесс получения курса валют запущен
2025-07-06 15:26:12.6477 INFO Подключение к данным по адресу: https://www.cbr.ru/currency_base/daily/?UniDbQuery.Posted=True&UniDbQuery.To=06.07.2025
2025-07-06 15:26:14.0122 INFO Подключение прошло успешно. OK
2025-07-06 15:26:14.0590 INFO Извлечение данных
2025-07-06 15:26:14.0590 INFO Данные успешно получены. Количество: 43
2025-07-06 15:26:14.0590 INFO Запись в файл по пути: D:\Алексей\github\ExchangeParsing_DB\ExchangeParsing\ExchangeParsing\bin\Debug\CentralBank\Rate_06.07.2025.csv
2025-07-06 15:26:14.0590 INFO Данные записаны в файл. Количество 43 из 43
2025-07-06 15:26:14.0747 INFO Добавление полученных данных в БД
2025-07-06 15:26:14.0747 INFO Подключение к БД прошло успешно
2025-07-06 15:26:14.2465 INFO Успешно добавлено 43 валют
2025-07-06 15:26:14.2465 INFO Данные успешно отправлены на сервер
2025-07-06 15:26:14.2622 INFO Получение данных из файла SecurityPortfolio.csv
2025-07-06 15:26:14.2622 INFO Получение данных из файла Portfolio_Currency.csv
2025-07-06 15:26:15.6059 INFO Данные о портфелях добавлены
2025-07-06 15:26:15.6216 INFO Данные о связях между портфелями и валютами добавлены
2025-07-06 15:26:15.6216 INFO Запущен процесс получения акций
2025-07-06 15:26:15.6216 INFO Подключение к данным по адресу: https://iss.moex.com/iss/engines/stock/markets/shares/boards/tqbr/securities.json?iss.only=marketdata&iss.meta=off&iss.json=extended&marketdata.columns=SECID%2CLAST%2CLASTTOPREVPRICE&sort_column=VALTODAY&sort_order=desc&first=18
2025-07-06 15:26:15.7778 INFO Извлечение данных
2025-07-06 15:26:15.9184 INFO Данные получены
2025-07-06 15:26:15.9341 INFO Корректные данные для считывания
2025-07-06 15:26:15.9809 INFO Успешная десериализация данных
2025-07-06 15:26:15.9809 INFO Запись в файл: D:\Алексей\github\ExchangeParsing_DB\ExchangeParsing\ExchangeParsing\bin\Debug\MoscowExchange\Stocks\Stock_06.07.2025.csv
2025-07-06 15:26:15.9809 INFO Данные записаны: 18 акций
2025-07-06 15:26:15.9809 INFO Запущен процесс получения облигаций
2025-07-06 15:26:15.9809 INFO Подключение к данным по адресу: https://iss.moex.com/iss/emitters/484/securities.jsonp?iss.meta=off&iss.json=extended&callback=JSON_CALLBACK&lang=ru
2025-07-06 15:26:16.3661 INFO Подключение прошло успешно.
2025-07-06 15:26:16.3661 INFO Извлечение данных
2025-07-06 15:26:16.3661 INFO Данные получены
2025-07-06 15:26:16.3661 INFO Корректные данные для считывания
2025-07-06 15:26:16.3817 INFO Успешная десериализация данных
2025-07-06 15:26:16.3817 INFO Добавлено 361 биржевых облигаций и акций Сбербанк из 367 других облигаций
2025-07-06 15:26:16.3817 INFO Подключение к данным по адресу: https://iss.moex.com/iss/emitters/269/securities.jsonp?iss.meta=off&iss.json=extended&callback=JSON_CALLBACK&lang=ru
2025-07-06 15:26:18.2696 INFO Подключение прошло успешно.
2025-07-06 15:26:18.2696 INFO Извлечение данных
2025-07-06 15:26:18.2852 INFO Данные получены
2025-07-06 15:26:18.2852 INFO Корректные данные для считывания
2025-07-06 15:26:18.2852 INFO Успешная десериализация данных
2025-07-06 15:26:18.2852 INFO Добавлено 57 биржевых облигаций и акций ВТБ ао из 521 других облигаций
2025-07-06 15:26:18.2852 INFO Подключение к данным по адресу: https://iss.moex.com/iss/emitters/3588/securities.jsonp?iss.meta=off&iss.json=extended&callback=JSON_CALLBACK&lang=ru
2025-07-06 15:26:18.3477 INFO Подключение прошло успешно.
2025-07-06 15:26:18.3477 INFO Извлечение данных
2025-07-06 15:26:18.3477 INFO Данные получены
2025-07-06 15:26:18.3477 INFO Корректные данные для считывания
2025-07-06 15:26:18.3477 INFO Успешная десериализация данных
2025-07-06 15:26:18.3477 INFO Добавлено 2 биржевых облигаций и акций ЮГК из 3 других облигаций
2025-07-06 15:26:18.3477 INFO Подключение к данным по адресу: https://iss.moex.com/iss/emitters/711/securities.jsonp?iss.meta=off&iss.json=extended&callback=JSON_CALLBACK&lang=ru
2025-07-06 15:26:18.3946 INFO Подключение прошло успешно.
2025-07-06 15:26:18.3946 INFO Извлечение данных
2025-07-06 15:26:18.3946 INFO Данные получены
2025-07-06 15:26:18.3946 INFO Корректные данные для считывания
2025-07-06 15:26:18.3946 INFO Успешная десериализация данных
2025-07-06 15:26:18.3946 INFO Добавлено 5 биржевых облигаций и акций ГАЗПРОМ ао из 7 других облигаций
2025-07-06 15:26:18.3946 INFO Подключение к данным по адресу: https://iss.moex.com/iss/emitters/10763/securities.jsonp?iss.meta=off&iss.json=extended&callback=JSON_CALLBACK&lang=ru
2025-07-06 15:26:18.4415 INFO Подключение прошло успешно.
2025-07-06 15:26:18.4415 INFO Извлечение данных
2025-07-06 15:26:18.4415 INFO Данные получены
2025-07-06 15:26:18.4415 INFO Корректные данные для считывания
2025-07-06 15:26:18.4415 INFO Успешная десериализация данных
2025-07-06 15:26:18.4415 INFO Добавлено 0 биржевых облигаций и акций Т-Техно ао из 2 других облигаций
2025-07-06 15:26:18.4415 INFO Подключение к данным по адресу: https://iss.moex.com/iss/emitters/770/securities.jsonp?iss.meta=off&iss.json=extended&callback=JSON_CALLBACK&lang=ru
2025-07-06 15:26:18.5040 INFO Подключение прошло успешно.
2025-07-06 15:26:18.5040 INFO Извлечение данных
2025-07-06 15:26:18.5040 INFO Данные получены
2025-07-06 15:26:18.5040 INFO Корректные данные для считывания
2025-07-06 15:26:18.5040 INFO Успешная десериализация данных
2025-07-06 15:26:18.5040 INFO Добавлено 0 биржевых облигаций и акций ЛУКОЙЛ из 7 других облигаций
2025-07-06 15:26:18.5040 INFO Подключение к данным по адресу: https://iss.moex.com/iss/emitters/1074/securities.jsonp?iss.meta=off&iss.json=extended&callback=JSON_CALLBACK&lang=ru
2025-07-06 15:26:18.5508 INFO Подключение прошло успешно.
2025-07-06 15:26:18.5508 INFO Извлечение данных
2025-07-06 15:26:18.5508 INFO Данные получены
2025-07-06 15:26:18.5508 INFO Корректные данные для считывания
2025-07-06 15:26:18.5508 INFO Успешная десериализация данных
2025-07-06 15:26:18.5508 INFO Добавлено 4 биржевых облигаций и акций Новатэк ао из 7 других облигаций
2025-07-06 15:26:18.5508 INFO Подключение к данным по адресу: https://iss.moex.com/iss/emitters/9848/securities.jsonp?iss.meta=off&iss.json=extended&callback=JSON_CALLBACK&lang=ru
2025-07-06 15:26:18.6133 INFO Подключение прошло успешно.
2025-07-06 15:26:18.6133 INFO Извлечение данных
2025-07-06 15:26:18.6133 INFO Данные получены
2025-07-06 15:26:18.6133 INFO Корректные данные для считывания
2025-07-06 15:26:18.6133 INFO Успешная десериализация данных
2025-07-06 15:26:18.6133 INFO Добавлено 10 биржевых облигаций и акций Самолет ао из 13 других облигаций
2025-07-06 15:26:18.6133 INFO Подключение к данным по адресу: https://iss.moex.com/iss/emitters/739/securities.jsonp?iss.meta=off&iss.json=extended&callback=JSON_CALLBACK&lang=ru
2025-07-06 15:26:18.6602 INFO Подключение прошло успешно.
2025-07-06 15:26:18.6602 INFO Извлечение данных
2025-07-06 15:26:18.6602 INFO Данные получены
2025-07-06 15:26:18.6602 INFO Корректные данные для считывания
2025-07-06 15:26:18.6602 INFO Успешная десериализация данных
2025-07-06 15:26:18.6602 INFO Добавлено 1 биржевых облигаций и акций ПИК ао из 4 других облигаций
2025-07-06 15:26:18.6602 INFO Подключение к данным по адресу: https://iss.moex.com/iss/emitters/10712/securities.jsonp?iss.meta=off&iss.json=extended&callback=JSON_CALLBACK&lang=ru
2025-07-06 15:26:18.7071 INFO Подключение прошло успешно.
2025-07-06 15:26:18.7071 INFO Извлечение данных
2025-07-06 15:26:18.7071 INFO Данные получены
2025-07-06 15:26:18.7071 INFO Корректные данные для считывания
2025-07-06 15:26:18.7071 INFO Успешная десериализация данных
2025-07-06 15:26:18.7071 INFO Добавлено 0 биржевых облигаций и акций КЦ ИКС 5 из 2 других облигаций
2025-07-06 15:26:18.7071 INFO Подключение к данным по адресу: https://iss.moex.com/iss/emitters/1399/securities.jsonp?iss.meta=off&iss.json=extended&callback=JSON_CALLBACK&lang=ru
2025-07-06 15:26:18.7696 INFO Подключение прошло успешно.
2025-07-06 15:26:18.7696 INFO Извлечение данных
2025-07-06 15:26:18.7696 INFO Данные получены
2025-07-06 15:26:18.7696 INFO Корректные данные для считывания
2025-07-06 15:26:18.7696 INFO Успешная десериализация данных
2025-07-06 15:26:18.7696 INFO Добавлено 11 биржевых облигаций и акций ГМКНорНик из 15 других облигаций
2025-07-06 15:26:18.7696 INFO Подключение к данным по адресу: https://iss.moex.com/iss/emitters/15523/securities.jsonp?iss.meta=off&iss.json=extended&callback=JSON_CALLBACK&lang=ru
2025-07-06 15:26:18.8165 INFO Подключение прошло успешно.
2025-07-06 15:26:18.8165 INFO Извлечение данных
2025-07-06 15:26:18.8165 INFO Данные получены
2025-07-06 15:26:18.8165 INFO Корректные данные для считывания
2025-07-06 15:26:18.8165 INFO Успешная десериализация данных
2025-07-06 15:26:18.8165 INFO Добавлено 1 биржевых облигаций и акций ЯНДЕКС из 3 других облигаций
2025-07-06 15:26:18.8165 INFO Подключение к данным по адресу: https://iss.moex.com/iss/emitters/12604/securities.jsonp?iss.meta=off&iss.json=extended&callback=JSON_CALLBACK&lang=ru
2025-07-06 15:26:18.8634 INFO Подключение прошло успешно.
2025-07-06 15:26:18.8634 INFO Извлечение данных
2025-07-06 15:26:18.8634 INFO Данные получены
2025-07-06 15:26:18.8634 INFO Корректные данные для считывания
2025-07-06 15:26:18.8634 INFO Успешная десериализация данных
2025-07-06 15:26:18.8634 INFO Добавлено 3 биржевых облигаций и акций iПозитив из 5 других облигаций
2025-07-06 15:26:18.8634 INFO Подключение к данным по адресу: https://iss.moex.com/iss/emitters/1158/securities.jsonp?iss.meta=off&iss.json=extended&callback=JSON_CALLBACK&lang=ru
2025-07-06 15:26:18.9259 INFO Подключение прошло успешно.
2025-07-06 15:26:18.9259 INFO Извлечение данных
2025-07-06 15:26:18.9259 INFO Данные получены
2025-07-06 15:26:18.9259 INFO Корректные данные для считывания
2025-07-06 15:26:18.9259 INFO Успешная десериализация данных
2025-07-06 15:26:18.9259 INFO Добавлено 4 биржевых облигаций и акций Полюс из 8 других облигаций
2025-07-06 15:26:18.9259 INFO Подключение к данным по адресу: https://iss.moex.com/iss/emitters/886/securities.jsonp?iss.meta=off&iss.json=extended&callback=JSON_CALLBACK&lang=ru
2025-07-06 15:26:18.9727 INFO Подключение прошло успешно.
2025-07-06 15:26:18.9884 INFO Извлечение данных
2025-07-06 15:26:18.9884 INFO Данные получены
2025-07-06 15:26:18.9884 INFO Корректные данные для считывания
2025-07-06 15:26:18.9884 INFO Успешная десериализация данных
2025-07-06 15:26:18.9884 INFO Добавлено 8 биржевых облигаций и акций Магнит ао из 11 других облигаций
2025-07-06 15:26:18.9884 INFO Подключение к данным по адресу: https://iss.moex.com/iss/emitters/651/securities.jsonp?iss.meta=off&iss.json=extended&callback=JSON_CALLBACK&lang=ru
2025-07-06 15:26:19.0352 INFO Подключение прошло успешно.
2025-07-06 15:26:19.0352 INFO Извлечение данных
2025-07-06 15:26:19.0352 INFO Данные получены
2025-07-06 15:26:19.0352 INFO Корректные данные для считывания
2025-07-06 15:26:19.0352 INFO Успешная десериализация данных
2025-07-06 15:26:19.0352 INFO Добавлено 25 биржевых облигаций и акций Роснефть из 28 других облигаций
2025-07-06 15:26:19.0352 INFO Подключение к данным по адресу: https://iss.moex.com/iss/emitters/10761/securities.jsonp?iss.meta=off&iss.json=extended&callback=JSON_CALLBACK&lang=ru
2025-07-06 15:26:19.0977 INFO Подключение прошло успешно.
2025-07-06 15:26:19.0977 INFO Извлечение данных
2025-07-06 15:26:19.0977 INFO Данные получены
2025-07-06 15:26:19.0977 INFO Корректные данные для считывания
2025-07-06 15:26:19.0977 INFO Успешная десериализация данных
2025-07-06 15:26:19.0977 INFO Добавлено 0 биржевых облигаций и акций МКПАО "ВК" из 3 других облигаций
2025-07-06 15:26:19.0977 INFO Подключение к данным по адресу: https://iss.moex.com/iss/emitters/1242/securities.jsonp?iss.meta=off&iss.json=extended&callback=JSON_CALLBACK&lang=ru
2025-07-06 15:26:19.1512 INFO Подключение прошло успешно.
2025-07-06 15:26:19.1512 INFO Извлечение данных
2025-07-06 15:26:19.1512 INFO Данные получены
2025-07-06 15:26:19.1512 INFO Корректные данные для считывания
2025-07-06 15:26:19.1512 INFO Успешная десериализация данных
2025-07-06 15:26:19.1512 INFO Добавлено 2 биржевых облигаций и акций Аэрофлот из 4 других облигаций
2025-07-06 15:26:19.1512 INFO Все данные успешно считаны. 494 биржевых облигаций и акций из 1010 разных типов облигаций
2025-07-06 15:26:19.1512 INFO Запись в файл: D:\Алексей\github\ExchangeParsing_DB\ExchangeParsing\ExchangeParsing\bin\Debug\MoscowExchange\Bonds\Bond_06.07.2025.csv
2025-07-06 15:26:19.1668 INFO Данные записаны.
2025-07-06 15:26:19.1668 INFO Добавление полученных данных в БД
2025-07-06 15:26:19.1668 INFO Подключение к БД прошло успешно
2025-07-06 15:26:19.2293 INFO Обработано акций: 18 (добавлено: 0, обновлено: 18)
2025-07-06 15:26:19.5730 INFO Добавлено 0 облигаций
2025-07-06 15:26:19.5730 INFO Приложение завершило работу
2025-07-06 16:26:37.0429 INFO Приложение запущено
2025-07-06 16:26:37.1054 INFO Отправка данных на сервер
2025-07-06 16:26:37.3398 INFO Получение данных из файла Address.csv
2025-07-06 16:26:37.3398 INFO Получение данных из файла Client.csv
2025-07-06 16:26:39.6992 INFO Данные адресов добавлены в БД
2025-07-06 16:26:39.7461 INFO Данные клиентов добавлены в БД
2025-07-06 16:26:39.7461 INFO Данные успешно отправлены на сервер
2025-07-06 16:26:39.7773 INFO Процесс получения курса валют запущен
2025-07-06 16:26:39.7773 INFO Подключение к данным по адресу: https://www.cbr.ru/currency_base/daily/?UniDbQuery.Posted=True&UniDbQuery.To=06.07.2025
2025-07-06 16:26:40.1211 INFO Подключение прошло успешно. OK
2025-07-06 16:26:40.1679 INFO Извлечение данных
2025-07-06 16:26:40.1679 INFO Данные успешно получены. Количество: 43
2025-07-06 16:26:40.1679 INFO Запись в файл по пути: D:\Алексей\github\ExchangeParsing_DB\ExchangeParsing\ExchangeParsing\bin\Debug\CentralBank\Rate_06.07.2025.csv
2025-07-06 16:26:40.1679 INFO Данные записаны в файл. Количество 43 из 43
2025-07-06 16:26:40.1679 INFO Добавление полученных данных в БД
2025-07-06 16:26:40.1679 INFO Подключение к БД прошло успешно
2025-07-06 16:26:40.3555 INFO Успешно добавлено 43 валют
2025-07-06 16:26:40.3555 INFO Данные успешно отправлены на сервер
2025-07-06 16:26:40.3555 INFO Получение данных из файла SecurityPortfolio.csv
2025-07-06 16:26:40.3555 INFO Получение данных из файла Portfolio_Currency.csv
2025-07-06 16:26:41.6836 INFO Данные о портфелях добавлены
2025-07-06 16:26:41.6992 INFO Данные о связях между портфелями и валютами добавлены
2025-07-06 16:26:41.6992 INFO Запущен процесс получения акций
2025-07-06 16:26:41.6992 INFO Подключение к данным по адресу: https://iss.moex.com/iss/engines/stock/markets/shares/boards/tqbr/securities.json?iss.only=marketdata&iss.meta=off&iss.json=extended&marketdata.columns=SECID%2CLAST%2CLASTTOPREVPRICE&sort_column=VALTODAY&sort_order=desc&first=18
2025-07-06 16:26:41.8970 INFO Извлечение данных
2025-07-06 16:26:42.0376 INFO Данные получены
2025-07-06 16:26:42.0376 INFO Корректные данные для считывания
2025-07-06 16:26:42.0845 INFO Успешная десериализация данных
2025-07-06 16:26:42.0845 INFO Запись в файл: D:\Алексей\github\ExchangeParsing_DB\ExchangeParsing\ExchangeParsing\bin\Debug\MoscowExchange\Stocks\Stock_06.07.2025.csv
2025-07-06 16:26:42.1001 INFO Данные записаны: 18 акций
2025-07-06 16:26:42.1001 INFO Запущен процесс получения облигаций
2025-07-06 16:26:42.1001 INFO Подключение к данным по адресу: https://iss.moex.com/iss/emitters/484/securities.jsonp?iss.meta=off&iss.json=extended&callback=JSON_CALLBACK&lang=ru
2025-07-06 16:26:42.4438 INFO Подключение прошло успешно.
2025-07-06 16:26:42.4438 INFO Извлечение данных
2025-07-06 16:26:42.4438 INFO Данные получены
2025-07-06 16:26:42.4438 INFO Корректные данные для считывания
2025-07-06 16:26:42.4595 INFO Успешная десериализация данных
2025-07-06 16:26:42.4595 INFO Добавлено 361 биржевых облигаций и акций Сбербанк из 367 других облигаций
2025-07-06 16:26:42.4595 INFO Подключение к данным по адресу: https://iss.moex.com/iss/emitters/269/securities.jsonp?iss.meta=off&iss.json=extended&callback=JSON_CALLBACK&lang=ru
2025-07-06 16:26:44.1260 INFO Подключение прошло успешно.
2025-07-06 16:26:44.1260 INFO Извлечение данных
2025-07-06 16:26:44.1260 INFO Данные получены
2025-07-06 16:26:44.1416 INFO Корректные данные для считывания
2025-07-06 16:26:44.1416 INFO Успешная десериализация данных
2025-07-06 16:26:44.1416 INFO Добавлено 57 биржевых облигаций и акций ВТБ ао из 521 других облигаций
2025-07-06 16:26:44.1416 INFO Подключение к данным по адресу: https://iss.moex.com/iss/emitters/3588/securities.jsonp?iss.meta=off&iss.json=extended&callback=JSON_CALLBACK&lang=ru
2025-07-06 16:26:44.1885 INFO Подключение прошло успешно.
2025-07-06 16:26:44.1885 INFO Извлечение данных
2025-07-06 16:26:44.1885 INFO Данные получены
2025-07-06 16:26:44.1885 INFO Корректные данные для считывания
2025-07-06 16:26:44.1885 INFO Успешная десериализация данных
2025-07-06 16:26:44.1885 INFO Добавлено 2 биржевых облигаций и акций ЮГК из 3 других облигаций
2025-07-06 16:26:44.1885 INFO Подключение к данным по адресу: https://iss.moex.com/iss/emitters/711/securities.jsonp?iss.meta=off&iss.json=extended&callback=JSON_CALLBACK&lang=ru
2025-07-06 16:26:44.2354 INFO Подключение прошло успешно.
2025-07-06 16:26:44.2354 INFO Извлечение данных
2025-07-06 16:26:44.2354 INFO Данные получены
2025-07-06 16:26:44.2354 INFO Корректные данные для считывания
2025-07-06 16:26:44.2354 INFO Успешная десериализация данных
2025-07-06 16:26:44.2354 INFO Добавлено 5 биржевых облигаций и акций ГАЗПРОМ ао из 7 других облигаций
2025-07-06 16:26:44.2354 INFO Подключение к данным по адресу: https://iss.moex.com/iss/emitters/10763/securities.jsonp?iss.meta=off&iss.json=extended&callback=JSON_CALLBACK&lang=ru
2025-07-06 16:26:44.2666 INFO Подключение прошло успешно.
2025-07-06 16:26:44.2666 INFO Извлечение данных
2025-07-06 16:26:44.2666 INFO Данные получены
2025-07-06 16:26:44.2666 INFO Корректные данные для считывания
2025-07-06 16:26:44.2666 INFO Успешная десериализация данных
2025-07-06 16:26:44.2666 INFO Добавлено 0 биржевых облигаций и акций Т-Техно ао из 2 других облигаций
2025-07-06 16:26:44.2666 INFO Подключение к данным по адресу: https://iss.moex.com/iss/emitters/770/securities.jsonp?iss.meta=off&iss.json=extended&callback=JSON_CALLBACK&lang=ru
2025-07-06 16:26:44.3135 INFO Подключение прошло успешно.
2025-07-06 16:26:44.3135 INFO Извлечение данных
2025-07-06 16:26:44.3135 INFO Данные получены
2025-07-06 16:26:44.3135 INFO Корректные данные для считывания
2025-07-06 16:26:44.3135 INFO Успешная десериализация данных
2025-07-06 16:26:44.3135 INFO Добавлено 0 биржевых облигаций и акций ЛУКОЙЛ из 7 других облигаций
2025-07-06 16:26:44.3135 INFO Подключение к данным по адресу: https://iss.moex.com/iss/emitters/1074/securities.jsonp?iss.meta=off&iss.json=extended&callback=JSON_CALLBACK&lang=ru
2025-07-06 16:26:44.3604 INFO Подключение прошло успешно.
2025-07-06 16:26:44.3604 INFO Извлечение данных
2025-07-06 16:26:44.3604 INFO Данные получены
2025-07-06 16:26:44.3604 INFO Корректные данные для считывания
2025-07-06 16:26:44.3604 INFO Успешная десериализация данных
2025-07-06 16:26:44.3604 INFO Добавлено 4 биржевых облигаций и акций Новатэк ао из 7 других облигаций
2025-07-06 16:26:44.3604 INFO Подключение к данным по адресу: https://iss.moex.com/iss/emitters/9848/securities.jsonp?iss.meta=off&iss.json=extended&callback=JSON_CALLBACK&lang=ru
2025-07-06 16:26:44.4072 INFO Подключение прошло успешно.
2025-07-06 16:26:44.4072 INFO Извлечение данных
2025-07-06 16:26:44.4072 INFO Данные получены
2025-07-06 16:26:44.4072 INFO Корректные данные для считывания
2025-07-06 16:26:44.4072 INFO Успешная десериализация данных
2025-07-06 16:26:44.4072 INFO Добавлено 10 биржевых облигаций и акций Самолет ао из 13 других облигаций
2025-07-06 16:26:44.4072 INFO Подключение к данным по адресу: https://iss.moex.com/iss/emitters/739/securities.jsonp?iss.meta=off&iss.json=extended&callback=JSON_CALLBACK&lang=ru
2025-07-06 16:26:44.4541 INFO Подключение прошло успешно.
2025-07-06 16:26:44.4541 INFO Извлечение данных
2025-07-06 16:26:44.4541 INFO Данные получены
2025-07-06 16:26:44.4541 INFO Корректные данные для считывания
2025-07-06 16:26:44.4541 INFO Успешная десериализация данных
2025-07-06 16:26:44.4541 INFO Добавлено 1 биржевых облигаций и акций ПИК ао из 4 других облигаций
2025-07-06 16:26:44.4541 INFO Подключение к данным по адресу: https://iss.moex.com/iss/emitters/10712/securities.jsonp?iss.meta=off&iss.json=extended&callback=JSON_CALLBACK&lang=ru
2025-07-06 16:26:44.5010 INFO Подключение прошло успешно.
2025-07-06 16:26:44.5010 INFO Извлечение данных
2025-07-06 16:26:44.5010 INFO Данные получены
2025-07-06 16:26:44.5010 INFO Корректные данные для считывания
2025-07-06 16:26:44.5010 INFO Успешная десериализация данных
2025-07-06 16:26:44.5010 INFO Добавлено 0 биржевых облигаций и акций КЦ ИКС 5 из 2 других облигаций
2025-07-06 16:26:44.5010 INFO Подключение к данным по адресу: https://iss.moex.com/iss/emitters/1399/securities.jsonp?iss.meta=off&iss.json=extended&callback=JSON_CALLBACK&lang=ru
2025-07-06 16:26:44.5479 INFO Подключение прошло успешно.
2025-07-06 16:26:44.5479 INFO Извлечение данных
2025-07-06 16:26:44.5479 INFO Данные получены
2025-07-06 16:26:44.5479 INFO Корректные данные для считывания
2025-07-06 16:26:44.5479 INFO Успешная десериализация данных
2025-07-06 16:26:44.5479 INFO Добавлено 11 биржевых облигаций и акций ГМКНорНик из 15 других облигаций
2025-07-06 16:26:44.5479 INFO Подключение к данным по адресу: https://iss.moex.com/iss/emitters/15523/securities.jsonp?iss.meta=off&iss.json=extended&callback=JSON_CALLBACK&lang=ru
2025-07-06 16:26:44.5947 INFO Подключение прошло успешно.
2025-07-06 16:26:44.5947 INFO Извлечение данных
2025-07-06 16:26:44.5947 INFO Данные получены
2025-07-06 16:26:44.5947 INFO Корректные данные для считывания
2025-07-06 16:26:44.5947 INFO Успешная десериализация данных
2025-07-06 16:26:44.5947 INFO Добавлено 1 биржевых облигаций и акций ЯНДЕКС из 3 других облигаций
2025-07-06 16:26:44.5947 INFO Подключение к данным по адресу: https://iss.moex.com/iss/emitters/12604/securities.jsonp?iss.meta=off&iss.json=extended&callback=JSON_CALLBACK&lang=ru
2025-07-06 16:26:44.6416 INFO Подключение прошло успешно.
2025-07-06 16:26:44.6416 INFO Извлечение данных
2025-07-06 16:26:44.6416 INFO Данные получены
2025-07-06 16:26:44.6416 INFO Корректные данные для считывания
2025-07-06 16:26:44.6416 INFO Успешная десериализация данных
2025-07-06 16:26:44.6416 INFO Добавлено 3 биржевых облигаций и акций iПозитив из 5 других облигаций
2025-07-06 16:26:44.6416 INFO Подключение к данным по адресу: https://iss.moex.com/iss/emitters/1158/securities.jsonp?iss.meta=off&iss.json=extended&callback=JSON_CALLBACK&lang=ru
2025-07-06 16:26:44.6885 INFO Подключение прошло успешно.
2025-07-06 16:26:44.6885 INFO Извлечение данных
2025-07-06 16:26:44.6885 INFO Данные получены
2025-07-06 16:26:44.6885 INFO Корректные данные для считывания
2025-07-06 16:26:44.6885 INFO Успешная десериализация данных
2025-07-06 16:26:44.6885 INFO Добавлено 4 биржевых облигаций и акций Полюс из 8 других облигаций
2025-07-06 16:26:44.6885 INFO Подключение к данным по адресу: https://iss.moex.com/iss/emitters/886/securities.jsonp?iss.meta=off&iss.json=extended&callback=JSON_CALLBACK&lang=ru
2025-07-06 16:26:44.7354 INFO Подключение прошло успешно.
2025-07-06 16:26:44.7354 INFO Извлечение данных
2025-07-06 16:26:44.7354 INFO Данные получены
2025-07-06 16:26:44.7354 INFO Корректные данные для считывания
2025-07-06 16:26:44.7354 INFO Успешная десериализация данных
2025-07-06 16:26:44.7354 INFO Добавлено 8 биржевых облигаций и акций Магнит ао из 11 других облигаций
2025-07-06 16:26:44.7354 INFO Подключение к данным по адресу: https://iss.moex.com/iss/emitters/651/securities.jsonp?iss.meta=off&iss.json=extended&callback=JSON_CALLBACK&lang=ru
2025-07-06 16:26:44.7822 INFO Подключение прошло успешно.
2025-07-06 16:26:44.7822 INFO Извлечение данных
2025-07-06 16:26:44.7822 INFO Данные получены
2025-07-06 16:26:44.7822 INFO Корректные данные для считывания
2025-07-06 16:26:44.7822 INFO Успешная десериализация данных
2025-07-06 16:26:44.7822 INFO Добавлено 25 биржевых облигаций и акций Роснефть из 28 других облигаций
2025-07-06 16:26:44.7822 INFO Подключение к данным по адресу: https://iss.moex.com/iss/emitters/10761/securities.jsonp?iss.meta=off&iss.json=extended&callback=JSON_CALLBACK&lang=ru
2025-07-06 16:26:44.8135 INFO Подключение прошло успешно.
2025-07-06 16:26:44.8135 INFO Извлечение данных
2025-07-06 16:26:44.8135 INFO Данные получены
2025-07-06 16:26:44.8135 INFO Корректные данные для считывания
2025-07-06 16:26:44.8135 INFO Успешная десериализация данных
2025-07-06 16:26:44.8135 INFO Добавлено 0 биржевых облигаций и акций МКПАО "ВК" из 3 других облигаций
2025-07-06 16:26:44.8135 INFO Подключение к данным по адресу: https://iss.moex.com/iss/emitters/1242/securities.jsonp?iss.meta=off&iss.json=extended&callback=JSON_CALLBACK&lang=ru
2025-07-06 16:26:44.8604 INFO Подключение прошло успешно.
2025-07-06 16:26:44.8604 INFO Извлечение данных
2025-07-06 16:26:44.8604 INFO Данные получены
2025-07-06 16:26:44.8604 INFO Корректные данные для считывания
2025-07-06 16:26:44.8604 INFO Успешная десериализация данных
2025-07-06 16:26:44.8604 INFO Добавлено 2 биржевых облигаций и акций Аэрофлот из 4 других облигаций
2025-07-06 16:26:44.8604 INFO Все данные успешно считаны. 494 биржевых облигаций и акций из 1010 разных типов облигаций
2025-07-06 16:26:44.8604 INFO Запись в файл: D:\Алексей\github\ExchangeParsing_DB\ExchangeParsing\ExchangeParsing\bin\Debug\MoscowExchange\Bonds\Bond_06.07.2025.csv
2025-07-06 16:26:44.8760 INFO Данные записаны.
2025-07-06 16:26:44.8760 INFO Добавление полученных данных в БД
2025-07-06 16:26:44.8760 INFO Подключение к БД прошло успешно
2025-07-06 16:26:44.9229 INFO Обработано акций: 18 (добавлено: 0, обновлено: 18)
2025-07-06 16:26:45.2979 INFO Добавлено 0 облигаций
2025-07-06 16:26:45.2979 INFO Приложение завершило работу
2025-07-06 16:38:08.5512 INFO Приложение запущено
2025-07-06 16:38:08.6137 INFO Отправка данных на сервер
2025-07-06 16:38:08.8481 INFO Получение данных из файла Address.csv
2025-07-06 16:38:08.8481 INFO Получение данных из файла Client.csv
2025-07-06 16:38:11.2878 INFO Данные адресов добавлены в БД
2025-07-06 16:38:11.3503 INFO Данные клиентов добавлены в БД
2025-07-06 16:38:11.3503 INFO Данные успешно отправлены на сервер
2025-07-06 16:38:11.3503 INFO Процесс получения курса валют запущен
2025-07-06 16:38:11.3659 INFO Подключение к данным по адресу: https://www.cbr.ru/currency_base/daily/?UniDbQuery.Posted=True&UniDbQuery.To=06.07.2025
2025-07-06 16:38:11.6940 INFO Подключение прошло успешно. OK
2025-07-06 16:38:11.7253 INFO Извлечение данных
2025-07-06 16:38:11.7409 INFO Данные успешно получены. Количество: 43
2025-07-06 16:38:11.7409 INFO Запись в файл по пути: D:\Алексей\github\ExchangeParsing_DB\ExchangeParsing\ExchangeParsing\bin\Debug\CentralBank\Rate_06.07.2025.csv
2025-07-06 16:38:11.7409 INFO Данные записаны в файл. Количество 43 из 43
2025-07-06 16:38:11.7409 INFO Добавление полученных данных в БД
2025-07-06 16:38:11.7409 INFO Подключение к БД прошло успешно
2025-07-06 16:38:11.9284 INFO Успешно добавлено 43 валют
2025-07-06 16:38:11.9284 INFO Данные успешно отправлены на сервер
2025-07-06 16:38:11.9284 INFO Получение данных из файла SecurityPortfolio.csv
2025-07-06 16:38:11.9440 INFO Получение данных из файла Portfolio_Currency.csv
2025-07-06 16:38:13.4158 INFO Данные о портфелях добавлены
2025-07-06 16:38:13.4315 INFO Данные о связях между портфелями и валютами добавлены
2025-07-06 16:38:13.4315 INFO Запущен процесс получения акций
2025-07-06 16:38:13.4315 INFO Подключение к данным по адресу: https://iss.moex.com/iss/engines/stock/markets/shares/boards/tqbr/securities.json?iss.only=marketdata&iss.meta=off&iss.json=extended&marketdata.columns=SECID%2CLAST%2CLASTTOPREVPRICE&sort_column=VALTODAY&sort_order=desc&first=18
2025-07-06 16:38:13.5822 INFO Извлечение данных
2025-07-06 16:38:13.7384 INFO Данные получены
2025-07-06 16:38:13.7384 INFO Корректные данные для считывания
2025-07-06 16:38:13.7853 INFO Успешная десериализация данных
2025-07-06 16:38:13.7853 INFO Запись в файл: D:\Алексей\github\ExchangeParsing_DB\ExchangeParsing\ExchangeParsing\bin\Debug\MoscowExchange\Stocks\Stock_06.07.2025.csv
2025-07-06 16:38:13.7853 INFO Данные записаны: 18 акций
2025-07-06 16:38:13.8009 INFO Запущен процесс получения облигаций
2025-07-06 16:38:13.8009 INFO Подключение к данным по адресу: https://iss.moex.com/iss/emitters/484/securities.jsonp?iss.meta=off&iss.json=extended&callback=JSON_CALLBACK&lang=ru
2025-07-06 16:38:14.2595 INFO Подключение прошло успешно.
2025-07-06 16:38:14.2595 INFO Извлечение данных
2025-07-06 16:38:14.2595 INFO Данные получены
2025-07-06 16:38:14.2595 INFO Корректные данные для считывания
2025-07-06 16:38:14.2751 INFO Успешная десериализация данных
2025-07-06 16:38:14.2751 INFO Добавлено 361 биржевых облигаций и акций Сбербанк из 367 других облигаций
2025-07-06 16:38:14.2751 INFO Подключение к данным по адресу: https://iss.moex.com/iss/emitters/269/securities.jsonp?iss.meta=off&iss.json=extended&callback=JSON_CALLBACK&lang=ru
2025-07-06 16:38:15.3387 INFO Подключение прошло успешно.
2025-07-06 16:38:15.3387 INFO Извлечение данных
2025-07-06 16:38:15.3387 INFO Данные получены
2025-07-06 16:38:15.3543 INFO Корректные данные для считывания
2025-07-06 16:38:15.3543 INFO Успешная десериализация данных
2025-07-06 16:38:15.3543 INFO Добавлено 57 биржевых облигаций и акций ВТБ ао из 521 других облигаций
2025-07-06 16:38:15.3543 INFO Подключение к данным по адресу: https://iss.moex.com/iss/emitters/3588/securities.jsonp?iss.meta=off&iss.json=extended&callback=JSON_CALLBACK&lang=ru
2025-07-06 16:38:15.4012 INFO Подключение прошло успешно.
2025-07-06 16:38:15.4012 INFO Извлечение данных
2025-07-06 16:38:15.4012 INFO Данные получены
2025-07-06 16:38:15.4012 INFO Корректные данные для считывания
2025-07-06 16:38:15.4012 INFO Успешная десериализация данных
2025-07-06 16:38:15.4012 INFO Добавлено 2 биржевых облигаций и акций ЮГК из 3 других облигаций
2025-07-06 16:38:15.4012 INFO Подключение к данным по адресу: https://iss.moex.com/iss/emitters/711/securities.jsonp?iss.meta=off&iss.json=extended&callback=JSON_CALLBACK&lang=ru
2025-07-06 16:38:15.4480 INFO Подключение прошло успешно.
2025-07-06 16:38:15.4480 INFO Извлечение данных
2025-07-06 16:38:15.4480 INFO Данные получены
2025-07-06 16:38:15.4480 INFO Корректные данные для считывания
2025-07-06 16:38:15.4637 INFO Успешная десериализация данных
2025-07-06 16:38:15.4637 INFO Добавлено 5 биржевых облигаций и акций ГАЗПРОМ ао из 7 других облигаций
2025-07-06 16:38:15.4637 INFO Подключение к данным по адресу: https://iss.moex.com/iss/emitters/10763/securities.jsonp?iss.meta=off&iss.json=extended&callback=JSON_CALLBACK&lang=ru
2025-07-06 16:38:15.5105 INFO Подключение прошло успешно.
2025-07-06 16:38:15.5105 INFO Извлечение данных
2025-07-06 16:38:15.5105 INFO Данные получены
2025-07-06 16:38:15.5105 INFO Корректные данные для считывания
2025-07-06 16:38:15.5105 INFO Успешная десериализация данных
2025-07-06 16:38:15.5105 INFO Добавлено 0 биржевых облигаций и акций Т-Техно ао из 2 других облигаций
2025-07-06 16:38:15.5105 INFO Подключение к данным по адресу: https://iss.moex.com/iss/emitters/770/securities.jsonp?iss.meta=off&iss.json=extended&callback=JSON_CALLBACK&lang=ru
2025-07-06 16:38:15.5574 INFO Подключение прошло успешно.
2025-07-06 16:38:15.5574 INFO Извлечение данных
2025-07-06 16:38:15.5574 INFO Данные получены
2025-07-06 16:38:15.5574 INFO Корректные данные для считывания
2025-07-06 16:38:15.5574 INFO Успешная десериализация данных
2025-07-06 16:38:15.5574 INFO Добавлено 0 биржевых облигаций и акций ЛУКОЙЛ из 7 других облигаций
2025-07-06 16:38:15.5574 INFO Подключение к данным по адресу: https://iss.moex.com/iss/emitters/1074/securities.jsonp?iss.meta=off&iss.json=extended&callback=JSON_CALLBACK&lang=ru
2025-07-06 16:38:15.6199 INFO Подключение прошло успешно.
2025-07-06 16:38:15.6199 INFO Извлечение данных
2025-07-06 16:38:15.6199 INFO Данные получены
2025-07-06 16:38:15.6199 INFO Корректные данные для считывания
2025-07-06 16:38:15.6199 INFO Успешная десериализация данных
2025-07-06 16:38:15.6199 INFO Добавлено 4 биржевых облигаций и акций Новатэк ао из 7 других облигаций
2025-07-06 16:38:15.6199 INFO Подключение к данным по адресу: https://iss.moex.com/iss/emitters/9848/securities.jsonp?iss.meta=off&iss.json=extended&callback=JSON_CALLBACK&lang=ru
2025-07-06 16:38:15.6668 INFO Подключение прошло успешно.
2025-07-06 16:38:15.6668 INFO Извлечение данных
2025-07-06 16:38:15.6668 INFO Данные получены
2025-07-06 16:38:15.6668 INFO Корректные данные для считывания
2025-07-06 16:38:15.6668 INFO Успешная десериализация данных
2025-07-06 16:38:15.6668 INFO Добавлено 10 биржевых облигаций и акций Самолет ао из 13 других облигаций
2025-07-06 16:38:15.6668 INFO Подключение к данным по адресу: https://iss.moex.com/iss/emitters/739/securities.jsonp?iss.meta=off&iss.json=extended&callback=JSON_CALLBACK&lang=ru
2025-07-06 16:38:15.7137 INFO Подключение прошло успешно.
2025-07-06 16:38:15.7137 INFO Извлечение данных
2025-07-06 16:38:15.7137 INFO Данные получены
2025-07-06 16:38:15.7137 INFO Корректные данные для считывания
2025-07-06 16:38:15.7137 INFO Успешная десериализация данных
2025-07-06 16:38:15.7137 INFO Добавлено 1 биржевых облигаций и акций ПИК ао из 4 других облигаций
2025-07-06 16:38:15.7137 INFO Подключение к данным по адресу: https://iss.moex.com/iss/emitters/10712/securities.jsonp?iss.meta=off&iss.json=extended&callback=JSON_CALLBACK&lang=ru
2025-07-06 16:38:15.7606 INFO Подключение прошло успешно.
2025-07-06 16:38:15.7606 INFO Извлечение данных
2025-07-06 16:38:15.7606 INFO Данные получены
2025-07-06 16:38:15.7606 INFO Корректные данные для считывания
2025-07-06 16:38:15.7606 INFO Успешная десериализация данных
2025-07-06 16:38:15.7606 INFO Добавлено 0 биржевых облигаций и акций КЦ ИКС 5 из 2 других облигаций
2025-07-06 16:38:15.7606 INFO Подключение к данным по адресу: https://iss.moex.com/iss/emitters/1399/securities.jsonp?iss.meta=off&iss.json=extended&callback=JSON_CALLBACK&lang=ru
2025-07-06 16:38:15.8231 INFO Подключение прошло успешно.
2025-07-06 16:38:15.8231 INFO Извлечение данных
2025-07-06 16:38:15.8231 INFO Данные получены
2025-07-06 16:38:15.8231 INFO Корректные данные для считывания
2025-07-06 16:38:15.8231 INFO Успешная десериализация данных
2025-07-06 16:38:15.8231 INFO Добавлено 11 биржевых облигаций и акций ГМКНорНик из 15 других облигаций
2025-07-06 16:38:15.8231 INFO Подключение к данным по адресу: https://iss.moex.com/iss/emitters/15523/securities.jsonp?iss.meta=off&iss.json=extended&callback=JSON_CALLBACK&lang=ru
2025-07-06 16:38:15.8699 INFO Подключение прошло успешно.
2025-07-06 16:38:15.8699 INFO Извлечение данных
2025-07-06 16:38:15.8699 INFO Данные получены
2025-07-06 16:38:15.8699 INFO Корректные данные для считывания
2025-07-06 16:38:15.8699 INFO Успешная десериализация данных
2025-07-06 16:38:15.8699 INFO Добавлено 1 биржевых облигаций и акций ЯНДЕКС из 3 других облигаций
2025-07-06 16:38:15.8699 INFO Подключение к данным по адресу: https://iss.moex.com/iss/emitters/12604/securities.jsonp?iss.meta=off&iss.json=extended&callback=JSON_CALLBACK&lang=ru
2025-07-06 16:38:15.9168 INFO Подключение прошло успешно.
2025-07-06 16:38:15.9168 INFO Извлечение данных
2025-07-06 16:38:15.9168 INFO Данные получены
2025-07-06 16:38:15.9168 INFO Корректные данные для считывания
2025-07-06 16:38:15.9168 INFO Успешная десериализация данных
2025-07-06 16:38:15.9168 INFO Добавлено 3 биржевых облигаций и акций iПозитив из 5 других облигаций
2025-07-06 16:38:15.9168 INFO Подключение к данным по адресу: https://iss.moex.com/iss/emitters/1158/securities.jsonp?iss.meta=off&iss.json=extended&callback=JSON_CALLBACK&lang=ru
2025-07-06 16:38:15.9637 INFO Подключение прошло успешно.
2025-07-06 16:38:15.9637 INFO Извлечение данных
2025-07-06 16:38:15.9637 INFO Данные получены
2025-07-06 16:38:15.9637 INFO Корректные данные для считывания
2025-07-06 16:38:15.9637 INFO Успешная десериализация данных
2025-07-06 16:38:15.9637 INFO Добавлено 4 биржевых облигаций и акций Полюс из 8 других облигаций
2025-07-06 16:38:15.9637 INFO Подключение к данным по адресу: https://iss.moex.com/iss/emitters/886/securities.jsonp?iss.meta=off&iss.json=extended&callback=JSON_CALLBACK&lang=ru
2025-07-06 16:38:16.0106 INFO Подключение прошло успешно.
2025-07-06 16:38:16.0106 INFO Извлечение данных
2025-07-06 16:38:16.0106 INFO Данные получены
2025-07-06 16:38:16.0106 INFO Корректные данные для считывания
2025-07-06 16:38:16.0106 INFO Успешная десериализация данных
2025-07-06 16:38:16.0106 INFO Добавлено 8 биржевых облигаций и акций Магнит ао из 11 других облигаций
2025-07-06 16:38:16.0106 INFO Подключение к данным по адресу: https://iss.moex.com/iss/emitters/651/securities.jsonp?iss.meta=off&iss.json=extended&callback=JSON_CALLBACK&lang=ru
2025-07-06 16:38:16.0731 INFO Подключение прошло успешно.
2025-07-06 16:38:16.0865 INFO Извлечение данных
2025-07-06 16:38:16.0865 INFO Данные получены
2025-07-06 16:38:16.0865 INFO Корректные данные для считывания
2025-07-06 16:38:16.0865 INFO Успешная десериализация данных
2025-07-06 16:38:16.0865 INFO Добавлено 25 биржевых облигаций и акций Роснефть из 28 других облигаций
2025-07-06 16:38:16.0865 INFO Подключение к данным по адресу: https://iss.moex.com/iss/emitters/10761/securities.jsonp?iss.meta=off&iss.json=extended&callback=JSON_CALLBACK&lang=ru
2025-07-06 16:38:16.1340 INFO Подключение прошло успешно.
2025-07-06 16:38:16.1340 INFO Извлечение данных
2025-07-06 16:38:16.1340 INFO Данные получены
2025-07-06 16:38:16.1340 INFO Корректные данные для считывания
2025-07-06 16:38:16.1340 INFO Успешная десериализация данных
2025-07-06 16:38:16.1340 INFO Добавлено 0 биржевых облигаций и акций МКПАО "ВК" из 3 других облигаций
2025-07-06 16:38:16.1340 INFO Подключение к данным по адресу: https://iss.moex.com/iss/emitters/1242/securities.jsonp?iss.meta=off&iss.json=extended&callback=JSON_CALLBACK&lang=ru
2025-07-06 16:38:16.1809 INFO Подключение прошло успешно.
2025-07-06 16:38:16.1809 INFO Извлечение данных
2025-07-06 16:38:16.1965 INFO Данные получены
2025-07-06 16:38:16.1965 INFO Корректные данные для считывания
2025-07-06 16:38:16.1965 INFO Успешная десериализация данных
2025-07-06 16:38:16.1965 INFO Добавлено 2 биржевых облигаций и акций Аэрофлот из 4 других облигаций
2025-07-06 16:38:16.1965 INFO Все данные успешно считаны. 494 биржевых облигаций и акций из 1010 разных типов облигаций
2025-07-06 16:38:16.1965 INFO Запись в файл: D:\Алексей\github\ExchangeParsing_DB\ExchangeParsing\ExchangeParsing\bin\Debug\MoscowExchange\Bonds\Bond_06.07.2025.csv
2025-07-06 16:38:16.1965 INFO Данные записаны.
2025-07-06 16:38:16.1965 INFO Добавление полученных данных в БД
2025-07-06 16:38:16.2278 INFO Подключение к БД прошло успешно
2025-07-06 16:38:16.2746 INFO Обработано акций: 18 (добавлено: 0, обновлено: 18)
2025-07-06 16:38:17.4815 ERROR An error occurred while updating the entries. See the inner exception for details.
2025-07-06 16:38:17.4815 INFO Приложение завершило работу
2025-07-06 16:39:12.7254 INFO Приложение запущено
2025-07-06 16:39:12.8035 INFO Отправка данных на сервер
2025-07-06 16:39:13.0432 INFO Получение данных из файла Address.csv
2025-07-06 16:39:13.0432 INFO Получение данных из файла Client.csv
2025-07-06 16:39:15.3805 INFO Данные адресов добавлены в БД
2025-07-06 16:39:15.4430 INFO Данные клиентов добавлены в БД
2025-07-06 16:39:15.4430 INFO Данные успешно отправлены на сервер
2025-07-06 16:39:15.4430 INFO Процесс получения курса валют запущен
2025-07-06 16:39:15.4430 INFO Подключение к данным по адресу: https://www.cbr.ru/currency_base/daily/?UniDbQuery.Posted=True&UniDbQuery.To=06.07.2025
2025-07-06 16:39:15.7555 INFO Подключение прошло успешно. OK
2025-07-06 16:39:15.7867 INFO Извлечение данных
2025-07-06 16:39:15.8023 INFO Данные успешно получены. Количество: 43
2025-07-06 16:39:15.8023 INFO Запись в файл по пути: D:\Алексей\github\ExchangeParsing_DB\ExchangeParsing\ExchangeParsing\bin\Debug\CentralBank\Rate_06.07.2025.csv
2025-07-06 16:39:15.8023 INFO Данные записаны в файл. Количество 43 из 43
2025-07-06 16:39:15.8023 INFO Добавление полученных данных в БД
2025-07-06 16:39:15.8023 INFO Подключение к БД прошло успешно
2025-07-06 16:39:15.9898 INFO Успешно добавлено 43 валют
2025-07-06 16:39:15.9898 INFO Данные успешно отправлены на сервер
2025-07-06 16:39:15.9898 INFO Получение данных из файла SecurityPortfolio.csv
2025-07-06 16:39:15.9898 INFO Получение данных из файла Portfolio_Currency.csv
2025-07-06 16:39:17.3367 INFO Данные о портфелях добавлены
2025-07-06 16:39:17.3523 INFO Данные о связях между портфелями и валютами добавлены
2025-07-06 16:39:17.3523 INFO Запущен процесс получения акций
2025-07-06 16:39:17.3523 INFO Подключение к данным по адресу: https://iss.moex.com/iss/engines/stock/markets/shares/boards/tqbr/securities.json?iss.only=marketdata&iss.meta=off&iss.json=extended&marketdata.columns=SECID%2CLAST%2CLASTTOPREVPRICE&sort_column=VALTODAY&sort_order=desc&first=18
2025-07-06 16:39:17.5242 INFO Извлечение данных
2025-07-06 16:39:17.6648 INFO Данные получены
2025-07-06 16:39:17.6804 INFO Корректные данные для считывания
2025-07-06 16:39:17.7273 INFO Успешная десериализация данных
2025-07-06 16:39:17.7273 INFO Запись в файл: D:\Алексей\github\ExchangeParsing_DB\ExchangeParsing\ExchangeParsing\bin\Debug\MoscowExchange\Stocks\Stock_06.07.2025.csv
2025-07-06 16:39:17.7273 INFO Данные записаны: 18 акций
2025-07-06 16:39:17.7273 INFO Запущен процесс получения облигаций
2025-07-06 16:39:17.7273 INFO Подключение к данным по адресу: https://iss.moex.com/iss/emitters/484/securities.jsonp?iss.meta=off&iss.json=extended&callback=JSON_CALLBACK&lang=ru
2025-07-06 16:39:18.1153 INFO Подключение прошло успешно.
2025-07-06 16:39:18.1153 INFO Извлечение данных
2025-07-06 16:39:18.1235 INFO Данные получены
2025-07-06 16:39:18.1235 INFO Корректные данные для считывания
2025-07-06 16:39:18.1235 INFO Успешная десериализация данных
2025-07-06 16:39:18.1235 INFO Добавлено 361 биржевых облигаций и акций Сбербанк из 367 других облигаций
2025-07-06 16:39:18.1235 INFO Подключение к данным по адресу: https://iss.moex.com/iss/emitters/269/securities.jsonp?iss.meta=off&iss.json=extended&callback=JSON_CALLBACK&lang=ru
2025-07-06 16:39:19.4782 INFO Подключение прошло успешно.
2025-07-06 16:39:19.4782 INFO Извлечение данных
2025-07-06 16:39:19.4938 INFO Данные получены
2025-07-06 16:39:19.4938 INFO Корректные данные для считывания
2025-07-06 16:39:19.4938 INFO Успешная десериализация данных
2025-07-06 16:39:19.4938 INFO Добавлено 57 биржевых облигаций и акций ВТБ ао из 521 других облигаций
2025-07-06 16:39:19.4938 INFO Подключение к данным по адресу: https://iss.moex.com/iss/emitters/3588/securities.jsonp?iss.meta=off&iss.json=extended&callback=JSON_CALLBACK&lang=ru
2025-07-06 16:39:19.5407 INFO Подключение прошло успешно.
2025-07-06 16:39:19.5407 INFO Извлечение данных
2025-07-06 16:39:19.5407 INFO Данные получены
2025-07-06 16:39:19.5407 INFO Корректные данные для считывания
2025-07-06 16:39:19.5407 INFO Успешная десериализация данных
2025-07-06 16:39:19.5407 INFO Добавлено 2 биржевых облигаций и акций ЮГК из 3 других облигаций
2025-07-06 16:39:19.5407 INFO Подключение к данным по адресу: https://iss.moex.com/iss/emitters/711/securities.jsonp?iss.meta=off&iss.json=extended&callback=JSON_CALLBACK&lang=ru
2025-07-06 16:39:19.5876 INFO Подключение прошло успешно.
2025-07-06 16:39:19.5876 INFO Извлечение данных
2025-07-06 16:39:19.6032 INFO Данные получены
2025-07-06 16:39:19.6032 INFO Корректные данные для считывания
2025-07-06 16:39:19.6032 INFO Успешная десериализация данных
2025-07-06 16:39:19.6032 INFO Добавлено 5 биржевых облигаций и акций ГАЗПРОМ ао из 7 других облигаций
2025-07-06 16:39:19.6032 INFO Подключение к данным по адресу: https://iss.moex.com/iss/emitters/10763/securities.jsonp?iss.meta=off&iss.json=extended&callback=JSON_CALLBACK&lang=ru
2025-07-06 16:39:19.6501 INFO Подключение прошло успешно.
2025-07-06 16:39:19.6501 INFO Извлечение данных
2025-07-06 16:39:19.6501 INFO Данные получены
2025-07-06 16:39:19.6501 INFO Корректные данные для считывания
2025-07-06 16:39:19.6501 INFO Успешная десериализация данных
2025-07-06 16:39:19.6501 INFO Добавлено 0 биржевых облигаций и акций Т-Техно ао из 2 других облигаций
2025-07-06 16:39:19.6501 INFO Подключение к данным по адресу: https://iss.moex.com/iss/emitters/770/securities.jsonp?iss.meta=off&iss.json=extended&callback=JSON_CALLBACK&lang=ru
2025-07-06 16:39:19.6970 INFO Подключение прошло успешно.
2025-07-06 16:39:19.6970 INFO Извлечение данных
2025-07-06 16:39:19.6970 INFO Данные получены
2025-07-06 16:39:19.6970 INFO Корректные данные для считывания
2025-07-06 16:39:19.6970 INFO Успешная десериализация данных
2025-07-06 16:39:19.6970 INFO Добавлено 0 биржевых облигаций и акций ЛУКОЙЛ из 7 других облигаций
2025-07-06 16:39:19.6970 INFO Подключение к данным по адресу: https://iss.moex.com/iss/emitters/1074/securities.jsonp?iss.meta=off&iss.json=extended&callback=JSON_CALLBACK&lang=ru
2025-07-06 16:39:19.7595 INFO Подключение прошло успешно.
2025-07-06 16:39:19.7595 INFO Извлечение данных
2025-07-06 16:39:19.7595 INFO Данные получены
2025-07-06 16:39:19.7595 INFO Корректные данные для считывания
2025-07-06 16:39:19.7751 INFO Успешная десериализация данных
2025-07-06 16:39:19.7751 INFO Добавлено 4 биржевых облигаций и акций Новатэк ао из 7 других облигаций
2025-07-06 16:39:19.7751 INFO Подключение к данным по адресу: https://iss.moex.com/iss/emitters/9848/securities.jsonp?iss.meta=off&iss.json=extended&callback=JSON_CALLBACK&lang=ru
2025-07-06 16:39:19.8220 INFO Подключение прошло успешно.
2025-07-06 16:39:19.8220 INFO Извлечение данных
2025-07-06 16:39:19.8220 INFO Данные получены
2025-07-06 16:39:19.8220 INFO Корректные данные для считывания
2025-07-06 16:39:19.8220 INFO Успешная десериализация данных
2025-07-06 16:39:19.8220 INFO Добавлено 10 биржевых облигаций и акций Самолет ао из 13 других облигаций
2025-07-06 16:39:19.8220 INFO Подключение к данным по адресу: https://iss.moex.com/iss/emitters/739/securities.jsonp?iss.meta=off&iss.json=extended&callback=JSON_CALLBACK&lang=ru
2025-07-06 16:39:19.8688 INFO Подключение прошло успешно.
2025-07-06 16:39:19.8688 INFO Извлечение данных
2025-07-06 16:39:19.8688 INFO Данные получены
2025-07-06 16:39:19.8688 INFO Корректные данные для считывания
2025-07-06 16:39:19.8688 INFO Успешная десериализация данных
2025-07-06 16:39:19.8845 INFO Добавлено 1 биржевых облигаций и акций ПИК ао из 4 других облигаций
2025-07-06 16:39:19.8845 INFO Подключение к данным по адресу: https://iss.moex.com/iss/emitters/10712/securities.jsonp?iss.meta=off&iss.json=extended&callback=JSON_CALLBACK&lang=ru
2025-07-06 16:39:19.9313 INFO Подключение прошло успешно.
2025-07-06 16:39:19.9313 INFO Извлечение данных
2025-07-06 16:39:19.9313 INFO Данные получены
2025-07-06 16:39:19.9313 INFO Корректные данные для считывания
2025-07-06 16:39:19.9313 INFO Успешная десериализация данных
2025-07-06 16:39:19.9313 INFO Добавлено 0 биржевых облигаций и акций КЦ ИКС 5 из 2 других облигаций
2025-07-06 16:39:19.9313 INFO Подключение к данным по адресу: https://iss.moex.com/iss/emitters/1399/securities.jsonp?iss.meta=off&iss.json=extended&callback=JSON_CALLBACK&lang=ru
2025-07-06 16:39:19.9782 INFO Подключение прошло успешно.
2025-07-06 16:39:19.9782 INFO Извлечение данных
2025-07-06 16:39:19.9782 INFO Данные получены
2025-07-06 16:39:19.9782 INFO Корректные данные для считывания
2025-07-06 16:39:19.9782 INFO Успешная десериализация данных
2025-07-06 16:39:19.9782 INFO Добавлено 11 биржевых облигаций и акций ГМКНорНик из 15 других облигаций
2025-07-06 16:39:19.9782 INFO Подключение к данным по адресу: https://iss.moex.com/iss/emitters/15523/securities.jsonp?iss.meta=off&iss.json=extended&callback=JSON_CALLBACK&lang=ru
2025-07-06 16:39:20.0251 INFO Подключение прошло успешно.
2025-07-06 16:39:20.0251 INFO Извлечение данных
2025-07-06 16:39:20.0251 INFO Данные получены
2025-07-06 16:39:20.0251 INFO Корректные данные для считывания
2025-07-06 16:39:20.0251 INFO Успешная десериализация данных
2025-07-06 16:39:20.0251 INFO Добавлено 1 биржевых облигаций и акций ЯНДЕКС из 3 других облигаций
2025-07-06 16:39:20.0251 INFO Подключение к данным по адресу: https://iss.moex.com/iss/emitters/12604/securities.jsonp?iss.meta=off&iss.json=extended&callback=JSON_CALLBACK&lang=ru
2025-07-06 16:39:20.0876 INFO Подключение прошло успешно.
2025-07-06 16:39:20.0876 INFO Извлечение данных
2025-07-06 16:39:20.0876 INFO Данные получены
2025-07-06 16:39:20.0876 INFO Корректные данные для считывания
2025-07-06 16:39:20.0876 INFO Успешная десериализация данных
2025-07-06 16:39:20.0876 INFO Добавлено 3 биржевых облигаций и акций iПозитив из 5 других облигаций
2025-07-06 16:39:20.0876 INFO Подключение к данным по адресу: https://iss.moex.com/iss/emitters/1158/securities.jsonp?iss.meta=off&iss.json=extended&callback=JSON_CALLBACK&lang=ru
2025-07-06 16:39:20.1392 INFO Подключение прошло успешно.
2025-07-06 16:39:20.1392 INFO Извлечение данных
2025-07-06 16:39:20.1392 INFO Данные получены
2025-07-06 16:39:20.1392 INFO Корректные данные для считывания
2025-07-06 16:39:20.1392 INFO Успешная десериализация данных
2025-07-06 16:39:20.1392 INFO Добавлено 4 биржевых облигаций и акций Полюс из 8 других облигаций
2025-07-06 16:39:20.1392 INFO Подключение к данным по адресу: https://iss.moex.com/iss/emitters/886/securities.jsonp?iss.meta=off&iss.json=extended&callback=JSON_CALLBACK&lang=ru
2025-07-06 16:39:20.1835 INFO Подключение прошло успешно.
2025-07-06 16:39:20.1835 INFO Извлечение данных
2025-07-06 16:39:20.1835 INFO Данные получены
2025-07-06 16:39:20.1835 INFO Корректные данные для считывания
2025-07-06 16:39:20.1835 INFO Успешная десериализация данных
2025-07-06 16:39:20.1835 INFO Добавлено 8 биржевых облигаций и акций Магнит ао из 11 других облигаций
2025-07-06 16:39:20.1835 INFO Подключение к данным по адресу: https://iss.moex.com/iss/emitters/651/securities.jsonp?iss.meta=off&iss.json=extended&callback=JSON_CALLBACK&lang=ru
2025-07-06 16:39:20.2460 INFO Подключение прошло успешно.
2025-07-06 16:39:20.2460 INFO Извлечение данных
2025-07-06 16:39:20.2460 INFO Данные получены
2025-07-06 16:39:20.2460 INFO Корректные данные для считывания
2025-07-06 16:39:20.2460 INFO Успешная десериализация данных
2025-07-06 16:39:20.2460 INFO Добавлено 25 биржевых облигаций и акций Роснефть из 28 других облигаций
2025-07-06 16:39:20.2460 INFO Подключение к данным по адресу: https://iss.moex.com/iss/emitters/10761/securities.jsonp?iss.meta=off&iss.json=extended&callback=JSON_CALLBACK&lang=ru
2025-07-06 16:39:20.2929 INFO Подключение прошло успешно.
2025-07-06 16:39:20.2929 INFO Извлечение данных
2025-07-06 16:39:20.2929 INFO Данные получены
2025-07-06 16:39:20.2929 INFO Корректные данные для считывания
2025-07-06 16:39:20.2929 INFO Успешная десериализация данных
2025-07-06 16:39:20.2929 INFO Добавлено 0 биржевых облигаций и акций МКПАО "ВК" из 3 других облигаций
2025-07-06 16:39:20.2929 INFO Подключение к данным по адресу: https://iss.moex.com/iss/emitters/1242/securities.jsonp?iss.meta=off&iss.json=extended&callback=JSON_CALLBACK&lang=ru
2025-07-06 16:39:20.3398 INFO Подключение прошло успешно.
2025-07-06 16:39:20.3554 INFO Извлечение данных
2025-07-06 16:39:20.3554 INFO Данные получены
2025-07-06 16:39:20.3554 INFO Корректные данные для считывания
2025-07-06 16:39:20.3554 INFO Успешная десериализация данных
2025-07-06 16:39:20.3554 INFO Добавлено 2 биржевых облигаций и акций Аэрофлот из 4 других облигаций
2025-07-06 16:39:20.3554 INFO Все данные успешно считаны. 494 биржевых облигаций и акций из 1010 разных типов облигаций
2025-07-06 16:39:20.3554 INFO Запись в файл: D:\Алексей\github\ExchangeParsing_DB\ExchangeParsing\ExchangeParsing\bin\Debug\MoscowExchange\Bonds\Bond_06.07.2025.csv
2025-07-06 16:39:20.3554 INFO Данные записаны.
2025-07-06 16:39:20.3554 INFO Добавление полученных данных в БД
2025-07-06 16:39:20.3867 INFO Подключение к БД прошло успешно
2025-07-06 16:39:20.4492 INFO Обработано акций: 18 (добавлено: 0, обновлено: 18)
2025-07-06 16:42:32.1324 INFO Приложение запущено
2025-07-06 16:42:32.1793 INFO Отправка данных на сервер
2025-07-06 16:42:32.4293 INFO Получение данных из файла Address.csv
2025-07-06 16:42:32.4293 INFO Получение данных из файла Client.csv
2025-07-06 16:42:35.1087 INFO Данные адресов добавлены в БД
2025-07-06 16:42:35.4637 INFO Данные клиентов добавлены в БД
2025-07-06 16:42:35.4637 INFO Данные успешно отправлены на сервер
2025-07-06 16:42:35.4637 INFO Процесс получения курса валют запущен
2025-07-06 16:42:35.4637 INFO Подключение к данным по адресу: https://www.cbr.ru/currency_base/daily/?UniDbQuery.Posted=True&UniDbQuery.To=06.07.2025
2025-07-06 16:42:35.7762 INFO Подключение прошло успешно. OK
2025-07-06 16:42:35.8074 INFO Извлечение данных
2025-07-06 16:42:35.8230 INFO Данные успешно получены. Количество: 43
2025-07-06 16:42:35.8230 INFO Запись в файл по пути: D:\Алексей\github\ExchangeParsing_DB\ExchangeParsing\ExchangeParsing\bin\Debug\CentralBank\Rate_06.07.2025.csv
2025-07-06 16:42:35.8230 INFO Данные записаны в файл. Количество 43 из 43
2025-07-06 16:42:35.8230 INFO Добавление полученных данных в БД
2025-07-06 16:42:35.8543 INFO Подключение к БД прошло успешно
2025-07-06 16:42:35.9012 INFO Успешно добавлено 43 валют
2025-07-06 16:42:35.9012 INFO Данные успешно отправлены на сервер
2025-07-06 16:42:35.9012 INFO Получение данных из файла SecurityPortfolio.csv
2025-07-06 16:42:35.9012 INFO Получение данных из файла Portfolio_Currency.csv
2025-07-06 16:42:35.9324 INFO Данные о портфелях добавлены
2025-07-06 16:42:35.9480 INFO Данные о связях между портфелями и валютами добавлены
2025-07-06 16:42:35.9480 INFO Запущен процесс получения акций
2025-07-06 16:42:35.9480 INFO Подключение к данным по адресу: https://iss.moex.com/iss/engines/stock/markets/shares/boards/tqbr/securities.json?iss.only=marketdata&iss.meta=off&iss.json=extended&marketdata.columns=SECID%2CLAST%2CLASTTOPREVPRICE&sort_column=VALTODAY&sort_order=desc&first=18
2025-07-06 16:42:36.1278 INFO Извлечение данных
2025-07-06 16:42:36.2619 INFO Данные получены
2025-07-06 16:42:36.2775 INFO Корректные данные для считывания
2025-07-06 16:42:36.3244 INFO Успешная десериализация данных
2025-07-06 16:42:36.3244 INFO Запись в файл: D:\Алексей\github\ExchangeParsing_DB\ExchangeParsing\ExchangeParsing\bin\Debug\MoscowExchange\Stocks\Stock_06.07.2025.csv
2025-07-06 16:42:36.3244 INFO Данные записаны: 18 акций
2025-07-06 16:42:36.3400 INFO Запущен процесс получения облигаций
2025-07-06 16:42:36.3400 INFO Подключение к данным по адресу: https://iss.moex.com/iss/emitters/484/securities.jsonp?iss.meta=off&iss.json=extended&callback=JSON_CALLBACK&lang=ru
2025-07-06 16:42:36.6838 INFO Подключение прошло успешно.
2025-07-06 16:42:36.6838 INFO Извлечение данных
2025-07-06 16:42:36.6994 INFO Данные получены
2025-07-06 16:42:36.6994 INFO Корректные данные для считывания
2025-07-06 16:42:36.7150 INFO Успешная десериализация данных
2025-07-06 16:42:36.7150 INFO Добавлено 361 биржевых облигаций и акций Сбербанк из 367 других облигаций
2025-07-06 16:42:36.7150 INFO Подключение к данным по адресу: https://iss.moex.com/iss/emitters/269/securities.jsonp?iss.meta=off&iss.json=extended&callback=JSON_CALLBACK&lang=ru
2025-07-06 16:42:39.3105 INFO Подключение прошло успешно.
2025-07-06 16:42:39.3261 INFO Извлечение данных
2025-07-06 16:42:39.3417 INFO Данные получены
2025-07-06 16:42:39.3417 INFO Корректные данные для считывания
2025-07-06 16:42:39.3417 INFO Успешная десериализация данных
2025-07-06 16:42:39.3417 INFO Добавлено 57 биржевых облигаций и акций ВТБ ао из 521 других облигаций
2025-07-06 16:42:39.3417 INFO Подключение к данным по адресу: https://iss.moex.com/iss/emitters/3588/securities.jsonp?iss.meta=off&iss.json=extended&callback=JSON_CALLBACK&lang=ru
2025-07-06 16:42:39.4042 INFO Подключение прошло успешно.
2025-07-06 16:42:39.4042 INFO Извлечение данных
2025-07-06 16:42:39.4042 INFO Данные получены
2025-07-06 16:42:39.4042 INFO Корректные данные для считывания
2025-07-06 16:42:39.4042 INFO Успешная десериализация данных
2025-07-06 16:42:39.4042 INFO Добавлено 2 биржевых облигаций и акций ЮГК из 3 других облигаций
2025-07-06 16:42:39.4042 INFO Подключение к данным по адресу: https://iss.moex.com/iss/emitters/711/securities.jsonp?iss.meta=off&iss.json=extended&callback=JSON_CALLBACK&lang=ru
2025-07-06 16:42:39.4511 INFO Подключение прошло успешно.
2025-07-06 16:42:39.4511 INFO Извлечение данных
2025-07-06 16:42:39.4511 INFO Данные получены
2025-07-06 16:42:39.4511 INFO Корректные данные для считывания
2025-07-06 16:42:39.4511 INFO Успешная десериализация данных
2025-07-06 16:42:39.4511 INFO Добавлено 5 биржевых облигаций и акций ГАЗПРОМ ао из 7 других облигаций
2025-07-06 16:42:39.4511 INFO Подключение к данным по адресу: https://iss.moex.com/iss/emitters/10763/securities.jsonp?iss.meta=off&iss.json=extended&callback=JSON_CALLBACK&lang=ru
2025-07-06 16:42:39.5136 INFO Подключение прошло успешно.
2025-07-06 16:42:39.5136 INFO Извлечение данных
2025-07-06 16:42:39.5136 INFO Данные получены
2025-07-06 16:42:39.5136 INFO Корректные данные для считывания
2025-07-06 16:42:39.5136 INFO Успешная десериализация данных
2025-07-06 16:42:39.5136 INFO Добавлено 0 биржевых облигаций и акций Т-Техно ао из 2 других облигаций
2025-07-06 16:42:39.5136 INFO Подключение к данным по адресу: https://iss.moex.com/iss/emitters/770/securities.jsonp?iss.meta=off&iss.json=extended&callback=JSON_CALLBACK&lang=ru
2025-07-06 16:42:39.5605 INFO Подключение прошло успешно.
2025-07-06 16:42:39.5605 INFO Извлечение данных
2025-07-06 16:42:39.5605 INFO Данные получены
2025-07-06 16:42:39.5605 INFO Корректные данные для считывания
2025-07-06 16:42:39.5605 INFO Успешная десериализация данных
2025-07-06 16:42:39.5605 INFO Добавлено 0 биржевых облигаций и акций ЛУКОЙЛ из 7 других облигаций
2025-07-06 16:42:39.5605 INFO Подключение к данным по адресу: https://iss.moex.com/iss/emitters/1074/securities.jsonp?iss.meta=off&iss.json=extended&callback=JSON_CALLBACK&lang=ru
2025-07-06 16:42:39.6230 INFO Подключение прошло успешно.
2025-07-06 16:42:39.6230 INFO Извлечение данных
2025-07-06 16:42:39.6230 INFO Данные получены
2025-07-06 16:42:39.6230 INFO Корректные данные для считывания
2025-07-06 16:42:39.6230 INFO Успешная десериализация данных
2025-07-06 16:42:39.6230 INFO Добавлено 4 биржевых облигаций и акций Новатэк ао из 7 других облигаций
2025-07-06 16:42:39.6230 INFO Подключение к данным по адресу: https://iss.moex.com/iss/emitters/9848/securities.jsonp?iss.meta=off&iss.json=extended&callback=JSON_CALLBACK&lang=ru
2025-07-06 16:42:39.6699 INFO Подключение прошло успешно.
2025-07-06 16:42:39.6699 INFO Извлечение данных
2025-07-06 16:42:39.6699 INFO Данные получены
2025-07-06 16:42:39.6699 INFO Корректные данные для считывания
2025-07-06 16:42:39.6699 INFO Успешная десериализация данных
2025-07-06 16:42:39.6699 INFO Добавлено 10 биржевых облигаций и акций Самолет ао из 13 других облигаций
2025-07-06 16:42:39.6699 INFO Подключение к данным по адресу: https://iss.moex.com/iss/emitters/739/securities.jsonp?iss.meta=off&iss.json=extended&callback=JSON_CALLBACK&lang=ru
2025-07-06 16:42:39.7167 INFO Подключение прошло успешно.
2025-07-06 16:42:39.7167 INFO Извлечение данных
2025-07-06 16:42:39.7167 INFO Данные получены
2025-07-06 16:42:39.7167 INFO Корректные данные для считывания
2025-07-06 16:42:39.7167 INFO Успешная десериализация данных
2025-07-06 16:42:39.7167 INFO Добавлено 1 биржевых облигаций и акций ПИК ао из 4 других облигаций
2025-07-06 16:42:39.7167 INFO Подключение к данным по адресу: https://iss.moex.com/iss/emitters/10712/securities.jsonp?iss.meta=off&iss.json=extended&callback=JSON_CALLBACK&lang=ru
2025-07-06 16:42:39.7792 INFO Подключение прошло успешно.
2025-07-06 16:42:39.7792 INFO Извлечение данных
2025-07-06 16:42:39.7792 INFO Данные получены
2025-07-06 16:42:39.7792 INFO Корректные данные для считывания
2025-07-06 16:42:39.7792 INFO Успешная десериализация данных
2025-07-06 16:42:39.7792 INFO Добавлено 0 биржевых облигаций и акций КЦ ИКС 5 из 2 других облигаций
2025-07-06 16:42:39.7792 INFO Подключение к данным по адресу: https://iss.moex.com/iss/emitters/1399/securities.jsonp?iss.meta=off&iss.json=extended&callback=JSON_CALLBACK&lang=ru
2025-07-06 16:42:39.8418 INFO Подключение прошло успешно.
2025-07-06 16:42:39.8418 INFO Извлечение данных
2025-07-06 16:42:39.8418 INFO Данные получены
2025-07-06 16:42:39.8418 INFO Корректные данные для считывания
2025-07-06 16:42:39.8418 INFO Успешная десериализация данных
2025-07-06 16:42:39.8418 INFO Добавлено 11 биржевых облигаций и акций ГМКНорНик из 15 других облигаций
2025-07-06 16:42:39.8418 INFO Подключение к данным по адресу: https://iss.moex.com/iss/emitters/15523/securities.jsonp?iss.meta=off&iss.json=extended&callback=JSON_CALLBACK&lang=ru
2025-07-06 16:42:39.9043 INFO Подключение прошло успешно.
2025-07-06 16:42:39.9043 INFO Извлечение данных
2025-07-06 16:42:39.9043 INFO Данные получены
2025-07-06 16:42:39.9043 INFO Корректные данные для считывания
2025-07-06 16:42:39.9043 INFO Успешная десериализация данных
2025-07-06 16:42:39.9043 INFO Добавлено 1 биржевых облигаций и акций ЯНДЕКС из 3 других облигаций
2025-07-06 16:42:39.9043 INFO Подключение к данным по адресу: https://iss.moex.com/iss/emitters/12604/securities.jsonp?iss.meta=off&iss.json=extended&callback=JSON_CALLBACK&lang=ru
2025-07-06 16:42:39.9668 INFO Подключение прошло успешно.
2025-07-06 16:42:39.9668 INFO Извлечение данных
2025-07-06 16:42:39.9668 INFO Данные получены
2025-07-06 16:42:39.9668 INFO Корректные данные для считывания
2025-07-06 16:42:39.9668 INFO Успешная десериализация данных
2025-07-06 16:42:39.9668 INFO Добавлено 3 биржевых облигаций и акций iПозитив из 5 других облигаций
2025-07-06 16:42:39.9668 INFO Подключение к данным по адресу: https://iss.moex.com/iss/emitters/1158/securities.jsonp?iss.meta=off&iss.json=extended&callback=JSON_CALLBACK&lang=ru
2025-07-06 16:42:40.0136 INFO Подключение прошло успешно.
2025-07-06 16:42:40.0136 INFO Извлечение данных
2025-07-06 16:42:40.0136 INFO Данные получены
2025-07-06 16:42:40.0136 INFO Корректные данные для считывания
2025-07-06 16:42:40.0136 INFO Успешная десериализация данных
2025-07-06 16:42:40.0136 INFO Добавлено 4 биржевых облигаций и акций Полюс из 8 других облигаций
2025-07-06 16:42:40.0136 INFO Подключение к данным по адресу: https://iss.moex.com/iss/emitters/886/securities.jsonp?iss.meta=off&iss.json=extended&callback=JSON_CALLBACK&lang=ru
2025-07-06 16:42:40.0761 INFO Подключение прошло успешно.
2025-07-06 16:42:40.0761 INFO Извлечение данных
2025-07-06 16:42:40.0761 INFO Данные получены
2025-07-06 16:42:40.0761 INFO Корректные данные для считывания
2025-07-06 16:42:40.0761 INFO Успешная десериализация данных
2025-07-06 16:42:40.0761 INFO Добавлено 8 биржевых облигаций и акций Магнит ао из 11 других облигаций
2025-07-06 16:42:40.0761 INFO Подключение к данным по адресу: https://iss.moex.com/iss/emitters/651/securities.jsonp?iss.meta=off&iss.json=extended&callback=JSON_CALLBACK&lang=ru
2025-07-06 16:42:40.1397 INFO Подключение прошло успешно.
2025-07-06 16:42:40.1397 INFO Извлечение данных
2025-07-06 16:42:40.1397 INFO Данные получены
2025-07-06 16:42:40.1397 INFO Корректные данные для считывания
2025-07-06 16:42:40.1397 INFO Успешная десериализация данных
2025-07-06 16:42:40.1397 INFO Добавлено 25 биржевых облигаций и акций Роснефть из 28 других облигаций
2025-07-06 16:42:40.1397 INFO Подключение к данным по адресу: https://iss.moex.com/iss/emitters/10761/securities.jsonp?iss.meta=off&iss.json=extended&callback=JSON_CALLBACK&lang=ru
2025-07-06 16:42:40.2022 INFO Подключение прошло успешно.
2025-07-06 16:42:40.2022 INFO Извлечение данных
2025-07-06 16:42:40.2022 INFO Данные получены
2025-07-06 16:42:40.2022 INFO Корректные данные для считывания
2025-07-06 16:42:40.2022 INFO Успешная десериализация данных
2025-07-06 16:42:40.2022 INFO Добавлено 0 биржевых облигаций и акций МКПАО "ВК" из 3 других облигаций
2025-07-06 16:42:40.2022 INFO Подключение к данным по адресу: https://iss.moex.com/iss/emitters/1242/securities.jsonp?iss.meta=off&iss.json=extended&callback=JSON_CALLBACK&lang=ru
2025-07-06 16:42:40.2491 INFO Подключение прошло успешно.
2025-07-06 16:42:40.2491 INFO Извлечение данных
2025-07-06 16:42:40.2491 INFO Данные получены
2025-07-06 16:42:40.2491 INFO Корректные данные для считывания
2025-07-06 16:42:40.2491 INFO Успешная десериализация данных
2025-07-06 16:42:40.2491 INFO Добавлено 2 биржевых облигаций и акций Аэрофлот из 4 других облигаций
2025-07-06 16:42:40.2491 INFO Все данные успешно считаны. 494 биржевых облигаций и акций из 1010 разных типов облигаций
2025-07-06 16:42:40.2491 INFO Запись в файл: D:\Алексей\github\ExchangeParsing_DB\ExchangeParsing\ExchangeParsing\bin\Debug\MoscowExchange\Bonds\Bond_06.07.2025.csv
2025-07-06 16:42:40.2647 INFO Данные записаны.
2025-07-06 16:42:40.2647 INFO Добавление полученных данных в БД
2025-07-06 16:42:40.2960 INFO Подключение к БД прошло успешно
2025-07-06 16:42:40.3585 ERROR An error occurred while updating the entries. See the inner exception for details.
2025-07-06 16:42:40.3585 INFO Приложение завершило работу
2025-07-06 16:45:31.7891 INFO Приложение запущено
2025-07-06 16:45:31.8516 INFO Отправка данных на сервер
2025-07-06 16:45:32.0703 INFO Получение данных из файла Address.csv
2025-07-06 16:45:32.0703 INFO Получение данных из файла Client.csv
2025-07-06 16:45:34.4623 INFO Данные адресов добавлены в БД
2025-07-06 16:45:34.5248 INFO Данные клиентов добавлены в БД
2025-07-06 16:45:34.5248 INFO Данные успешно отправлены на сервер
2025-07-06 16:45:34.5248 INFO Процесс получения курса валют запущен
2025-07-06 16:45:34.5248 INFO Подключение к данным по адресу: https://www.cbr.ru/currency_base/daily/?UniDbQuery.Posted=True&UniDbQuery.To=06.07.2025
2025-07-06 16:45:34.8505 INFO Подключение прошло успешно. OK
2025-07-06 16:45:34.8817 INFO Извлечение данных
2025-07-06 16:45:34.8974 INFO Данные успешно получены. Количество: 43
2025-07-06 16:45:34.8974 INFO Запись в файл по пути: D:\Алексей\github\ExchangeParsing_DB\ExchangeParsing\ExchangeParsing\bin\Debug\CentralBank\Rate_06.07.2025.csv
2025-07-06 16:45:34.8974 INFO Данные записаны в файл. Количество 43 из 43
2025-07-06 16:45:34.8974 INFO Добавление полученных данных в БД
2025-07-06 16:45:34.8974 INFO Подключение к БД прошло успешно
2025-07-06 16:45:35.0900 INFO Успешно добавлено 43 валют
2025-07-06 16:45:35.0900 INFO Данные успешно отправлены на сервер
2025-07-06 16:45:35.0900 INFO Получение данных из файла SecurityPortfolio.csv
2025-07-06 16:45:35.0931 INFO Получение данных из файла Portfolio_Currency.csv
2025-07-06 16:45:35.1184 INFO Данные о портфелях добавлены
2025-07-06 16:45:35.1326 INFO Данные о связях между портфелями и валютами добавлены
2025-07-06 16:45:35.1326 INFO Запущен процесс получения акций
2025-07-06 16:45:35.1326 INFO Подключение к данным по адресу: https://iss.moex.com/iss/engines/stock/markets/shares/boards/tqbr/securities.json?iss.only=marketdata&iss.meta=off&iss.json=extended&marketdata.columns=SECID%2CLAST%2CLASTTOPREVPRICE&sort_column=VALTODAY&sort_order=desc&first=18
2025-07-06 16:45:35.3242 INFO Извлечение данных
2025-07-06 16:45:35.4648 INFO Данные получены
2025-07-06 16:45:35.4804 INFO Корректные данные для считывания
2025-07-06 16:45:35.5273 INFO Успешная десериализация данных
2025-07-06 16:45:35.5273 INFO Запись в файл: D:\Алексей\github\ExchangeParsing_DB\ExchangeParsing\ExchangeParsing\bin\Debug\MoscowExchange\Stocks\Stock_06.07.2025.csv
2025-07-06 16:45:35.5273 INFO Данные записаны: 18 акций
2025-07-06 16:45:35.5273 INFO Запущен процесс получения облигаций
2025-07-06 16:45:35.5273 INFO Подключение к данным по адресу: https://iss.moex.com/iss/emitters/484/securities.jsonp?iss.meta=off&iss.json=extended&callback=JSON_CALLBACK&lang=ru
2025-07-06 16:45:35.8086 INFO Подключение прошло успешно.
2025-07-06 16:45:35.8086 INFO Извлечение данных
2025-07-06 16:45:35.8086 INFO Данные получены
2025-07-06 16:45:35.8242 INFO Корректные данные для считывания
2025-07-06 16:45:35.8242 INFO Успешная десериализация данных
2025-07-06 16:45:35.8398 INFO Добавлено 361 биржевых облигаций и акций Сбербанк из 367 других облигаций
2025-07-06 16:45:35.8398 INFO Подключение к данным по адресу: https://iss.moex.com/iss/emitters/269/securities.jsonp?iss.meta=off&iss.json=extended&callback=JSON_CALLBACK&lang=ru
2025-07-06 16:45:38.3627 INFO Подключение прошло успешно.
2025-07-06 16:45:38.3627 INFO Извлечение данных
2025-07-06 16:45:38.3783 INFO Данные получены
2025-07-06 16:45:38.3783 INFO Корректные данные для считывания
2025-07-06 16:45:38.3783 INFO Успешная десериализация данных
2025-07-06 16:45:38.3783 INFO Добавлено 57 биржевых облигаций и акций ВТБ ао из 521 других облигаций
2025-07-06 16:45:38.3783 INFO Подключение к данным по адресу: https://iss.moex.com/iss/emitters/3588/securities.jsonp?iss.meta=off&iss.json=extended&callback=JSON_CALLBACK&lang=ru
2025-07-06 16:45:38.4252 INFO Подключение прошло успешно.
2025-07-06 16:45:38.4252 INFO Извлечение данных
2025-07-06 16:45:38.4252 INFO Данные получены
2025-07-06 16:45:38.4252 INFO Корректные данные для считывания
2025-07-06 16:45:38.4252 INFO Успешная десериализация данных
2025-07-06 16:45:38.4252 INFO Добавлено 2 биржевых облигаций и акций ЮГК из 3 других облигаций
2025-07-06 16:45:38.4252 INFO Подключение к данным по адресу: https://iss.moex.com/iss/emitters/711/securities.jsonp?iss.meta=off&iss.json=extended&callback=JSON_CALLBACK&lang=ru
2025-07-06 16:45:38.4721 INFO Подключение прошло успешно.
2025-07-06 16:45:38.4721 INFO Извлечение данных
2025-07-06 16:45:38.4721 INFO Данные получены
2025-07-06 16:45:38.4721 INFO Корректные данные для считывания
2025-07-06 16:45:38.4721 INFO Успешная десериализация данных
2025-07-06 16:45:38.4721 INFO Добавлено 5 биржевых облигаций и акций ГАЗПРОМ ао из 7 других облигаций
2025-07-06 16:45:38.4721 INFO Подключение к данным по адресу: https://iss.moex.com/iss/emitters/10763/securities.jsonp?iss.meta=off&iss.json=extended&callback=JSON_CALLBACK&lang=ru
2025-07-06 16:45:38.5190 INFO Подключение прошло успешно.
2025-07-06 16:45:38.5190 INFO Извлечение данных
2025-07-06 16:45:38.5190 INFO Данные получены
2025-07-06 16:45:38.5190 INFO Корректные данные для считывания
2025-07-06 16:45:38.5190 INFO Успешная десериализация данных
2025-07-06 16:45:38.5190 INFO Добавлено 0 биржевых облигаций и акций Т-Техно ао из 2 других облигаций
2025-07-06 16:45:38.5190 INFO Подключение к данным по адресу: https://iss.moex.com/iss/emitters/770/securities.jsonp?iss.meta=off&iss.json=extended&callback=JSON_CALLBACK&lang=ru
2025-07-06 16:45:38.5658 INFO Подключение прошло успешно.
2025-07-06 16:45:38.5658 INFO Извлечение данных
2025-07-06 16:45:38.5658 INFO Данные получены
2025-07-06 16:45:38.5658 INFO Корректные данные для считывания
2025-07-06 16:45:38.5658 INFO Успешная десериализация данных
2025-07-06 16:45:38.5658 INFO Добавлено 0 биржевых облигаций и акций ЛУКОЙЛ из 7 других облигаций
2025-07-06 16:45:38.5658 INFO Подключение к данным по адресу: https://iss.moex.com/iss/emitters/1074/securities.jsonp?iss.meta=off&iss.json=extended&callback=JSON_CALLBACK&lang=ru
2025-07-06 16:45:38.6127 INFO Подключение прошло успешно.
2025-07-06 16:45:38.6127 INFO Извлечение данных
2025-07-06 16:45:38.6127 INFO Данные получены
2025-07-06 16:45:38.6127 INFO Корректные данные для считывания
2025-07-06 16:45:38.6127 INFO Успешная десериализация данных
2025-07-06 16:45:38.6127 INFO Добавлено 4 биржевых облигаций и акций Новатэк ао из 7 других облигаций
2025-07-06 16:45:38.6127 INFO Подключение к данным по адресу: https://iss.moex.com/iss/emitters/9848/securities.jsonp?iss.meta=off&iss.json=extended&callback=JSON_CALLBACK&lang=ru
2025-07-06 16:45:38.6596 INFO Подключение прошло успешно.
2025-07-06 16:45:38.6596 INFO Извлечение данных
2025-07-06 16:45:38.6596 INFO Данные получены
2025-07-06 16:45:38.6596 INFO Корректные данные для считывания
2025-07-06 16:45:38.6596 INFO Успешная десериализация данных
2025-07-06 16:45:38.6596 INFO Добавлено 10 биржевых облигаций и акций Самолет ао из 13 других облигаций
2025-07-06 16:45:38.6596 INFO Подключение к данным по адресу: https://iss.moex.com/iss/emitters/739/securities.jsonp?iss.meta=off&iss.json=extended&callback=JSON_CALLBACK&lang=ru
2025-07-06 16:45:38.7065 INFO Подключение прошло успешно.
2025-07-06 16:45:38.7065 INFO Извлечение данных
2025-07-06 16:45:38.7065 INFO Данные получены
2025-07-06 16:45:38.7065 INFO Корректные данные для считывания
2025-07-06 16:45:38.7065 INFO Успешная десериализация данных
2025-07-06 16:45:38.7065 INFO Добавлено 1 биржевых облигаций и акций ПИК ао из 4 других облигаций
2025-07-06 16:45:38.7065 INFO Подключение к данным по адресу: https://iss.moex.com/iss/emitters/10712/securities.jsonp?iss.meta=off&iss.json=extended&callback=JSON_CALLBACK&lang=ru
2025-07-06 16:45:38.7377 INFO Подключение прошло успешно.
2025-07-06 16:45:38.7377 INFO Извлечение данных
2025-07-06 16:45:38.7377 INFO Данные получены
2025-07-06 16:45:38.7377 INFO Корректные данные для считывания
2025-07-06 16:45:38.7377 INFO Успешная десериализация данных
2025-07-06 16:45:38.7377 INFO Добавлено 0 биржевых облигаций и акций КЦ ИКС 5 из 2 других облигаций
2025-07-06 16:45:38.7377 INFO Подключение к данным по адресу: https://iss.moex.com/iss/emitters/1399/securities.jsonp?iss.meta=off&iss.json=extended&callback=JSON_CALLBACK&lang=ru
2025-07-06 16:45:38.7846 INFO Подключение прошло успешно.
2025-07-06 16:45:38.7846 INFO Извлечение данных
2025-07-06 16:45:38.7846 INFO Данные получены
2025-07-06 16:45:38.7846 INFO Корректные данные для считывания
2025-07-06 16:45:38.7846 INFO Успешная десериализация данных
2025-07-06 16:45:38.7846 INFO Добавлено 11 биржевых облигаций и акций ГМКНорНик из 15 других облигаций
2025-07-06 16:45:38.7846 INFO Подключение к данным по адресу: https://iss.moex.com/iss/emitters/15523/securities.jsonp?iss.meta=off&iss.json=extended&callback=JSON_CALLBACK&lang=ru
2025-07-06 16:45:38.8158 INFO Подключение прошло успешно.
2025-07-06 16:45:38.8158 INFO Извлечение данных
2025-07-06 16:45:38.8315 INFO Данные получены
2025-07-06 16:45:38.8315 INFO Корректные данные для считывания
2025-07-06 16:45:38.8315 INFO Успешная десериализация данных
2025-07-06 16:45:38.8315 INFO Добавлено 1 биржевых облигаций и акций ЯНДЕКС из 3 других облигаций
2025-07-06 16:45:38.8315 INFO Подключение к данным по адресу: https://iss.moex.com/iss/emitters/12604/securities.jsonp?iss.meta=off&iss.json=extended&callback=JSON_CALLBACK&lang=ru
2025-07-06 16:45:38.8783 INFO Подключение прошло успешно.
2025-07-06 16:45:38.8783 INFO Извлечение данных
2025-07-06 16:45:38.8783 INFO Данные получены
2025-07-06 16:45:38.8783 INFO Корректные данные для считывания
2025-07-06 16:45:38.8783 INFO Успешная десериализация данных
2025-07-06 16:45:38.8783 INFO Добавлено 3 биржевых облигаций и акций iПозитив из 5 других облигаций
2025-07-06 16:45:38.8783 INFO Подключение к данным по адресу: https://iss.moex.com/iss/emitters/1158/securities.jsonp?iss.meta=off&iss.json=extended&callback=JSON_CALLBACK&lang=ru
2025-07-06 16:45:38.9252 INFO Подключение прошло успешно.
2025-07-06 16:45:38.9252 INFO Извлечение данных
2025-07-06 16:45:38.9252 INFO Данные получены
2025-07-06 16:45:38.9252 INFO Корректные данные для считывания
2025-07-06 16:45:38.9252 INFO Успешная десериализация данных
2025-07-06 16:45:38.9252 INFO Добавлено 4 биржевых облигаций и акций Полюс из 8 других облигаций
2025-07-06 16:45:38.9252 INFO Подключение к данным по адресу: https://iss.moex.com/iss/emitters/886/securities.jsonp?iss.meta=off&iss.json=extended&callback=JSON_CALLBACK&lang=ru
2025-07-06 16:45:38.9877 INFO Подключение прошло успешно.
2025-07-06 16:45:38.9877 INFO Извлечение данных
2025-07-06 16:45:38.9877 INFO Данные получены
2025-07-06 16:45:38.9877 INFO Корректные данные для считывания
2025-07-06 16:45:38.9877 INFO Успешная десериализация данных
2025-07-06 16:45:38.9877 INFO Добавлено 8 биржевых облигаций и акций Магнит ао из 11 других облигаций
2025-07-06 16:45:38.9877 INFO Подключение к данным по адресу: https://iss.moex.com/iss/emitters/651/securities.jsonp?iss.meta=off&iss.json=extended&callback=JSON_CALLBACK&lang=ru
2025-07-06 16:45:39.0346 INFO Подключение прошло успешно.
2025-07-06 16:45:39.0346 INFO Извлечение данных
2025-07-06 16:45:39.0346 INFO Данные получены
2025-07-06 16:45:39.0346 INFO Корректные данные для считывания
2025-07-06 16:45:39.0346 INFO Успешная десериализация данных
2025-07-06 16:45:39.0346 INFO Добавлено 25 биржевых облигаций и акций Роснефть из 28 других облигаций
2025-07-06 16:45:39.0346 INFO Подключение к данным по адресу: https://iss.moex.com/iss/emitters/10761/securities.jsonp?iss.meta=off&iss.json=extended&callback=JSON_CALLBACK&lang=ru
2025-07-06 16:45:39.0902 INFO Подключение прошло успешно.
2025-07-06 16:45:39.0902 INFO Извлечение данных
2025-07-06 16:45:39.0902 INFO Данные получены
2025-07-06 16:45:39.0902 INFO Корректные данные для считывания
2025-07-06 16:45:39.0902 INFO Успешная десериализация данных
2025-07-06 16:45:39.0902 INFO Добавлено 0 биржевых облигаций и акций МКПАО "ВК" из 3 других облигаций
2025-07-06 16:45:39.0902 INFO Подключение к данным по адресу: https://iss.moex.com/iss/emitters/1242/securities.jsonp?iss.meta=off&iss.json=extended&callback=JSON_CALLBACK&lang=ru
2025-07-06 16:45:39.1242 INFO Подключение прошло успешно.
2025-07-06 16:45:39.1242 INFO Извлечение данных
2025-07-06 16:45:39.1242 INFO Данные получены
2025-07-06 16:45:39.1242 INFO Корректные данные для считывания
2025-07-06 16:45:39.1242 INFO Успешная десериализация данных
2025-07-06 16:45:39.1242 INFO Добавлено 2 биржевых облигаций и акций Аэрофлот из 4 других облигаций
2025-07-06 16:45:39.1242 INFO Все данные успешно считаны. 494 биржевых облигаций и акций из 1010 разных типов облигаций
2025-07-06 16:45:39.1242 INFO Запись в файл: D:\Алексей\github\ExchangeParsing_DB\ExchangeParsing\ExchangeParsing\bin\Debug\MoscowExchange\Bonds\Bond_06.07.2025.csv
2025-07-06 16:45:39.1398 INFO Данные записаны.
2025-07-06 16:45:39.1398 INFO Добавление полученных данных в БД
2025-07-06 16:45:39.1398 INFO Подключение к БД прошло успешно
2025-07-06 16:45:39.1867 ERROR An error occurred while updating the entries. See the inner exception for details.
2025-07-06 16:45:39.1867 INFO Приложение завершило работу
2025-07-06 16:49:51.9452 INFO Приложение запущено
2025-07-06 16:49:52.0077 INFO Отправка данных на сервер
2025-07-06 16:49:52.2129 INFO Получение данных из файла Address.csv
2025-07-06 16:49:52.2129 INFO Получение данных из файла Client.csv
2025-07-06 16:49:54.5559 INFO Данные адресов добавлены в БД
2025-07-06 16:49:54.6184 INFO Данные клиентов добавлены в БД
2025-07-06 16:49:54.6184 INFO Данные успешно отправлены на сервер
2025-07-06 16:49:54.6184 INFO Процесс получения курса валют запущен
2025-07-06 16:49:54.6184 INFO Подключение к данным по адресу: https://www.cbr.ru/currency_base/daily/?UniDbQuery.Posted=True&UniDbQuery.To=06.07.2025
2025-07-06 16:49:54.9934 INFO Подключение прошло успешно. OK
2025-07-06 16:49:55.0403 INFO Извлечение данных
2025-07-06 16:49:55.0403 INFO Данные успешно получены. Количество: 43
2025-07-06 16:49:55.0403 INFO Запись в файл по пути: D:\Алексей\github\ExchangeParsing_DB\ExchangeParsing\ExchangeParsing\bin\Debug\CentralBank\Rate_06.07.2025.csv
2025-07-06 16:49:55.0403 INFO Данные записаны в файл. Количество 43 из 43
2025-07-06 16:49:55.0559 INFO Добавление полученных данных в БД
2025-07-06 16:49:55.0559 INFO Подключение к БД прошло успешно
2025-07-06 16:49:55.2305 INFO Успешно добавлено 43 валют
2025-07-06 16:49:55.2305 INFO Данные успешно отправлены на сервер
2025-07-06 16:49:55.2305 INFO Получение данных из файла SecurityPortfolio.csv
2025-07-06 16:49:55.2305 INFO Получение данных из файла Portfolio_Currency.csv
2025-07-06 16:49:55.2618 INFO Данные о портфелях добавлены
2025-07-06 16:49:55.2774 INFO Данные о связях между портфелями и валютами добавлены
2025-07-06 16:49:55.2774 INFO Запущен процесс получения акций
2025-07-06 16:49:55.2774 INFO Подключение к данным по адресу: https://iss.moex.com/iss/engines/stock/markets/shares/boards/tqbr/securities.json?iss.only=marketdata&iss.meta=off&iss.json=extended&marketdata.columns=SECID%2CLAST%2CLASTTOPREVPRICE&sort_column=VALTODAY&sort_order=desc&first=18
2025-07-06 16:49:55.4336 INFO Извлечение данных
2025-07-06 16:49:55.5743 INFO Данные получены
2025-07-06 16:49:55.5899 INFO Корректные данные для считывания
2025-07-06 16:49:55.6368 INFO Успешная десериализация данных
2025-07-06 16:49:55.6368 INFO Запись в файл: D:\Алексей\github\ExchangeParsing_DB\ExchangeParsing\ExchangeParsing\bin\Debug\MoscowExchange\Stocks\Stock_06.07.2025.csv
2025-07-06 16:49:55.6368 INFO Данные записаны: 18 акций
2025-07-06 16:49:55.6368 INFO Запущен процесс получения облигаций
2025-07-06 16:49:55.6368 INFO Подключение к данным по адресу: https://iss.moex.com/iss/emitters/484/securities.jsonp?iss.meta=off&iss.json=extended&callback=JSON_CALLBACK&lang=ru
2025-07-06 16:49:55.9805 INFO Подключение прошло успешно.
2025-07-06 16:49:55.9962 INFO Извлечение данных
2025-07-06 16:49:55.9962 INFO Данные получены
2025-07-06 16:49:55.9962 INFO Корректные данные для считывания
2025-07-06 16:49:56.0118 INFO Успешная десериализация данных
2025-07-06 16:49:56.0118 INFO Добавлено 361 биржевых облигаций и акций Сбербанк из 367 других облигаций
2025-07-06 16:49:56.0118 INFO Подключение к данным по адресу: https://iss.moex.com/iss/emitters/269/securities.jsonp?iss.meta=off&iss.json=extended&callback=JSON_CALLBACK&lang=ru
2025-07-06 16:49:58.5053 INFO Подключение прошло успешно.
2025-07-06 16:49:58.5053 INFO Извлечение данных
2025-07-06 16:49:58.5053 INFO Данные получены
2025-07-06 16:49:58.5053 INFO Корректные данные для считывания
2025-07-06 16:49:58.5240 INFO Успешная десериализация данных
2025-07-06 16:49:58.5240 INFO Добавлено 57 биржевых облигаций и акций ВТБ ао из 521 других облигаций
2025-07-06 16:49:58.5240 INFO Подключение к данным по адресу: https://iss.moex.com/iss/emitters/3588/securities.jsonp?iss.meta=off&iss.json=extended&callback=JSON_CALLBACK&lang=ru
2025-07-06 16:49:58.5709 INFO Подключение прошло успешно.
2025-07-06 16:49:58.5709 INFO Извлечение данных
2025-07-06 16:49:58.5709 INFO Данные получены
2025-07-06 16:49:58.5709 INFO Корректные данные для считывания
2025-07-06 16:49:58.5709 INFO Успешная десериализация данных
2025-07-06 16:49:58.5709 INFO Добавлено 2 биржевых облигаций и акций ЮГК из 3 других облигаций
2025-07-06 16:49:58.5709 INFO Подключение к данным по адресу: https://iss.moex.com/iss/emitters/711/securities.jsonp?iss.meta=off&iss.json=extended&callback=JSON_CALLBACK&lang=ru
2025-07-06 16:49:58.6177 INFO Подключение прошло успешно.
2025-07-06 16:49:58.6177 INFO Извлечение данных
2025-07-06 16:49:58.6177 INFO Данные получены
2025-07-06 16:49:58.6177 INFO Корректные данные для считывания
2025-07-06 16:49:58.6177 INFO Успешная десериализация данных
2025-07-06 16:49:58.6177 INFO Добавлено 5 биржевых облигаций и акций ГАЗПРОМ ао из 7 других облигаций
2025-07-06 16:49:58.6177 INFO Подключение к данным по адресу: https://iss.moex.com/iss/emitters/10763/securities.jsonp?iss.meta=off&iss.json=extended&callback=JSON_CALLBACK&lang=ru
2025-07-06 16:49:58.6802 INFO Подключение прошло успешно.
2025-07-06 16:49:58.6802 INFO Извлечение данных
2025-07-06 16:49:58.6802 INFO Данные получены
2025-07-06 16:49:58.6802 INFO Корректные данные для считывания
2025-07-06 16:49:58.6802 INFO Успешная десериализация данных
2025-07-06 16:49:58.6802 INFO Добавлено 0 биржевых облигаций и акций Т-Техно ао из 2 других облигаций
2025-07-06 16:49:58.6802 INFO Подключение к данным по адресу: https://iss.moex.com/iss/emitters/770/securities.jsonp?iss.meta=off&iss.json=extended&callback=JSON_CALLBACK&lang=ru
2025-07-06 16:49:58.7271 INFO Подключение прошло успешно.
2025-07-06 16:49:58.7271 INFO Извлечение данных
2025-07-06 16:49:58.7271 INFO Данные получены
2025-07-06 16:49:58.7271 INFO Корректные данные для считывания
2025-07-06 16:49:58.7271 INFO Успешная десериализация данных
2025-07-06 16:49:58.7271 INFO Добавлено 0 биржевых облигаций и акций ЛУКОЙЛ из 7 других облигаций
2025-07-06 16:49:58.7271 INFO Подключение к данным по адресу: https://iss.moex.com/iss/emitters/1074/securities.jsonp?iss.meta=off&iss.json=extended&callback=JSON_CALLBACK&lang=ru
2025-07-06 16:49:58.7967 INFO Подключение прошло успешно.
2025-07-06 16:49:58.7967 INFO Извлечение данных
2025-07-06 16:49:58.7967 INFO Данные получены
2025-07-06 16:49:58.7967 INFO Корректные данные для считывания
2025-07-06 16:49:58.7967 INFO Успешная десериализация данных
2025-07-06 16:49:58.7967 INFO Добавлено 4 биржевых облигаций и акций Новатэк ао из 7 других облигаций
2025-07-06 16:49:58.7967 INFO Подключение к данным по адресу: https://iss.moex.com/iss/emitters/9848/securities.jsonp?iss.meta=off&iss.json=extended&callback=JSON_CALLBACK&lang=ru
2025-07-06 16:49:58.8904 INFO Подключение прошло успешно.
2025-07-06 16:49:58.8904 INFO Извлечение данных
2025-07-06 16:49:58.8904 INFO Данные получены
2025-07-06 16:49:58.8904 INFO Корректные данные для считывания
2025-07-06 16:49:58.8904 INFO Успешная десериализация данных
2025-07-06 16:49:58.8904 INFO Добавлено 10 биржевых облигаций и акций Самолет ао из 13 других облигаций
2025-07-06 16:49:58.8904 INFO Подключение к данным по адресу: https://iss.moex.com/iss/emitters/739/securities.jsonp?iss.meta=off&iss.json=extended&callback=JSON_CALLBACK&lang=ru
2025-07-06 16:49:58.9394 INFO Подключение прошло успешно.
2025-07-06 16:49:58.9394 INFO Извлечение данных
2025-07-06 16:49:58.9394 INFO Данные получены
2025-07-06 16:49:58.9394 INFO Корректные данные для считывания
2025-07-06 16:49:58.9394 INFO Успешная десериализация данных
2025-07-06 16:49:58.9394 INFO Добавлено 1 биржевых облигаций и акций ПИК ао из 4 других облигаций
2025-07-06 16:49:58.9394 INFO Подключение к данным по адресу: https://iss.moex.com/iss/emitters/10712/securities.jsonp?iss.meta=off&iss.json=extended&callback=JSON_CALLBACK&lang=ru
2025-07-06 16:49:59.2179 INFO Подключение прошло успешно.
2025-07-06 16:49:59.2179 INFO Извлечение данных
2025-07-06 16:49:59.2179 INFO Данные получены
2025-07-06 16:49:59.2179 INFO Корректные данные для считывания
2025-07-06 16:49:59.2179 INFO Успешная десериализация данных
2025-07-06 16:49:59.2335 INFO Добавлено 0 биржевых облигаций и акций КЦ ИКС 5 из 2 других облигаций
2025-07-06 16:49:59.2335 INFO Подключение к данным по адресу: https://iss.moex.com/iss/emitters/1399/securities.jsonp?iss.meta=off&iss.json=extended&callback=JSON_CALLBACK&lang=ru
2025-07-06 16:49:59.2961 INFO Подключение прошло успешно.
2025-07-06 16:49:59.2961 INFO Извлечение данных
2025-07-06 16:49:59.2961 INFO Данные получены
2025-07-06 16:49:59.2961 INFO Корректные данные для считывания
2025-07-06 16:49:59.2961 INFO Успешная десериализация данных
2025-07-06 16:49:59.2961 INFO Добавлено 11 биржевых облигаций и акций ГМКНорНик из 15 других облигаций
2025-07-06 16:49:59.2961 INFO Подключение к данным по адресу: https://iss.moex.com/iss/emitters/15523/securities.jsonp?iss.meta=off&iss.json=extended&callback=JSON_CALLBACK&lang=ru
2025-07-06 16:49:59.3429 INFO Подключение прошло успешно.
2025-07-06 16:49:59.3429 INFO Извлечение данных
2025-07-06 16:49:59.3429 INFO Данные получены
2025-07-06 16:49:59.3429 INFO Корректные данные для считывания
2025-07-06 16:49:59.3429 INFO Успешная десериализация данных
2025-07-06 16:49:59.3429 INFO Добавлено 1 биржевых облигаций и акций ЯНДЕКС из 3 других облигаций
2025-07-06 16:49:59.3429 INFO Подключение к данным по адресу: https://iss.moex.com/iss/emitters/12604/securities.jsonp?iss.meta=off&iss.json=extended&callback=JSON_CALLBACK&lang=ru
2025-07-06 16:49:59.4054 INFO Подключение прошло успешно.
2025-07-06 16:49:59.4054 INFO Извлечение данных
2025-07-06 16:49:59.4054 INFO Данные получены
2025-07-06 16:49:59.4054 INFO Корректные данные для считывания
2025-07-06 16:49:59.4054 INFO Успешная десериализация данных
2025-07-06 16:49:59.4054 INFO Добавлено 3 биржевых облигаций и акций iПозитив из 5 других облигаций
2025-07-06 16:49:59.4054 INFO Подключение к данным по адресу: https://iss.moex.com/iss/emitters/1158/securities.jsonp?iss.meta=off&iss.json=extended&callback=JSON_CALLBACK&lang=ru
2025-07-06 16:49:59.4523 INFO Подключение прошло успешно.
2025-07-06 16:49:59.4523 INFO Извлечение данных
2025-07-06 16:49:59.4523 INFO Данные получены
2025-07-06 16:49:59.4679 INFO Корректные данные для считывания
2025-07-06 16:49:59.4679 INFO Успешная десериализация данных
2025-07-06 16:49:59.4679 INFO Добавлено 4 биржевых облигаций и акций Полюс из 8 других облигаций
2025-07-06 16:49:59.4679 INFO Подключение к данным по адресу: https://iss.moex.com/iss/emitters/886/securities.jsonp?iss.meta=off&iss.json=extended&callback=JSON_CALLBACK&lang=ru
2025-07-06 16:49:59.5148 INFO Подключение прошло успешно.
2025-07-06 16:49:59.5148 INFO Извлечение данных
2025-07-06 16:49:59.5148 INFO Данные получены
2025-07-06 16:49:59.5148 INFO Корректные данные для считывания
2025-07-06 16:49:59.5148 INFO Успешная десериализация данных
2025-07-06 16:49:59.5148 INFO Добавлено 8 биржевых облигаций и акций Магнит ао из 11 других облигаций
2025-07-06 16:49:59.5148 INFO Подключение к данным по адресу: https://iss.moex.com/iss/emitters/651/securities.jsonp?iss.meta=off&iss.json=extended&callback=JSON_CALLBACK&lang=ru
2025-07-06 16:49:59.5773 INFO Подключение прошло успешно.
2025-07-06 16:49:59.5773 INFO Извлечение данных
2025-07-06 16:49:59.5773 INFO Данные получены
2025-07-06 16:49:59.5773 INFO Корректные данные для считывания
2025-07-06 16:49:59.5773 INFO Успешная десериализация данных
2025-07-06 16:49:59.5773 INFO Добавлено 25 биржевых облигаций и акций Роснефть из 28 других облигаций
2025-07-06 16:49:59.5773 INFO Подключение к данным по адресу: https://iss.moex.com/iss/emitters/10761/securities.jsonp?iss.meta=off&iss.json=extended&callback=JSON_CALLBACK&lang=ru
2025-07-06 16:49:59.6242 INFO Подключение прошло успешно.
2025-07-06 16:49:59.6242 INFO Извлечение данных
2025-07-06 16:49:59.6242 INFO Данные получены
2025-07-06 16:49:59.6242 INFO Корректные данные для считывания
2025-07-06 16:49:59.6398 INFO Успешная десериализация данных
2025-07-06 16:49:59.6398 INFO Добавлено 0 биржевых облигаций и акций МКПАО "ВК" из 3 других облигаций
2025-07-06 16:49:59.6398 INFO Подключение к данным по адресу: https://iss.moex.com/iss/emitters/1242/securities.jsonp?iss.meta=off&iss.json=extended&callback=JSON_CALLBACK&lang=ru
2025-07-06 16:49:59.7179 INFO Подключение прошло успешно.
2025-07-06 16:49:59.7179 INFO Извлечение данных
2025-07-06 16:49:59.7179 INFO Данные получены
2025-07-06 16:49:59.7179 INFO Корректные данные для считывания
2025-07-06 16:49:59.7179 INFO Успешная десериализация данных
2025-07-06 16:49:59.7179 INFO Добавлено 2 биржевых облигаций и акций Аэрофлот из 4 других облигаций
2025-07-06 16:49:59.7179 INFO Все данные успешно считаны. 494 биржевых облигаций и акций из 1010 разных типов облигаций
2025-07-06 16:49:59.7179 INFO Запись в файл: D:\Алексей\github\ExchangeParsing_DB\ExchangeParsing\ExchangeParsing\bin\Debug\MoscowExchange\Bonds\Bond_06.07.2025.csv
2025-07-06 16:49:59.7179 INFO Данные записаны.
2025-07-06 16:49:59.7179 INFO Добавление полученных данных в БД
2025-07-06 16:49:59.7179 INFO Подключение к БД прошло успешно
2025-07-06 16:49:59.7804 ERROR An error occurred while updating the entries. See the inner exception for details.
2025-07-06 16:49:59.7804 INFO Приложение завершило работу
2025-07-06 16:54:00.1850 INFO Приложение запущено
2025-07-06 16:54:00.2475 INFO Отправка данных на сервер
2025-07-06 16:54:00.4819 INFO Получение данных из файла Address.csv
2025-07-06 16:54:00.4819 INFO Получение данных из файла Client.csv
2025-07-06 16:54:03.0456 INFO Данные адресов добавлены в БД
2025-07-06 16:54:03.3913 INFO Данные клиентов добавлены в БД
2025-07-06 16:54:03.3913 INFO Данные успешно отправлены на сервер
2025-07-06 16:54:03.4069 INFO Процесс получения курса валют запущен
2025-07-06 16:54:03.4069 INFO Подключение к данным по адресу: https://www.cbr.ru/currency_base/daily/?UniDbQuery.Posted=True&UniDbQuery.To=06.07.2025
2025-07-06 16:54:03.7213 INFO Подключение прошло успешно. OK
2025-07-06 16:54:03.7724 INFO Извлечение данных
2025-07-06 16:54:03.7724 INFO Данные успешно получены. Количество: 43
2025-07-06 16:54:03.7724 INFO Запись в файл по пути: D:\Алексей\github\ExchangeParsing_DB\ExchangeParsing\ExchangeParsing\bin\Debug\CentralBank\Rate_06.07.2025.csv
2025-07-06 16:54:03.7724 INFO Данные записаны в файл. Количество 43 из 43
2025-07-06 16:54:03.7724 INFO Добавление полученных данных в БД
2025-07-06 16:54:03.7724 INFO Подключение к БД прошло успешно
2025-07-06 16:54:03.8097 INFO Успешно добавлено 43 валют
2025-07-06 16:54:03.8097 INFO Данные успешно отправлены на сервер
2025-07-06 16:54:03.8097 INFO Получение данных из файла SecurityPortfolio.csv
2025-07-06 16:54:03.8097 INFO Получение данных из файла Portfolio_Currency.csv
2025-07-06 16:54:03.8409 INFO Данные о портфелях добавлены
2025-07-06 16:54:03.8566 INFO Данные о связях между портфелями и валютами добавлены
2025-07-06 16:54:03.8566 INFO Запущен процесс получения акций
2025-07-06 16:54:03.8566 INFO Подключение к данным по адресу: https://iss.moex.com/iss/engines/stock/markets/shares/boards/tqbr/securities.json?iss.only=marketdata&iss.meta=off&iss.json=extended&marketdata.columns=SECID%2CLAST%2CLASTTOPREVPRICE&sort_column=VALTODAY&sort_order=desc&first=18
2025-07-06 16:54:03.9816 INFO Извлечение данных
2025-07-06 16:54:04.1255 INFO Данные получены
2025-07-06 16:54:04.1411 INFO Корректные данные для считывания
2025-07-06 16:54:04.1880 INFO Успешная десериализация данных
2025-07-06 16:54:04.1880 INFO Запись в файл: D:\Алексей\github\ExchangeParsing_DB\ExchangeParsing\ExchangeParsing\bin\Debug\MoscowExchange\Stocks\Stock_06.07.2025.csv
2025-07-06 16:54:04.1880 INFO Данные записаны: 18 акций
2025-07-06 16:54:04.1880 INFO Запущен процесс получения облигаций
2025-07-06 16:54:04.1880 INFO Подключение к данным по адресу: https://iss.moex.com/iss/emitters/484/securities.jsonp?iss.meta=off&iss.json=extended&callback=JSON_CALLBACK&lang=ru
2025-07-06 16:54:04.4693 INFO Подключение прошло успешно.
2025-07-06 16:54:04.4693 INFO Извлечение данных
2025-07-06 16:54:04.4693 INFO Данные получены
2025-07-06 16:54:04.4849 INFO Корректные данные для считывания
2025-07-06 16:54:04.4849 INFO Успешная десериализация данных
2025-07-06 16:54:04.4849 INFO Добавлено 361 биржевых облигаций и акций Сбербанк из 367 других облигаций
2025-07-06 16:54:04.4849 INFO Подключение к данным по адресу: https://iss.moex.com/iss/emitters/269/securities.jsonp?iss.meta=off&iss.json=extended&callback=JSON_CALLBACK&lang=ru
2025-07-06 16:54:06.1902 INFO Подключение прошло успешно.
2025-07-06 16:54:06.1902 INFO Извлечение данных
2025-07-06 16:54:06.2214 INFO Данные получены
2025-07-06 16:54:06.2214 INFO Корректные данные для считывания
2025-07-06 16:54:06.2214 INFO Успешная десериализация данных
2025-07-06 16:54:06.2214 INFO Добавлено 57 биржевых облигаций и акций ВТБ ао из 521 других облигаций
2025-07-06 16:54:06.2214 INFO Подключение к данным по адресу: https://iss.moex.com/iss/emitters/3588/securities.jsonp?iss.meta=off&iss.json=extended&callback=JSON_CALLBACK&lang=ru
2025-07-06 16:54:06.2527 INFO Подключение прошло успешно.
2025-07-06 16:54:06.2527 INFO Извлечение данных
2025-07-06 16:54:06.2683 INFO Данные получены
2025-07-06 16:54:06.2683 INFO Корректные данные для считывания
2025-07-06 16:54:06.2683 INFO Успешная десериализация данных
2025-07-06 16:54:06.2683 INFO Добавлено 2 биржевых облигаций и акций ЮГК из 3 других облигаций
2025-07-06 16:54:06.2683 INFO Подключение к данным по адресу: https://iss.moex.com/iss/emitters/711/securities.jsonp?iss.meta=off&iss.json=extended&callback=JSON_CALLBACK&lang=ru
2025-07-06 16:54:06.2996 INFO Подключение прошло успешно.
2025-07-06 16:54:06.2996 INFO Извлечение данных
2025-07-06 16:54:06.2996 INFO Данные получены
2025-07-06 16:54:06.2996 INFO Корректные данные для считывания
2025-07-06 16:54:06.2996 INFO Успешная десериализация данных
2025-07-06 16:54:06.2996 INFO Добавлено 5 биржевых облигаций и акций ГАЗПРОМ ао из 7 других облигаций
2025-07-06 16:54:06.3152 INFO Подключение к данным по адресу: https://iss.moex.com/iss/emitters/10763/securities.jsonp?iss.meta=off&iss.json=extended&callback=JSON_CALLBACK&lang=ru
2025-07-06 16:54:06.3621 INFO Подключение прошло успешно.
2025-07-06 16:54:06.3621 INFO Извлечение данных
2025-07-06 16:54:06.3621 INFO Данные получены
2025-07-06 16:54:06.3621 INFO Корректные данные для считывания
2025-07-06 16:54:06.3777 INFO Успешная десериализация данных
2025-07-06 16:54:06.3777 INFO Добавлено 0 биржевых облигаций и акций Т-Техно ао из 2 других облигаций
2025-07-06 16:54:06.3777 INFO Подключение к данным по адресу: https://iss.moex.com/iss/emitters/770/securities.jsonp?iss.meta=off&iss.json=extended&callback=JSON_CALLBACK&lang=ru
2025-07-06 16:54:06.4246 INFO Подключение прошло успешно.
2025-07-06 16:54:06.4246 INFO Извлечение данных
2025-07-06 16:54:06.4246 INFO Данные получены
2025-07-06 16:54:06.4246 INFO Корректные данные для считывания
2025-07-06 16:54:06.4246 INFO Успешная десериализация данных
2025-07-06 16:54:06.4246 INFO Добавлено 0 биржевых облигаций и акций ЛУКОЙЛ из 7 других облигаций
2025-07-06 16:54:06.4246 INFO Подключение к данным по адресу: https://iss.moex.com/iss/emitters/1074/securities.jsonp?iss.meta=off&iss.json=extended&callback=JSON_CALLBACK&lang=ru
2025-07-06 16:54:06.4714 INFO Подключение прошло успешно.
2025-07-06 16:54:06.4714 INFO Извлечение данных
2025-07-06 16:54:06.4714 INFO Данные получены
2025-07-06 16:54:06.4714 INFO Корректные данные для считывания
2025-07-06 16:54:06.4714 INFO Успешная десериализация данных
2025-07-06 16:54:06.4714 INFO Добавлено 4 биржевых облигаций и акций Новатэк ао из 7 других облигаций
2025-07-06 16:54:06.4714 INFO Подключение к данным по адресу: https://iss.moex.com/iss/emitters/9848/securities.jsonp?iss.meta=off&iss.json=extended&callback=JSON_CALLBACK&lang=ru
2025-07-06 16:54:06.5183 INFO Подключение прошло успешно.
2025-07-06 16:54:06.5183 INFO Извлечение данных
2025-07-06 16:54:06.5183 INFO Данные получены
2025-07-06 16:54:06.5183 INFO Корректные данные для считывания
2025-07-06 16:54:06.5183 INFO Успешная десериализация данных
2025-07-06 16:54:06.5183 INFO Добавлено 10 биржевых облигаций и акций Самолет ао из 13 других облигаций
2025-07-06 16:54:06.5183 INFO Подключение к данным по адресу: https://iss.moex.com/iss/emitters/739/securities.jsonp?iss.meta=off&iss.json=extended&callback=JSON_CALLBACK&lang=ru
2025-07-06 16:54:06.5652 INFO Подключение прошло успешно.
2025-07-06 16:54:06.5652 INFO Извлечение данных
2025-07-06 16:54:06.5652 INFO Данные получены
2025-07-06 16:54:06.5652 INFO Корректные данные для считывания
2025-07-06 16:54:06.5652 INFO Успешная десериализация данных
2025-07-06 16:54:06.5652 INFO Добавлено 1 биржевых облигаций и акций ПИК ао из 4 других облигаций
2025-07-06 16:54:06.5652 INFO Подключение к данным по адресу: https://iss.moex.com/iss/emitters/10712/securities.jsonp?iss.meta=off&iss.json=extended&callback=JSON_CALLBACK&lang=ru
2025-07-06 16:54:06.6121 INFO Подключение прошло успешно.
2025-07-06 16:54:06.6121 INFO Извлечение данных
2025-07-06 16:54:06.6121 INFO Данные получены
2025-07-06 16:54:06.6121 INFO Корректные данные для считывания
2025-07-06 16:54:06.6121 INFO Успешная десериализация данных
2025-07-06 16:54:06.6121 INFO Добавлено 0 биржевых облигаций и акций КЦ ИКС 5 из 2 других облигаций
2025-07-06 16:54:06.6121 INFO Подключение к данным по адресу: https://iss.moex.com/iss/emitters/1399/securities.jsonp?iss.meta=off&iss.json=extended&callback=JSON_CALLBACK&lang=ru
2025-07-06 16:54:06.6589 INFO Подключение прошло успешно.
2025-07-06 16:54:06.6589 INFO Извлечение данных
2025-07-06 16:54:06.6589 INFO Данные получены
2025-07-06 16:54:06.6589 INFO Корректные данные для считывания
2025-07-06 16:54:06.6589 INFO Успешная десериализация данных
2025-07-06 16:54:06.6589 INFO Добавлено 11 биржевых облигаций и акций ГМКНорНик из 15 других облигаций
2025-07-06 16:54:06.6589 INFO Подключение к данным по адресу: https://iss.moex.com/iss/emitters/15523/securities.jsonp?iss.meta=off&iss.json=extended&callback=JSON_CALLBACK&lang=ru
2025-07-06 16:54:06.7058 INFO Подключение прошло успешно.
2025-07-06 16:54:06.7058 INFO Извлечение данных
2025-07-06 16:54:06.7058 INFO Данные получены
2025-07-06 16:54:06.7058 INFO Корректные данные для считывания
2025-07-06 16:54:06.7058 INFO Успешная десериализация данных
2025-07-06 16:54:06.7058 INFO Добавлено 1 биржевых облигаций и акций ЯНДЕКС из 3 других облигаций
2025-07-06 16:54:06.7058 INFO Подключение к данным по адресу: https://iss.moex.com/iss/emitters/12604/securities.jsonp?iss.meta=off&iss.json=extended&callback=JSON_CALLBACK&lang=ru
2025-07-06 16:54:06.7527 INFO Подключение прошло успешно.
2025-07-06 16:54:06.7527 INFO Извлечение данных
2025-07-06 16:54:06.7527 INFO Данные получены
2025-07-06 16:54:06.7527 INFO Корректные данные для считывания
2025-07-06 16:54:06.7527 INFO Успешная десериализация данных
2025-07-06 16:54:06.7527 INFO Добавлено 3 биржевых облигаций и акций iПозитив из 5 других облигаций
2025-07-06 16:54:06.7527 INFO Подключение к данным по адресу: https://iss.moex.com/iss/emitters/1158/securities.jsonp?iss.meta=off&iss.json=extended&callback=JSON_CALLBACK&lang=ru
2025-07-06 16:54:06.7996 INFO Подключение прошло успешно.
2025-07-06 16:54:06.7996 INFO Извлечение данных
2025-07-06 16:54:06.7996 INFO Данные получены
2025-07-06 16:54:06.7996 INFO Корректные данные для считывания
2025-07-06 16:54:06.7996 INFO Успешная десериализация данных
2025-07-06 16:54:06.7996 INFO Добавлено 4 биржевых облигаций и акций Полюс из 8 других облигаций
2025-07-06 16:54:06.7996 INFO Подключение к данным по адресу: https://iss.moex.com/iss/emitters/886/securities.jsonp?iss.meta=off&iss.json=extended&callback=JSON_CALLBACK&lang=ru
2025-07-06 16:54:06.8308 INFO Подключение прошло успешно.
2025-07-06 16:54:06.8308 INFO Извлечение данных
2025-07-06 16:54:06.8308 INFO Данные получены
2025-07-06 16:54:06.8308 INFO Корректные данные для считывания
2025-07-06 16:54:06.8308 INFO Успешная десериализация данных
2025-07-06 16:54:06.8464 INFO Добавлено 8 биржевых облигаций и акций Магнит ао из 11 других облигаций
2025-07-06 16:54:06.8464 INFO Подключение к данным по адресу: https://iss.moex.com/iss/emitters/651/securities.jsonp?iss.meta=off&iss.json=extended&callback=JSON_CALLBACK&lang=ru
2025-07-06 16:54:06.8933 INFO Подключение прошло успешно.
2025-07-06 16:54:06.8933 INFO Извлечение данных
2025-07-06 16:54:06.8933 INFO Данные получены
2025-07-06 16:54:06.8933 INFO Корректные данные для считывания
2025-07-06 16:54:06.8933 INFO Успешная десериализация данных
2025-07-06 16:54:06.8933 INFO Добавлено 25 биржевых облигаций и акций Роснефть из 28 других облигаций
2025-07-06 16:54:06.8933 INFO Подключение к данным по адресу: https://iss.moex.com/iss/emitters/10761/securities.jsonp?iss.meta=off&iss.json=extended&callback=JSON_CALLBACK&lang=ru
2025-07-06 16:54:06.9558 INFO Подключение прошло успешно.
2025-07-06 16:54:06.9558 INFO Извлечение данных
2025-07-06 16:54:06.9558 INFO Данные получены
2025-07-06 16:54:06.9558 INFO Корректные данные для считывания
2025-07-06 16:54:06.9558 INFO Успешная десериализация данных
2025-07-06 16:54:06.9558 INFO Добавлено 0 биржевых облигаций и акций МКПАО "ВК" из 3 других облигаций
2025-07-06 16:54:06.9558 INFO Подключение к данным по адресу: https://iss.moex.com/iss/emitters/1242/securities.jsonp?iss.meta=off&iss.json=extended&callback=JSON_CALLBACK&lang=ru
2025-07-06 16:54:07.0027 INFO Подключение прошло успешно.
2025-07-06 16:54:07.0027 INFO Извлечение данных
2025-07-06 16:54:07.0027 INFO Данные получены
2025-07-06 16:54:07.0027 INFO Корректные данные для считывания
2025-07-06 16:54:07.0027 INFO Успешная десериализация данных
2025-07-06 16:54:07.0027 INFO Добавлено 2 биржевых облигаций и акций Аэрофлот из 4 других облигаций
2025-07-06 16:54:07.0027 INFO Все данные успешно считаны. 494 биржевых облигаций и акций из 1010 разных типов облигаций
2025-07-06 16:54:07.0027 INFO Запись в файл: D:\Алексей\github\ExchangeParsing_DB\ExchangeParsing\ExchangeParsing\bin\Debug\MoscowExchange\Bonds\Bond_06.07.2025.csv
2025-07-06 16:54:07.0027 INFO Данные записаны.
2025-07-06 16:54:07.0183 INFO Добавление полученных данных в БД
2025-07-06 16:54:07.0183 INFO Подключение к БД прошло успешно
2025-07-06 16:54:07.0652 ERROR An error occurred while updating the entries. See the inner exception for details.
2025-07-06 16:54:07.0652 INFO Приложение завершило работу
2025-07-06 16:54:40.9137 INFO Приложение запущено
2025-07-06 16:54:40.9762 INFO Отправка данных на сервер
2025-07-06 16:54:41.2395 INFO Получение данных из файла Address.csv
2025-07-06 16:54:41.2395 INFO Получение данных из файла Client.csv
2025-07-06 16:54:43.6351 INFO Данные адресов добавлены в БД
2025-07-06 16:54:43.6820 INFO Данные клиентов добавлены в БД
2025-07-06 16:54:43.6820 INFO Данные успешно отправлены на сервер
2025-07-06 16:54:43.6976 INFO Процесс получения курса валют запущен
2025-07-06 16:54:43.6976 INFO Подключение к данным по адресу: https://www.cbr.ru/currency_base/daily/?UniDbQuery.Posted=True&UniDbQuery.To=06.07.2025
2025-07-06 16:54:44.0048 INFO Подключение прошло успешно. OK
2025-07-06 16:54:44.0361 INFO Извлечение данных
2025-07-06 16:54:44.0517 INFO Данные успешно получены. Количество: 43
2025-07-06 16:54:44.0517 INFO Запись в файл по пути: D:\Алексей\github\ExchangeParsing_DB\ExchangeParsing\ExchangeParsing\bin\Debug\CentralBank\Rate_06.07.2025.csv
2025-07-06 16:54:44.0517 INFO Данные записаны в файл. Количество 43 из 43
2025-07-06 16:54:44.0517 INFO Добавление полученных данных в БД
2025-07-06 16:54:44.0829 INFO Подключение к БД прошло успешно
2025-07-06 16:55:08.4469 INFO Успешно добавлено 43 валют
2025-07-06 16:55:13.2876 INFO Данные успешно отправлены на сервер
2025-07-06 16:55:16.4322 INFO Получение данных из файла SecurityPortfolio.csv
2025-07-06 16:55:16.4322 INFO Получение данных из файла Portfolio_Currency.csv
2025-07-06 16:55:16.4635 INFO Данные о портфелях добавлены
2025-07-06 16:55:16.4791 INFO Данные о связях между портфелями и валютами добавлены
2025-07-06 16:55:16.4791 INFO Запущен процесс получения акций
2025-07-06 16:55:16.4791 INFO Подключение к данным по адресу: https://iss.moex.com/iss/engines/stock/markets/shares/boards/tqbr/securities.json?iss.only=marketdata&iss.meta=off&iss.json=extended&marketdata.columns=SECID%2CLAST%2CLASTTOPREVPRICE&sort_column=VALTODAY&sort_order=desc&first=18
2025-07-06 16:55:16.6510 INFO Извлечение данных
2025-07-06 16:55:16.7916 INFO Данные получены
2025-07-06 16:55:16.8072 INFO Корректные данные для считывания
2025-07-06 16:55:16.8541 INFO Успешная десериализация данных
2025-07-06 16:55:16.8541 INFO Запись в файл: D:\Алексей\github\ExchangeParsing_DB\ExchangeParsing\ExchangeParsing\bin\Debug\MoscowExchange\Stocks\Stock_06.07.2025.csv
2025-07-06 16:55:16.8541 INFO Данные записаны: 18 акций
2025-07-06 16:55:16.8698 INFO Запущен процесс получения облигаций
2025-07-06 16:55:16.8698 INFO Подключение к данным по адресу: https://iss.moex.com/iss/emitters/484/securities.jsonp?iss.meta=off&iss.json=extended&callback=JSON_CALLBACK&lang=ru
2025-07-06 16:55:17.1952 INFO Подключение прошло успешно.
2025-07-06 16:55:17.1952 INFO Извлечение данных
2025-07-06 16:55:17.1952 INFO Данные получены
2025-07-06 16:55:17.1952 INFO Корректные данные для считывания
2025-07-06 16:55:17.2108 INFO Успешная десериализация данных
2025-07-06 16:55:17.2108 INFO Добавлено 361 биржевых облигаций и акций Сбербанк из 367 других облигаций
2025-07-06 16:55:17.2108 INFO Подключение к данным по адресу: https://iss.moex.com/iss/emitters/269/securities.jsonp?iss.meta=off&iss.json=extended&callback=JSON_CALLBACK&lang=ru
2025-07-06 16:55:18.0485 INFO Подключение прошло успешно.
2025-07-06 16:55:18.0485 INFO Извлечение данных
2025-07-06 16:55:18.0641 INFO Данные получены
2025-07-06 16:55:18.0641 INFO Корректные данные для считывания
2025-07-06 16:55:18.0641 INFO Успешная десериализация данных
2025-07-06 16:55:18.0641 INFO Добавлено 57 биржевых облигаций и акций ВТБ ао из 521 других облигаций
2025-07-06 16:55:18.0641 INFO Подключение к данным по адресу: https://iss.moex.com/iss/emitters/3588/securities.jsonp?iss.meta=off&iss.json=extended&callback=JSON_CALLBACK&lang=ru
2025-07-06 16:55:18.1129 INFO Подключение прошло успешно.
2025-07-06 16:55:18.1129 INFO Извлечение данных
2025-07-06 16:55:18.1129 INFO Данные получены
2025-07-06 16:55:18.1129 INFO Корректные данные для считывания
2025-07-06 16:55:18.1129 INFO Успешная десериализация данных
2025-07-06 16:55:18.1129 INFO Добавлено 2 биржевых облигаций и акций ЮГК из 3 других облигаций
2025-07-06 16:55:18.1129 INFO Подключение к данным по адресу: https://iss.moex.com/iss/emitters/711/securities.jsonp?iss.meta=off&iss.json=extended&callback=JSON_CALLBACK&lang=ru
2025-07-06 16:55:18.1659 INFO Подключение прошло успешно.
2025-07-06 16:55:18.1659 INFO Извлечение данных
2025-07-06 16:55:18.1659 INFO Данные получены
2025-07-06 16:55:18.1659 INFO Корректные данные для считывания
2025-07-06 16:55:18.1659 INFO Успешная десериализация данных
2025-07-06 16:55:18.1659 INFO Добавлено 5 биржевых облигаций и акций ГАЗПРОМ ао из 7 других облигаций
2025-07-06 16:55:18.1659 INFO Подключение к данным по адресу: https://iss.moex.com/iss/emitters/10763/securities.jsonp?iss.meta=off&iss.json=extended&callback=JSON_CALLBACK&lang=ru
2025-07-06 16:55:18.2128 INFO Подключение прошло успешно.
2025-07-06 16:55:18.2128 INFO Извлечение данных
2025-07-06 16:55:18.2128 INFO Данные получены
2025-07-06 16:55:18.2128 INFO Корректные данные для считывания
2025-07-06 16:55:18.2128 INFO Успешная десериализация данных
2025-07-06 16:55:18.2128 INFO Добавлено 0 биржевых облигаций и акций Т-Техно ао из 2 других облигаций
2025-07-06 16:55:18.2128 INFO Подключение к данным по адресу: https://iss.moex.com/iss/emitters/770/securities.jsonp?iss.meta=off&iss.json=extended&callback=JSON_CALLBACK&lang=ru
2025-07-06 16:55:18.2441 INFO Подключение прошло успешно.
2025-07-06 16:55:18.2441 INFO Извлечение данных
2025-07-06 16:55:18.2441 INFO Данные получены
2025-07-06 16:55:18.2441 INFO Корректные данные для считывания
2025-07-06 16:55:18.2441 INFO Успешная десериализация данных
2025-07-06 16:55:18.2441 INFO Добавлено 0 биржевых облигаций и акций ЛУКОЙЛ из 7 других облигаций
2025-07-06 16:55:18.2441 INFO Подключение к данным по адресу: https://iss.moex.com/iss/emitters/1074/securities.jsonp?iss.meta=off&iss.json=extended&callback=JSON_CALLBACK&lang=ru
2025-07-06 16:55:18.2909 INFO Подключение прошло успешно.
2025-07-06 16:55:18.2909 INFO Извлечение данных
2025-07-06 16:55:18.2909 INFO Данные получены
2025-07-06 16:55:18.2909 INFO Корректные данные для считывания
2025-07-06 16:55:18.2909 INFO Успешная десериализация данных
2025-07-06 16:55:18.2909 INFO Добавлено 4 биржевых облигаций и акций Новатэк ао из 7 других облигаций
2025-07-06 16:55:18.2909 INFO Подключение к данным по адресу: https://iss.moex.com/iss/emitters/9848/securities.jsonp?iss.meta=off&iss.json=extended&callback=JSON_CALLBACK&lang=ru
2025-07-06 16:55:18.3378 INFO Подключение прошло успешно.
2025-07-06 16:55:18.3378 INFO Извлечение данных
2025-07-06 16:55:18.3378 INFO Данные получены
2025-07-06 16:55:18.3378 INFO Корректные данные для считывания
2025-07-06 16:55:18.3378 INFO Успешная десериализация данных
2025-07-06 16:55:18.3378 INFO Добавлено 10 биржевых облигаций и акций Самолет ао из 13 других облигаций
2025-07-06 16:55:18.3378 INFO Подключение к данным по адресу: https://iss.moex.com/iss/emitters/739/securities.jsonp?iss.meta=off&iss.json=extended&callback=JSON_CALLBACK&lang=ru
2025-07-06 16:55:18.3847 INFO Подключение прошло успешно.
2025-07-06 16:55:18.3847 INFO Извлечение данных
2025-07-06 16:55:18.3847 INFO Данные получены
2025-07-06 16:55:18.3847 INFO Корректные данные для считывания
2025-07-06 16:55:18.3847 INFO Успешная десериализация данных
2025-07-06 16:55:18.3847 INFO Добавлено 1 биржевых облигаций и акций ПИК ао из 4 других облигаций
2025-07-06 16:55:18.3847 INFO Подключение к данным по адресу: https://iss.moex.com/iss/emitters/10712/securities.jsonp?iss.meta=off&iss.json=extended&callback=JSON_CALLBACK&lang=ru
2025-07-06 16:55:18.4316 INFO Подключение прошло успешно.
2025-07-06 16:55:18.4316 INFO Извлечение данных
2025-07-06 16:55:18.4316 INFO Данные получены
2025-07-06 16:55:18.4316 INFO Корректные данные для считывания
2025-07-06 16:55:18.4316 INFO Успешная десериализация данных
2025-07-06 16:55:18.4316 INFO Добавлено 0 биржевых облигаций и акций КЦ ИКС 5 из 2 других облигаций
2025-07-06 16:55:18.4316 INFO Подключение к данным по адресу: https://iss.moex.com/iss/emitters/1399/securities.jsonp?iss.meta=off&iss.json=extended&callback=JSON_CALLBACK&lang=ru
2025-07-06 16:55:18.4628 INFO Подключение прошло успешно.
2025-07-06 16:55:18.4628 INFO Извлечение данных
2025-07-06 16:55:18.4628 INFO Данные получены
2025-07-06 16:55:18.4628 INFO Корректные данные для считывания
2025-07-06 16:55:18.4628 INFO Успешная десериализация данных
2025-07-06 16:55:18.4628 INFO Добавлено 11 биржевых облигаций и акций ГМКНорНик из 15 других облигаций
2025-07-06 16:55:18.4628 INFO Подключение к данным по адресу: https://iss.moex.com/iss/emitters/15523/securities.jsonp?iss.meta=off&iss.json=extended&callback=JSON_CALLBACK&lang=ru
2025-07-06 16:55:18.5097 INFO Подключение прошло успешно.
2025-07-06 16:55:18.5097 INFO Извлечение данных
2025-07-06 16:55:18.5097 INFO Данные получены
2025-07-06 16:55:18.5097 INFO Корректные данные для считывания
2025-07-06 16:55:18.5097 INFO Успешная десериализация данных
2025-07-06 16:55:18.5097 INFO Добавлено 1 биржевых облигаций и акций ЯНДЕКС из 3 других облигаций
2025-07-06 16:55:18.5097 INFO Подключение к данным по адресу: https://iss.moex.com/iss/emitters/12604/securities.jsonp?iss.meta=off&iss.json=extended&callback=JSON_CALLBACK&lang=ru
2025-07-06 16:55:18.5566 INFO Подключение прошло успешно.
2025-07-06 16:55:18.5566 INFO Извлечение данных
2025-07-06 16:55:18.5566 INFO Данные получены
2025-07-06 16:55:18.5566 INFO Корректные данные для считывания
2025-07-06 16:55:18.5566 INFO Успешная десериализация данных
2025-07-06 16:55:18.5566 INFO Добавлено 3 биржевых облигаций и акций iПозитив из 5 других облигаций
2025-07-06 16:55:18.5566 INFO Подключение к данным по адресу: https://iss.moex.com/iss/emitters/1158/securities.jsonp?iss.meta=off&iss.json=extended&callback=JSON_CALLBACK&lang=ru
2025-07-06 16:55:18.6034 INFO Подключение прошло успешно.
2025-07-06 16:55:18.6034 INFO Извлечение данных
2025-07-06 16:55:18.6034 INFO Данные получены
2025-07-06 16:55:18.6034 INFO Корректные данные для считывания
2025-07-06 16:55:18.6034 INFO Успешная десериализация данных
2025-07-06 16:55:18.6034 INFO Добавлено 4 биржевых облигаций и акций Полюс из 8 других облигаций
2025-07-06 16:55:18.6034 INFO Подключение к данным по адресу: https://iss.moex.com/iss/emitters/886/securities.jsonp?iss.meta=off&iss.json=extended&callback=JSON_CALLBACK&lang=ru
2025-07-06 16:55:18.6659 INFO Подключение прошло успешно.
2025-07-06 16:55:18.6659 INFO Извлечение данных
2025-07-06 16:55:18.6659 INFO Данные получены
2025-07-06 16:55:18.6659 INFO Корректные данные для считывания
2025-07-06 16:55:18.6659 INFO Успешная десериализация данных
2025-07-06 16:55:18.6659 INFO Добавлено 8 биржевых облигаций и акций Магнит ао из 11 других облигаций
2025-07-06 16:55:18.6659 INFO Подключение к данным по адресу: https://iss.moex.com/iss/emitters/651/securities.jsonp?iss.meta=off&iss.json=extended&callback=JSON_CALLBACK&lang=ru
2025-07-06 16:55:18.7128 INFO Подключение прошло успешно.
2025-07-06 16:55:18.7128 INFO Извлечение данных
2025-07-06 16:55:18.7128 INFO Данные получены
2025-07-06 16:55:18.7128 INFO Корректные данные для считывания
2025-07-06 16:55:18.7128 INFO Успешная десериализация данных
2025-07-06 16:55:18.7128 INFO Добавлено 25 биржевых облигаций и акций Роснефть из 28 других облигаций
2025-07-06 16:55:18.7128 INFO Подключение к данным по адресу: https://iss.moex.com/iss/emitters/10761/securities.jsonp?iss.meta=off&iss.json=extended&callback=JSON_CALLBACK&lang=ru
2025-07-06 16:55:18.7753 INFO Подключение прошло успешно.
2025-07-06 16:55:18.7753 INFO Извлечение данных
2025-07-06 16:55:18.7753 INFO Данные получены
2025-07-06 16:55:18.7753 INFO Корректные данные для считывания
2025-07-06 16:55:18.7753 INFO Успешная десериализация данных
2025-07-06 16:55:18.7753 INFO Добавлено 0 биржевых облигаций и акций МКПАО "ВК" из 3 других облигаций
2025-07-06 16:55:18.7753 INFO Подключение к данным по адресу: https://iss.moex.com/iss/emitters/1242/securities.jsonp?iss.meta=off&iss.json=extended&callback=JSON_CALLBACK&lang=ru
2025-07-06 16:55:18.8222 INFO Подключение прошло успешно.
2025-07-06 16:55:18.8222 INFO Извлечение данных
2025-07-06 16:55:18.8222 INFO Данные получены
2025-07-06 16:55:18.8222 INFO Корректные данные для считывания
2025-07-06 16:55:18.8222 INFO Успешная десериализация данных
2025-07-06 16:55:18.8222 INFO Добавлено 2 биржевых облигаций и акций Аэрофлот из 4 других облигаций
2025-07-06 16:55:18.8222 INFO Все данные успешно считаны. 494 биржевых облигаций и акций из 1010 разных типов облигаций
2025-07-06 16:55:18.8222 INFO Запись в файл: D:\Алексей\github\ExchangeParsing_DB\ExchangeParsing\ExchangeParsing\bin\Debug\MoscowExchange\Bonds\Bond_06.07.2025.csv
2025-07-06 16:55:18.8222 INFO Данные записаны.
2025-07-06 16:55:18.8222 INFO Добавление полученных данных в БД
2025-07-06 16:55:18.8555 INFO Подключение к БД прошло успешно
2025-07-06 16:57:23.1765 INFO Приложение запущено
2025-07-06 16:57:23.2390 INFO Отправка данных на сервер
2025-07-06 16:57:23.4577 INFO Получение данных из файла Address.csv
2025-07-06 16:57:23.4577 INFO Получение данных из файла Client.csv
2025-07-06 16:57:25.8974 INFO Данные адресов добавлены в БД
2025-07-06 16:57:25.9442 INFO Данные клиентов добавлены в БД
2025-07-06 16:57:25.9442 INFO Данные успешно отправлены на сервер
2025-07-06 16:57:25.9599 INFO Процесс получения курса валют запущен
2025-07-06 16:57:25.9599 INFO Подключение к данным по адресу: https://www.cbr.ru/currency_base/daily/?UniDbQuery.Posted=True&UniDbQuery.To=06.07.2025
2025-07-06 16:57:26.3206 INFO Подключение прошло успешно. OK
2025-07-06 16:57:26.3518 INFO Извлечение данных
2025-07-06 16:57:26.3675 INFO Данные успешно получены. Количество: 43
2025-07-06 16:57:26.3675 INFO Запись в файл по пути: D:\Алексей\github\ExchangeParsing_DB\ExchangeParsing\ExchangeParsing\bin\Debug\CentralBank\Rate_06.07.2025.csv
2025-07-06 16:57:26.3675 INFO Данные записаны в файл. Количество 43 из 43
2025-07-06 16:57:26.3675 INFO Добавление полученных данных в БД
2025-07-06 16:57:26.3675 INFO Подключение к БД прошло успешно
2025-07-06 16:57:29.5794 INFO Успешно добавлено 43 валют
2025-07-06 16:57:29.5794 INFO Данные успешно отправлены на сервер
2025-07-06 16:57:29.5794 INFO Получение данных из файла SecurityPortfolio.csv
2025-07-06 16:57:29.5794 INFO Получение данных из файла Portfolio_Currency.csv
2025-07-06 16:57:29.6044 INFO Данные о портфелях добавлены
2025-07-06 16:57:29.6195 INFO Данные о связях между портфелями и валютами добавлены
2025-07-06 16:57:29.6195 INFO Запущен процесс получения акций
2025-07-06 16:57:29.6195 INFO Подключение к данным по адресу: https://iss.moex.com/iss/engines/stock/markets/shares/boards/tqbr/securities.json?iss.only=marketdata&iss.meta=off&iss.json=extended&marketdata.columns=SECID%2CLAST%2CLASTTOPREVPRICE&sort_column=VALTODAY&sort_order=desc&first=18
2025-07-06 16:57:29.7856 INFO Извлечение данных
2025-07-06 16:57:29.9287 INFO Данные получены
2025-07-06 16:57:29.9397 INFO Корректные данные для считывания
2025-07-06 16:57:29.9877 INFO Успешная десериализация данных
2025-07-06 16:57:29.9877 INFO Запись в файл: D:\Алексей\github\ExchangeParsing_DB\ExchangeParsing\ExchangeParsing\bin\Debug\MoscowExchange\Stocks\Stock_06.07.2025.csv
2025-07-06 16:57:29.9877 INFO Данные записаны: 18 акций
2025-07-06 16:57:29.9877 INFO Запущен процесс получения облигаций
2025-07-06 16:57:29.9987 INFO Подключение к данным по адресу: https://iss.moex.com/iss/emitters/484/securities.jsonp?iss.meta=off&iss.json=extended&callback=JSON_CALLBACK&lang=ru
2025-07-06 16:57:30.2920 INFO Подключение прошло успешно.
2025-07-06 16:57:30.3076 INFO Извлечение данных
2025-07-06 16:57:30.3076 INFO Данные получены
2025-07-06 16:57:30.3076 INFO Корректные данные для считывания
2025-07-06 16:57:30.3232 INFO Успешная десериализация данных
2025-07-06 16:57:30.3232 INFO Добавлено 361 биржевых облигаций и акций Сбербанк из 367 других облигаций
2025-07-06 16:57:30.3232 INFO Подключение к данным по адресу: https://iss.moex.com/iss/emitters/269/securities.jsonp?iss.meta=off&iss.json=extended&callback=JSON_CALLBACK&lang=ru
2025-07-06 16:57:32.8824 INFO Подключение прошло успешно.
2025-07-06 16:57:32.8824 INFO Извлечение данных
2025-07-06 16:57:32.8980 INFO Данные получены
2025-07-06 16:57:32.8980 INFO Корректные данные для считывания
2025-07-06 16:57:32.9136 INFO Успешная десериализация данных
2025-07-06 16:57:32.9136 INFO Добавлено 57 биржевых облигаций и акций ВТБ ао из 521 других облигаций
2025-07-06 16:57:32.9136 INFO Подключение к данным по адресу: https://iss.moex.com/iss/emitters/3588/securities.jsonp?iss.meta=off&iss.json=extended&callback=JSON_CALLBACK&lang=ru
2025-07-06 16:57:32.9448 INFO Подключение прошло успешно.
2025-07-06 16:57:32.9448 INFO Извлечение данных
2025-07-06 16:57:32.9448 INFO Данные получены
2025-07-06 16:57:32.9448 INFO Корректные данные для считывания
2025-07-06 16:57:32.9448 INFO Успешная десериализация данных
2025-07-06 16:57:32.9448 INFO Добавлено 2 биржевых облигаций и акций ЮГК из 3 других облигаций
2025-07-06 16:57:32.9448 INFO Подключение к данным по адресу: https://iss.moex.com/iss/emitters/711/securities.jsonp?iss.meta=off&iss.json=extended&callback=JSON_CALLBACK&lang=ru
2025-07-06 16:57:32.9917 INFO Подключение прошло успешно.
2025-07-06 16:57:32.9917 INFO Извлечение данных
2025-07-06 16:57:32.9917 INFO Данные получены
2025-07-06 16:57:32.9917 INFO Корректные данные для считывания
2025-07-06 16:57:32.9917 INFO Успешная десериализация данных
2025-07-06 16:57:32.9917 INFO Добавлено 5 биржевых облигаций и акций ГАЗПРОМ ао из 7 других облигаций
2025-07-06 16:57:32.9917 INFO Подключение к данным по адресу: https://iss.moex.com/iss/emitters/10763/securities.jsonp?iss.meta=off&iss.json=extended&callback=JSON_CALLBACK&lang=ru
2025-07-06 16:57:33.0386 INFO Подключение прошло успешно.
2025-07-06 16:57:33.0386 INFO Извлечение данных
2025-07-06 16:57:33.0386 INFO Данные получены
2025-07-06 16:57:33.0386 INFO Корректные данные для считывания
2025-07-06 16:57:33.0386 INFO Успешная десериализация данных
2025-07-06 16:57:33.0386 INFO Добавлено 0 биржевых облигаций и акций Т-Техно ао из 2 других облигаций
2025-07-06 16:57:33.0386 INFO Подключение к данным по адресу: https://iss.moex.com/iss/emitters/770/securities.jsonp?iss.meta=off&iss.json=extended&callback=JSON_CALLBACK&lang=ru
2025-07-06 16:57:33.0698 INFO Подключение прошло успешно.
2025-07-06 16:57:33.0698 INFO Извлечение данных
2025-07-06 16:57:33.0698 INFO Данные получены
2025-07-06 16:57:33.0698 INFO Корректные данные для считывания
2025-07-06 16:57:33.0855 INFO Успешная десериализация данных
2025-07-06 16:57:33.0855 INFO Добавлено 0 биржевых облигаций и акций ЛУКОЙЛ из 7 других облигаций
2025-07-06 16:57:33.0855 INFO Подключение к данным по адресу: https://iss.moex.com/iss/emitters/1074/securities.jsonp?iss.meta=off&iss.json=extended&callback=JSON_CALLBACK&lang=ru
2025-07-06 16:57:33.1277 INFO Подключение прошло успешно.
2025-07-06 16:57:33.1277 INFO Извлечение данных
2025-07-06 16:57:33.1277 INFO Данные получены
2025-07-06 16:57:33.1277 INFO Корректные данные для считывания
2025-07-06 16:57:33.1277 INFO Успешная десериализация данных
2025-07-06 16:57:33.1277 INFO Добавлено 4 биржевых облигаций и акций Новатэк ао из 7 других облигаций
2025-07-06 16:57:33.1277 INFO Подключение к данным по адресу: https://iss.moex.com/iss/emitters/9848/securities.jsonp?iss.meta=off&iss.json=extended&callback=JSON_CALLBACK&lang=ru
2025-07-06 16:57:33.1554 INFO Подключение прошло успешно.
2025-07-06 16:57:33.1554 INFO Извлечение данных
2025-07-06 16:57:33.1710 INFO Данные получены
2025-07-06 16:57:33.1710 INFO Корректные данные для считывания
2025-07-06 16:57:33.1710 INFO Успешная десериализация данных
2025-07-06 16:57:33.1710 INFO Добавлено 10 биржевых облигаций и акций Самолет ао из 13 других облигаций
2025-07-06 16:57:33.1710 INFO Подключение к данным по адресу: https://iss.moex.com/iss/emitters/739/securities.jsonp?iss.meta=off&iss.json=extended&callback=JSON_CALLBACK&lang=ru
2025-07-06 16:57:33.2023 INFO Подключение прошло успешно.
2025-07-06 16:57:33.2023 INFO Извлечение данных
2025-07-06 16:57:33.2023 INFO Данные получены
2025-07-06 16:57:33.2023 INFO Корректные данные для считывания
2025-07-06 16:57:33.2023 INFO Успешная десериализация данных
2025-07-06 16:57:33.2023 INFO Добавлено 1 биржевых облигаций и акций ПИК ао из 4 других облигаций
2025-07-06 16:57:33.2023 INFO Подключение к данным по адресу: https://iss.moex.com/iss/emitters/10712/securities.jsonp?iss.meta=off&iss.json=extended&callback=JSON_CALLBACK&lang=ru
2025-07-06 16:57:33.2492 INFO Подключение прошло успешно.
2025-07-06 16:57:33.2492 INFO Извлечение данных
2025-07-06 16:57:33.2492 INFO Данные получены
2025-07-06 16:57:33.2492 INFO Корректные данные для считывания
2025-07-06 16:57:33.2492 INFO Успешная десериализация данных
2025-07-06 16:57:33.2492 INFO Добавлено 0 биржевых облигаций и акций КЦ ИКС 5 из 2 других облигаций
2025-07-06 16:57:33.2492 INFO Подключение к данным по адресу: https://iss.moex.com/iss/emitters/1399/securities.jsonp?iss.meta=off&iss.json=extended&callback=JSON_CALLBACK&lang=ru
2025-07-06 16:57:33.3117 INFO Подключение прошло успешно.
2025-07-06 16:57:33.3117 INFO Извлечение данных
2025-07-06 16:57:33.3117 INFO Данные получены
2025-07-06 16:57:33.3117 INFO Корректные данные для считывания
2025-07-06 16:57:33.3117 INFO Успешная десериализация данных
2025-07-06 16:57:33.3117 INFO Добавлено 11 биржевых облигаций и акций ГМКНорНик из 15 других облигаций
2025-07-06 16:57:33.3117 INFO Подключение к данным по адресу: https://iss.moex.com/iss/emitters/15523/securities.jsonp?iss.meta=off&iss.json=extended&callback=JSON_CALLBACK&lang=ru
2025-07-06 16:57:33.3429 INFO Подключение прошло успешно.
2025-07-06 16:57:33.3429 INFO Извлечение данных
2025-07-06 16:57:33.3429 INFO Данные получены
2025-07-06 16:57:33.3429 INFO Корректные данные для считывания
2025-07-06 16:57:33.3429 INFO Успешная десериализация данных
2025-07-06 16:57:33.3429 INFO Добавлено 1 биржевых облигаций и акций ЯНДЕКС из 3 других облигаций
2025-07-06 16:57:33.3429 INFO Подключение к данным по адресу: https://iss.moex.com/iss/emitters/12604/securities.jsonp?iss.meta=off&iss.json=extended&callback=JSON_CALLBACK&lang=ru
2025-07-06 16:57:33.3898 INFO Подключение прошло успешно.
2025-07-06 16:57:33.3898 INFO Извлечение данных
2025-07-06 16:57:33.3898 INFO Данные получены
2025-07-06 16:57:33.3898 INFO Корректные данные для считывания
2025-07-06 16:57:33.3898 INFO Успешная десериализация данных
2025-07-06 16:57:33.3898 INFO Добавлено 3 биржевых облигаций и акций iПозитив из 5 других облигаций
2025-07-06 16:57:33.3898 INFO Подключение к данным по адресу: https://iss.moex.com/iss/emitters/1158/securities.jsonp?iss.meta=off&iss.json=extended&callback=JSON_CALLBACK&lang=ru
2025-07-06 16:57:33.4523 INFO Подключение прошло успешно.
2025-07-06 16:57:33.4523 INFO Извлечение данных
2025-07-06 16:57:33.4523 INFO Данные получены
2025-07-06 16:57:33.4523 INFO Корректные данные для считывания
2025-07-06 16:57:33.4523 INFO Успешная десериализация данных
2025-07-06 16:57:33.4523 INFO Добавлено 4 биржевых облигаций и акций Полюс из 8 других облигаций
2025-07-06 16:57:33.4523 INFO Подключение к данным по адресу: https://iss.moex.com/iss/emitters/886/securities.jsonp?iss.meta=off&iss.json=extended&callback=JSON_CALLBACK&lang=ru
2025-07-06 16:57:33.5052 INFO Подключение прошло успешно.
2025-07-06 16:57:33.5052 INFO Извлечение данных
2025-07-06 16:57:33.5052 INFO Данные получены
2025-07-06 16:57:33.5052 INFO Корректные данные для считывания
2025-07-06 16:57:33.5052 INFO Успешная десериализация данных
2025-07-06 16:57:33.5052 INFO Добавлено 8 биржевых облигаций и акций Магнит ао из 11 других облигаций
2025-07-06 16:57:33.5052 INFO Подключение к данным по адресу: https://iss.moex.com/iss/emitters/651/securities.jsonp?iss.meta=off&iss.json=extended&callback=JSON_CALLBACK&lang=ru
2025-07-06 16:57:33.5549 INFO Подключение прошло успешно.
2025-07-06 16:57:33.5549 INFO Извлечение данных
2025-07-06 16:57:33.5549 INFO Данные получены
2025-07-06 16:57:33.5549 INFO Корректные данные для считывания
2025-07-06 16:57:33.5549 INFO Успешная десериализация данных
2025-07-06 16:57:33.5549 INFO Добавлено 25 биржевых облигаций и акций Роснефть из 28 других облигаций
2025-07-06 16:57:33.5549 INFO Подключение к данным по адресу: https://iss.moex.com/iss/emitters/10761/securities.jsonp?iss.meta=off&iss.json=extended&callback=JSON_CALLBACK&lang=ru
2025-07-06 16:57:33.6018 INFO Подключение прошло успешно.
2025-07-06 16:57:33.6018 INFO Извлечение данных
2025-07-06 16:57:33.6018 INFO Данные получены
2025-07-06 16:57:33.6018 INFO Корректные данные для считывания
2025-07-06 16:57:33.6018 INFO Успешная десериализация данных
2025-07-06 16:57:33.6018 INFO Добавлено 0 биржевых облигаций и акций МКПАО "ВК" из 3 других облигаций
2025-07-06 16:57:33.6018 INFO Подключение к данным по адресу: https://iss.moex.com/iss/emitters/1242/securities.jsonp?iss.meta=off&iss.json=extended&callback=JSON_CALLBACK&lang=ru
2025-07-06 16:57:33.6486 INFO Подключение прошло успешно.
2025-07-06 16:57:33.6486 INFO Извлечение данных
2025-07-06 16:57:33.6486 INFO Данные получены
2025-07-06 16:57:33.6486 INFO Корректные данные для считывания
2025-07-06 16:57:33.6486 INFO Успешная десериализация данных
2025-07-06 16:57:33.6486 INFO Добавлено 2 биржевых облигаций и акций Аэрофлот из 4 других облигаций
2025-07-06 16:57:33.6486 INFO Все данные успешно считаны. 494 биржевых облигаций и акций из 1010 разных типов облигаций
2025-07-06 16:57:33.6486 INFO Запись в файл: D:\Алексей\github\ExchangeParsing_DB\ExchangeParsing\ExchangeParsing\bin\Debug\MoscowExchange\Bonds\Bond_06.07.2025.csv
2025-07-06 16:57:33.6486 INFO Данные записаны.
2025-07-06 16:57:33.6486 INFO Добавление полученных данных в БД
2025-07-06 16:57:33.6486 INFO Подключение к БД прошло успешно
2025-07-06 16:57:33.6955 INFO Обработано акций: 18 (добавлено: 18, обновлено: 0)
2025-07-06 16:57:34.7190 INFO Обработано облигаций: 494 (добавлено: 494, обновлено: 0)
2025-07-06 16:57:34.7190 INFO Приложение завершило работу
2025-07-06 17:03:31.8601 INFO Приложение запущено
2025-07-06 17:03:31.9383 INFO Отправка данных на сервер
2025-07-06 17:03:32.1628 INFO Получение данных из файла Address.csv
2025-07-06 17:03:32.1628 INFO Получение данных из файла Client.csv
2025-07-06 17:03:34.5274 INFO Данные адресов добавлены в БД
2025-07-06 17:03:34.5741 INFO Данные клиентов добавлены в БД
2025-07-06 17:03:34.5741 INFO Данные успешно отправлены на сервер
2025-07-06 17:03:34.5898 INFO Процесс получения курса валют запущен
2025-07-06 17:03:34.5898 INFO Подключение к данным по адресу: https://www.cbr.ru/currency_base/daily/?UniDbQuery.Posted=True&UniDbQuery.To=06.07.2025
2025-07-06 17:03:34.8866 INFO Подключение прошло успешно. OK
2025-07-06 17:03:34.9179 INFO Извлечение данных
2025-07-06 17:03:34.9335 INFO Данные успешно получены. Количество: 43
2025-07-06 17:03:34.9335 INFO Запись в файл по пути: D:\Алексей\github\ExchangeParsing_DB\ExchangeParsing\ExchangeParsing\bin\Debug\CentralBank\Rate_06.07.2025.csv
2025-07-06 17:03:34.9335 INFO Данные записаны в файл. Количество 43 из 43
2025-07-06 17:03:34.9335 INFO Добавление полученных данных в БД
2025-07-06 17:03:34.9335 INFO Подключение к БД прошло успешно
2025-07-06 17:03:35.0116 ERROR The 'Rate' property on 'CurrencyModel' could not be set to a 'System.Decimal' value. You must set this property to a non-null value of type 'System.Double'. 
2025-07-06 17:03:35.0116 INFO Данные успешно отправлены на сервер
2025-07-06 17:03:35.0116 INFO Получение данных из файла SecurityPortfolio.csv
2025-07-06 17:03:35.0116 INFO Получение данных из файла Portfolio_Currency.csv
2025-07-06 17:03:35.0273 INFO Данные о портфелях добавлены
2025-07-06 17:03:35.0429 INFO Данные о связях между портфелями и валютами добавлены
2025-07-06 17:03:35.0429 INFO Запущен процесс получения акций
2025-07-06 17:03:35.0429 INFO Подключение к данным по адресу: https://iss.moex.com/iss/engines/stock/markets/shares/boards/tqbr/securities.json?iss.only=marketdata&iss.meta=off&iss.json=extended&marketdata.columns=SECID%2CLAST%2CLASTTOPREVPRICE&sort_column=VALTODAY&sort_order=desc&first=18
2025-07-06 17:03:35.2370 INFO Извлечение данных
2025-07-06 17:03:35.3777 INFO Данные получены
2025-07-06 17:03:35.3933 INFO Корректные данные для считывания
2025-07-06 17:03:35.4402 INFO Успешная десериализация данных
2025-07-06 17:03:35.4402 INFO Запись в файл: D:\Алексей\github\ExchangeParsing_DB\ExchangeParsing\ExchangeParsing\bin\Debug\MoscowExchange\Stocks\Stock_06.07.2025.csv
2025-07-06 17:03:35.4402 INFO Данные записаны: 18 акций
2025-07-06 17:03:35.4558 INFO Запущен процесс получения облигаций
2025-07-06 17:03:35.4558 INFO Подключение к данным по адресу: https://iss.moex.com/iss/emitters/484/securities.jsonp?iss.meta=off&iss.json=extended&callback=JSON_CALLBACK&lang=ru
2025-07-06 17:03:35.7214 INFO Подключение прошло успешно.
2025-07-06 17:03:35.7214 INFO Извлечение данных
2025-07-06 17:03:35.7214 INFO Данные получены
2025-07-06 17:03:35.7370 INFO Корректные данные для считывания
2025-07-06 17:03:35.7527 INFO Успешная десериализация данных
2025-07-06 17:03:35.7527 INFO Добавлено 361 биржевых облигаций и акций Сбербанк из 367 других облигаций
2025-07-06 17:03:35.7527 INFO Подключение к данным по адресу: https://iss.moex.com/iss/emitters/269/securities.jsonp?iss.meta=off&iss.json=extended&callback=JSON_CALLBACK&lang=ru
2025-07-06 17:03:37.4581 INFO Подключение прошло успешно.
2025-07-06 17:03:37.4581 INFO Извлечение данных
2025-07-06 17:03:37.4737 INFO Данные получены
2025-07-06 17:03:37.4737 INFO Корректные данные для считывания
2025-07-06 17:03:37.4737 INFO Успешная десериализация данных
2025-07-06 17:03:37.4737 INFO Добавлено 57 биржевых облигаций и акций ВТБ ао из 521 других облигаций
2025-07-06 17:03:37.4737 INFO Подключение к данным по адресу: https://iss.moex.com/iss/emitters/3588/securities.jsonp?iss.meta=off&iss.json=extended&callback=JSON_CALLBACK&lang=ru
2025-07-06 17:03:37.5206 INFO Подключение прошло успешно.
2025-07-06 17:03:37.5206 INFO Извлечение данных
2025-07-06 17:03:37.5206 INFO Данные получены
2025-07-06 17:03:37.5206 INFO Корректные данные для считывания
2025-07-06 17:03:37.5206 INFO Успешная десериализация данных
2025-07-06 17:03:37.5206 INFO Добавлено 2 биржевых облигаций и акций ЮГК из 3 других облигаций
2025-07-06 17:03:37.5206 INFO Подключение к данным по адресу: https://iss.moex.com/iss/emitters/711/securities.jsonp?iss.meta=off&iss.json=extended&callback=JSON_CALLBACK&lang=ru
2025-07-06 17:03:37.5674 INFO Подключение прошло успешно.
2025-07-06 17:03:37.5674 INFO Извлечение данных
2025-07-06 17:03:37.5674 INFO Данные получены
2025-07-06 17:03:37.5674 INFO Корректные данные для считывания
2025-07-06 17:03:37.5831 INFO Успешная десериализация данных
2025-07-06 17:03:37.5831 INFO Добавлено 5 биржевых облигаций и акций ГАЗПРОМ ао из 7 других облигаций
2025-07-06 17:03:37.5831 INFO Подключение к данным по адресу: https://iss.moex.com/iss/emitters/10763/securities.jsonp?iss.meta=off&iss.json=extended&callback=JSON_CALLBACK&lang=ru
2025-07-06 17:03:37.6143 INFO Подключение прошло успешно.
2025-07-06 17:03:37.6143 INFO Извлечение данных
2025-07-06 17:03:37.6143 INFO Данные получены
2025-07-06 17:03:37.6143 INFO Корректные данные для считывания
2025-07-06 17:03:37.6143 INFO Успешная десериализация данных
2025-07-06 17:03:37.6143 INFO Добавлено 0 биржевых облигаций и акций Т-Техно ао из 2 других облигаций
2025-07-06 17:03:37.6143 INFO Подключение к данным по адресу: https://iss.moex.com/iss/emitters/770/securities.jsonp?iss.meta=off&iss.json=extended&callback=JSON_CALLBACK&lang=ru
2025-07-06 17:03:37.6612 INFO Подключение прошло успешно.
2025-07-06 17:03:37.6612 INFO Извлечение данных
2025-07-06 17:03:37.6612 INFO Данные получены
2025-07-06 17:03:37.6768 INFO Корректные данные для считывания
2025-07-06 17:03:37.6768 INFO Успешная десериализация данных
2025-07-06 17:03:37.6768 INFO Добавлено 0 биржевых облигаций и акций ЛУКОЙЛ из 7 других облигаций
2025-07-06 17:03:37.6768 INFO Подключение к данным по адресу: https://iss.moex.com/iss/emitters/1074/securities.jsonp?iss.meta=off&iss.json=extended&callback=JSON_CALLBACK&lang=ru
2025-07-06 17:03:37.7081 INFO Подключение прошло успешно.
2025-07-06 17:03:37.7081 INFO Извлечение данных
2025-07-06 17:03:37.7081 INFO Данные получены
2025-07-06 17:03:37.7081 INFO Корректные данные для считывания
2025-07-06 17:03:37.7081 INFO Успешная десериализация данных
2025-07-06 17:03:37.7081 INFO Добавлено 4 биржевых облигаций и акций Новатэк ао из 7 других облигаций
2025-07-06 17:03:37.7081 INFO Подключение к данным по адресу: https://iss.moex.com/iss/emitters/9848/securities.jsonp?iss.meta=off&iss.json=extended&callback=JSON_CALLBACK&lang=ru
2025-07-06 17:03:37.7549 INFO Подключение прошло успешно.
2025-07-06 17:03:37.7549 INFO Извлечение данных
2025-07-06 17:03:37.7549 INFO Данные получены
2025-07-06 17:03:37.7549 INFO Корректные данные для считывания
2025-07-06 17:03:37.7549 INFO Успешная десериализация данных
2025-07-06 17:03:37.7549 INFO Добавлено 10 биржевых облигаций и акций Самолет ао из 13 других облигаций
2025-07-06 17:03:37.7549 INFO Подключение к данным по адресу: https://iss.moex.com/iss/emitters/739/securities.jsonp?iss.meta=off&iss.json=extended&callback=JSON_CALLBACK&lang=ru
2025-07-06 17:03:37.8018 INFO Подключение прошло успешно.
2025-07-06 17:03:37.8018 INFO Извлечение данных
2025-07-06 17:03:37.8018 INFO Данные получены
2025-07-06 17:03:37.8018 INFO Корректные данные для считывания
2025-07-06 17:03:37.8018 INFO Успешная десериализация данных
2025-07-06 17:03:37.8018 INFO Добавлено 1 биржевых облигаций и акций ПИК ао из 4 других облигаций
2025-07-06 17:03:37.8018 INFO Подключение к данным по адресу: https://iss.moex.com/iss/emitters/10712/securities.jsonp?iss.meta=off&iss.json=extended&callback=JSON_CALLBACK&lang=ru
2025-07-06 17:03:37.8487 INFO Подключение прошло успешно.
2025-07-06 17:03:37.8487 INFO Извлечение данных
2025-07-06 17:03:37.8487 INFO Данные получены
2025-07-06 17:03:37.8487 INFO Корректные данные для считывания
2025-07-06 17:03:37.8487 INFO Успешная десериализация данных
2025-07-06 17:03:37.8487 INFO Добавлено 0 биржевых облигаций и акций КЦ ИКС 5 из 2 других облигаций
2025-07-06 17:03:37.8487 INFO Подключение к данным по адресу: https://iss.moex.com/iss/emitters/1399/securities.jsonp?iss.meta=off&iss.json=extended&callback=JSON_CALLBACK&lang=ru
2025-07-06 17:03:37.8956 INFO Подключение прошло успешно.
2025-07-06 17:03:37.8956 INFO Извлечение данных
2025-07-06 17:03:37.8956 INFO Данные получены
2025-07-06 17:03:37.8956 INFO Корректные данные для считывания
2025-07-06 17:03:37.8956 INFO Успешная десериализация данных
2025-07-06 17:03:37.8956 INFO Добавлено 11 биржевых облигаций и акций ГМКНорНик из 15 других облигаций
2025-07-06 17:03:37.8956 INFO Подключение к данным по адресу: https://iss.moex.com/iss/emitters/15523/securities.jsonp?iss.meta=off&iss.json=extended&callback=JSON_CALLBACK&lang=ru
2025-07-06 17:03:37.9268 INFO Подключение прошло успешно.
2025-07-06 17:03:37.9424 INFO Извлечение данных
2025-07-06 17:03:37.9424 INFO Данные получены
2025-07-06 17:03:37.9424 INFO Корректные данные для считывания
2025-07-06 17:03:37.9424 INFO Успешная десериализация данных
2025-07-06 17:03:37.9424 INFO Добавлено 1 биржевых облигаций и акций ЯНДЕКС из 3 других облигаций
2025-07-06 17:03:37.9424 INFO Подключение к данным по адресу: https://iss.moex.com/iss/emitters/12604/securities.jsonp?iss.meta=off&iss.json=extended&callback=JSON_CALLBACK&lang=ru
2025-07-06 17:03:37.9737 INFO Подключение прошло успешно.
2025-07-06 17:03:37.9737 INFO Извлечение данных
2025-07-06 17:03:37.9737 INFO Данные получены
2025-07-06 17:03:37.9737 INFO Корректные данные для считывания
2025-07-06 17:03:37.9737 INFO Успешная десериализация данных
2025-07-06 17:03:37.9737 INFO Добавлено 3 биржевых облигаций и акций iПозитив из 5 других облигаций
2025-07-06 17:03:37.9737 INFO Подключение к данным по адресу: https://iss.moex.com/iss/emitters/1158/securities.jsonp?iss.meta=off&iss.json=extended&callback=JSON_CALLBACK&lang=ru
2025-07-06 17:03:38.0206 INFO Подключение прошло успешно.
2025-07-06 17:03:38.0206 INFO Извлечение данных
2025-07-06 17:03:38.0206 INFO Данные получены
2025-07-06 17:03:38.0206 INFO Корректные данные для считывания
2025-07-06 17:03:38.0206 INFO Успешная десериализация данных
2025-07-06 17:03:38.0206 INFO Добавлено 4 биржевых облигаций и акций Полюс из 8 других облигаций
2025-07-06 17:03:38.0206 INFO Подключение к данным по адресу: https://iss.moex.com/iss/emitters/886/securities.jsonp?iss.meta=off&iss.json=extended&callback=JSON_CALLBACK&lang=ru
2025-07-06 17:03:38.0674 INFO Подключение прошло успешно.
2025-07-06 17:03:38.0674 INFO Извлечение данных
2025-07-06 17:03:38.0674 INFO Данные получены
2025-07-06 17:03:38.0674 INFO Корректные данные для считывания
2025-07-06 17:03:38.0674 INFO Успешная десериализация данных
2025-07-06 17:03:38.0674 INFO Добавлено 8 биржевых облигаций и акций Магнит ао из 11 других облигаций
2025-07-06 17:03:38.0674 INFO Подключение к данным по адресу: https://iss.moex.com/iss/emitters/651/securities.jsonp?iss.meta=off&iss.json=extended&callback=JSON_CALLBACK&lang=ru
2025-07-06 17:03:38.1198 INFO Подключение прошло успешно.
2025-07-06 17:03:38.1198 INFO Извлечение данных
2025-07-06 17:03:38.1198 INFO Данные получены
2025-07-06 17:03:38.1198 INFO Корректные данные для считывания
2025-07-06 17:03:38.1198 INFO Успешная десериализация данных
2025-07-06 17:03:38.1198 INFO Добавлено 25 биржевых облигаций и акций Роснефть из 28 других облигаций
2025-07-06 17:03:38.1198 INFO Подключение к данным по адресу: https://iss.moex.com/iss/emitters/10761/securities.jsonp?iss.meta=off&iss.json=extended&callback=JSON_CALLBACK&lang=ru
2025-07-06 17:03:38.1621 INFO Подключение прошло успешно.
2025-07-06 17:03:38.1621 INFO Извлечение данных
2025-07-06 17:03:38.1621 INFO Данные получены
2025-07-06 17:03:38.1621 INFO Корректные данные для считывания
2025-07-06 17:03:38.1621 INFO Успешная десериализация данных
2025-07-06 17:03:38.1621 INFO Добавлено 0 биржевых облигаций и акций МКПАО "ВК" из 3 других облигаций
2025-07-06 17:03:38.1621 INFO Подключение к данным по адресу: https://iss.moex.com/iss/emitters/1242/securities.jsonp?iss.meta=off&iss.json=extended&callback=JSON_CALLBACK&lang=ru
2025-07-06 17:03:38.1933 INFO Подключение прошло успешно.
2025-07-06 17:03:38.1933 INFO Извлечение данных
2025-07-06 17:03:38.1933 INFO Данные получены
2025-07-06 17:03:38.1933 INFO Корректные данные для считывания
2025-07-06 17:03:38.1933 INFO Успешная десериализация данных
2025-07-06 17:03:38.1933 INFO Добавлено 2 биржевых облигаций и акций Аэрофлот из 4 других облигаций
2025-07-06 17:03:38.1933 INFO Все данные успешно считаны. 494 биржевых облигаций и акций из 1010 разных типов облигаций
2025-07-06 17:03:38.1933 INFO Запись в файл: D:\Алексей\github\ExchangeParsing_DB\ExchangeParsing\ExchangeParsing\bin\Debug\MoscowExchange\Bonds\Bond_06.07.2025.csv
2025-07-06 17:03:38.2089 INFO Данные записаны.
2025-07-06 17:03:38.2089 INFO Добавление полученных данных в БД
2025-07-06 17:03:38.2089 INFO Подключение к БД прошло успешно
2025-07-06 17:03:38.3808 INFO Обработано акций: 17 (добавлено: 0, обновлено: 17)
2025-07-06 17:03:39.3765 INFO Обработано облигаций: 372 (добавлено: 0, обновлено: 372)
2025-07-06 17:03:39.3765 INFO Приложение завершило работу
2025-07-06 17:05:32.1953 INFO Приложение запущено
2025-07-06 17:05:32.2578 INFO Отправка данных на сервер
2025-07-06 17:05:32.4711 INFO Получение данных из файла Address.csv
2025-07-06 17:05:32.4711 INFO Получение данных из файла Client.csv
2025-07-06 17:05:34.8581 INFO Данные адресов добавлены в БД
2025-07-06 17:05:34.9206 INFO Данные клиентов добавлены в БД
2025-07-06 17:05:34.9206 INFO Данные успешно отправлены на сервер
2025-07-06 17:05:34.9206 INFO Процесс получения курса валют запущен
2025-07-06 17:05:34.9206 INFO Подключение к данным по адресу: https://www.cbr.ru/currency_base/daily/?UniDbQuery.Posted=True&UniDbQuery.To=06.07.2025
2025-07-06 17:05:35.2584 INFO Подключение прошло успешно. OK
2025-07-06 17:05:35.2897 INFO Извлечение данных
2025-07-06 17:05:35.3053 INFO Данные успешно получены. Количество: 43
2025-07-06 17:05:35.3053 INFO Запись в файл по пути: D:\Алексей\github\ExchangeParsing_DB\ExchangeParsing\ExchangeParsing\bin\Debug\CentralBank\Rate_06.07.2025.csv
2025-07-06 17:05:35.3053 INFO Данные записаны в файл. Количество 43 из 43
2025-07-06 17:05:35.3053 INFO Добавление полученных данных в БД
2025-07-06 17:05:35.3053 INFO Подключение к БД прошло успешно
2025-07-06 17:05:35.3522 INFO Обработано валют: 0 (добавлено: 0, обновлено: 0)
2025-07-06 17:05:35.3522 INFO Данные успешно отправлены на сервер
2025-07-06 17:05:35.3522 INFO Получение данных из файла SecurityPortfolio.csv
2025-07-06 17:05:35.3522 INFO Получение данных из файла Portfolio_Currency.csv
2025-07-06 17:05:35.3678 INFO Данные о портфелях добавлены
2025-07-06 17:05:35.3834 INFO Данные о связях между портфелями и валютами добавлены
2025-07-06 17:05:35.3834 INFO Запущен процесс получения акций
2025-07-06 17:05:35.3834 INFO Подключение к данным по адресу: https://iss.moex.com/iss/engines/stock/markets/shares/boards/tqbr/securities.json?iss.only=marketdata&iss.meta=off&iss.json=extended&marketdata.columns=SECID%2CLAST%2CLASTTOPREVPRICE&sort_column=VALTODAY&sort_order=desc&first=18
2025-07-06 17:05:35.5553 INFO Извлечение данных
2025-07-06 17:05:35.6959 INFO Данные получены
2025-07-06 17:05:35.6959 INFO Корректные данные для считывания
2025-07-06 17:05:35.7584 INFO Успешная десериализация данных
2025-07-06 17:05:35.7584 INFO Запись в файл: D:\Алексей\github\ExchangeParsing_DB\ExchangeParsing\ExchangeParsing\bin\Debug\MoscowExchange\Stocks\Stock_06.07.2025.csv
2025-07-06 17:05:35.7584 INFO Данные записаны: 18 акций
2025-07-06 17:05:35.7741 INFO Запущен процесс получения облигаций
2025-07-06 17:05:35.7741 INFO Подключение к данным по адресу: https://iss.moex.com/iss/emitters/484/securities.jsonp?iss.meta=off&iss.json=extended&callback=JSON_CALLBACK&lang=ru
2025-07-06 17:05:36.1508 INFO Подключение прошло успешно.
2025-07-06 17:05:36.1508 INFO Извлечение данных
2025-07-06 17:05:36.1665 INFO Данные получены
2025-07-06 17:05:36.1665 INFO Корректные данные для считывания
2025-07-06 17:05:36.1821 INFO Успешная десериализация данных
2025-07-06 17:05:36.1821 INFO Добавлено 361 биржевых облигаций и акций Сбербанк из 367 других облигаций
2025-07-06 17:05:36.1821 INFO Подключение к данным по адресу: https://iss.moex.com/iss/emitters/269/securities.jsonp?iss.meta=off&iss.json=extended&callback=JSON_CALLBACK&lang=ru
2025-07-06 17:05:38.5268 INFO Подключение прошло успешно.
2025-07-06 17:05:38.5268 INFO Извлечение данных
2025-07-06 17:05:38.5268 INFO Данные получены
2025-07-06 17:05:38.5424 INFO Корректные данные для считывания
2025-07-06 17:05:38.5424 INFO Успешная десериализация данных
2025-07-06 17:05:38.5424 INFO Добавлено 57 биржевых облигаций и акций ВТБ ао из 521 других облигаций
2025-07-06 17:05:38.5424 INFO Подключение к данным по адресу: https://iss.moex.com/iss/emitters/3588/securities.jsonp?iss.meta=off&iss.json=extended&callback=JSON_CALLBACK&lang=ru
2025-07-06 17:05:38.5893 INFO Подключение прошло успешно.
2025-07-06 17:05:38.5893 INFO Извлечение данных
2025-07-06 17:05:38.5893 INFO Данные получены
2025-07-06 17:05:38.5893 INFO Корректные данные для считывания
2025-07-06 17:05:38.5893 INFO Успешная десериализация данных
2025-07-06 17:05:38.5893 INFO Добавлено 2 биржевых облигаций и акций ЮГК из 3 других облигаций
2025-07-06 17:05:38.5893 INFO Подключение к данным по адресу: https://iss.moex.com/iss/emitters/711/securities.jsonp?iss.meta=off&iss.json=extended&callback=JSON_CALLBACK&lang=ru
2025-07-06 17:05:38.8705 INFO Подключение прошло успешно.
2025-07-06 17:05:38.8705 INFO Извлечение данных
2025-07-06 17:05:38.8705 INFO Данные получены
2025-07-06 17:05:38.8705 INFO Корректные данные для считывания
2025-07-06 17:05:38.8705 INFO Успешная десериализация данных
2025-07-06 17:05:38.8705 INFO Добавлено 5 биржевых облигаций и акций ГАЗПРОМ ао из 7 других облигаций
2025-07-06 17:05:38.8705 INFO Подключение к данным по адресу: https://iss.moex.com/iss/emitters/10763/securities.jsonp?iss.meta=off&iss.json=extended&callback=JSON_CALLBACK&lang=ru
2025-07-06 17:05:38.9174 INFO Подключение прошло успешно.
2025-07-06 17:05:38.9174 INFO Извлечение данных
2025-07-06 17:05:38.9174 INFO Данные получены
2025-07-06 17:05:38.9174 INFO Корректные данные для считывания
2025-07-06 17:05:38.9174 INFO Успешная десериализация данных
2025-07-06 17:05:38.9174 INFO Добавлено 0 биржевых облигаций и акций Т-Техно ао из 2 других облигаций
2025-07-06 17:05:38.9174 INFO Подключение к данным по адресу: https://iss.moex.com/iss/emitters/770/securities.jsonp?iss.meta=off&iss.json=extended&callback=JSON_CALLBACK&lang=ru
2025-07-06 17:05:39.1841 INFO Подключение прошло успешно.
2025-07-06 17:05:39.1841 INFO Извлечение данных
2025-07-06 17:05:39.1841 INFO Данные получены
2025-07-06 17:05:39.1841 INFO Корректные данные для считывания
2025-07-06 17:05:39.1997 INFO Успешная десериализация данных
2025-07-06 17:05:39.1997 INFO Добавлено 0 биржевых облигаций и акций ЛУКОЙЛ из 7 других облигаций
2025-07-06 17:05:39.1997 INFO Подключение к данным по адресу: https://iss.moex.com/iss/emitters/1074/securities.jsonp?iss.meta=off&iss.json=extended&callback=JSON_CALLBACK&lang=ru
2025-07-06 17:05:39.2466 INFO Подключение прошло успешно.
2025-07-06 17:05:39.2466 INFO Извлечение данных
2025-07-06 17:05:39.2466 INFO Данные получены
2025-07-06 17:05:39.2466 INFO Корректные данные для считывания
2025-07-06 17:05:39.2466 INFO Успешная десериализация данных
2025-07-06 17:05:39.2466 INFO Добавлено 4 биржевых облигаций и акций Новатэк ао из 7 других облигаций
2025-07-06 17:05:39.2466 INFO Подключение к данным по адресу: https://iss.moex.com/iss/emitters/9848/securities.jsonp?iss.meta=off&iss.json=extended&callback=JSON_CALLBACK&lang=ru
2025-07-06 17:05:39.5848 INFO Подключение прошло успешно.
2025-07-06 17:05:39.5848 INFO Извлечение данных
2025-07-06 17:05:39.5848 INFO Данные получены
2025-07-06 17:05:39.5848 INFO Корректные данные для считывания
2025-07-06 17:05:39.5848 INFO Успешная десериализация данных
2025-07-06 17:05:39.5848 INFO Добавлено 10 биржевых облигаций и акций Самолет ао из 13 других облигаций
2025-07-06 17:05:39.5848 INFO Подключение к данным по адресу: https://iss.moex.com/iss/emitters/739/securities.jsonp?iss.meta=off&iss.json=extended&callback=JSON_CALLBACK&lang=ru
2025-07-06 17:05:39.6317 INFO Подключение прошло успешно.
2025-07-06 17:05:39.6317 INFO Извлечение данных
2025-07-06 17:05:39.6317 INFO Данные получены
2025-07-06 17:05:39.6317 INFO Корректные данные для считывания
2025-07-06 17:05:39.6317 INFO Успешная десериализация данных
2025-07-06 17:05:39.6317 INFO Добавлено 1 биржевых облигаций и акций ПИК ао из 4 других облигаций
2025-07-06 17:05:39.6317 INFO Подключение к данным по адресу: https://iss.moex.com/iss/emitters/10712/securities.jsonp?iss.meta=off&iss.json=extended&callback=JSON_CALLBACK&lang=ru
2025-07-06 17:05:39.9059 INFO Подключение прошло успешно.
2025-07-06 17:05:39.9059 INFO Извлечение данных
2025-07-06 17:05:39.9059 INFO Данные получены
2025-07-06 17:05:39.9059 INFO Корректные данные для считывания
2025-07-06 17:05:39.9215 INFO Успешная десериализация данных
2025-07-06 17:05:39.9215 INFO Добавлено 0 биржевых облигаций и акций КЦ ИКС 5 из 2 других облигаций
2025-07-06 17:05:39.9215 INFO Подключение к данным по адресу: https://iss.moex.com/iss/emitters/1399/securities.jsonp?iss.meta=off&iss.json=extended&callback=JSON_CALLBACK&lang=ru
2025-07-06 17:05:39.9684 INFO Подключение прошло успешно.
2025-07-06 17:05:39.9684 INFO Извлечение данных
2025-07-06 17:05:39.9684 INFO Данные получены
2025-07-06 17:05:39.9684 INFO Корректные данные для считывания
2025-07-06 17:05:39.9684 INFO Успешная десериализация данных
2025-07-06 17:05:39.9684 INFO Добавлено 11 биржевых облигаций и акций ГМКНорНик из 15 других облигаций
2025-07-06 17:05:39.9684 INFO Подключение к данным по адресу: https://iss.moex.com/iss/emitters/15523/securities.jsonp?iss.meta=off&iss.json=extended&callback=JSON_CALLBACK&lang=ru
2025-07-06 17:05:40.0153 INFO Подключение прошло успешно.
2025-07-06 17:05:40.0153 INFO Извлечение данных
2025-07-06 17:05:40.0153 INFO Данные получены
2025-07-06 17:05:40.0153 INFO Корректные данные для считывания
2025-07-06 17:05:40.0153 INFO Успешная десериализация данных
2025-07-06 17:05:40.0153 INFO Добавлено 1 биржевых облигаций и акций ЯНДЕКС из 3 других облигаций
2025-07-06 17:05:40.0153 INFO Подключение к данным по адресу: https://iss.moex.com/iss/emitters/12604/securities.jsonp?iss.meta=off&iss.json=extended&callback=JSON_CALLBACK&lang=ru
2025-07-06 17:05:40.0621 INFO Подключение прошло успешно.
2025-07-06 17:05:40.0621 INFO Извлечение данных
2025-07-06 17:05:40.0778 INFO Данные получены
2025-07-06 17:05:40.0778 INFO Корректные данные для считывания
2025-07-06 17:05:40.0778 INFO Успешная десериализация данных
2025-07-06 17:05:40.0778 INFO Добавлено 3 биржевых облигаций и акций iПозитив из 5 других облигаций
2025-07-06 17:05:40.0778 INFO Подключение к данным по адресу: https://iss.moex.com/iss/emitters/1158/securities.jsonp?iss.meta=off&iss.json=extended&callback=JSON_CALLBACK&lang=ru
2025-07-06 17:05:40.1222 INFO Подключение прошло успешно.
2025-07-06 17:05:40.1222 INFO Извлечение данных
2025-07-06 17:05:40.1222 INFO Данные получены
2025-07-06 17:05:40.1222 INFO Корректные данные для считывания
2025-07-06 17:05:40.1222 INFO Успешная десериализация данных
2025-07-06 17:05:40.1222 INFO Добавлено 4 биржевых облигаций и акций Полюс из 8 других облигаций
2025-07-06 17:05:40.1222 INFO Подключение к данным по адресу: https://iss.moex.com/iss/emitters/886/securities.jsonp?iss.meta=off&iss.json=extended&callback=JSON_CALLBACK&lang=ru
2025-07-06 17:05:40.1691 INFO Подключение прошло успешно.
2025-07-06 17:05:40.1691 INFO Извлечение данных
2025-07-06 17:05:40.1691 INFO Данные получены
2025-07-06 17:05:40.1691 INFO Корректные данные для считывания
2025-07-06 17:05:40.1691 INFO Успешная десериализация данных
2025-07-06 17:05:40.1691 INFO Добавлено 8 биржевых облигаций и акций Магнит ао из 11 других облигаций
2025-07-06 17:05:40.1691 INFO Подключение к данным по адресу: https://iss.moex.com/iss/emitters/651/securities.jsonp?iss.meta=off&iss.json=extended&callback=JSON_CALLBACK&lang=ru
2025-07-06 17:05:40.2316 INFO Подключение прошло успешно.
2025-07-06 17:05:40.2316 INFO Извлечение данных
2025-07-06 17:05:40.2316 INFO Данные получены
2025-07-06 17:05:40.2316 INFO Корректные данные для считывания
2025-07-06 17:05:40.2316 INFO Успешная десериализация данных
2025-07-06 17:05:40.2316 INFO Добавлено 25 биржевых облигаций и акций Роснефть из 28 других облигаций
2025-07-06 17:05:40.2316 INFO Подключение к данным по адресу: https://iss.moex.com/iss/emitters/10761/securities.jsonp?iss.meta=off&iss.json=extended&callback=JSON_CALLBACK&lang=ru
2025-07-06 17:05:40.2784 INFO Подключение прошло успешно.
2025-07-06 17:05:40.2784 INFO Извлечение данных
2025-07-06 17:05:40.2784 INFO Данные получены
2025-07-06 17:05:40.2941 INFO Корректные данные для считывания
2025-07-06 17:05:40.2941 INFO Успешная десериализация данных
2025-07-06 17:05:40.2941 INFO Добавлено 0 биржевых облигаций и акций МКПАО "ВК" из 3 других облигаций
2025-07-06 17:05:40.2941 INFO Подключение к данным по адресу: https://iss.moex.com/iss/emitters/1242/securities.jsonp?iss.meta=off&iss.json=extended&callback=JSON_CALLBACK&lang=ru
2025-07-06 17:05:40.3409 INFO Подключение прошло успешно.
2025-07-06 17:05:40.3409 INFO Извлечение данных
2025-07-06 17:05:40.3409 INFO Данные получены
2025-07-06 17:05:40.3409 INFO Корректные данные для считывания
2025-07-06 17:05:40.3409 INFO Успешная десериализация данных
2025-07-06 17:05:40.3409 INFO Добавлено 2 биржевых облигаций и акций Аэрофлот из 4 других облигаций
2025-07-06 17:05:40.3409 INFO Все данные успешно считаны. 494 биржевых облигаций и акций из 1010 разных типов облигаций
2025-07-06 17:05:40.3409 INFO Запись в файл: D:\Алексей\github\ExchangeParsing_DB\ExchangeParsing\ExchangeParsing\bin\Debug\MoscowExchange\Bonds\Bond_06.07.2025.csv
2025-07-06 17:05:40.3409 INFO Данные записаны.
2025-07-06 17:05:40.3409 INFO Добавление полученных данных в БД
2025-07-06 17:05:40.3722 INFO Подключение к БД прошло успешно
2025-07-06 17:05:40.5441 INFO Обработано акций: 17 (добавлено: 0, обновлено: 17)
2025-07-06 17:05:41.4685 INFO Обработано облигаций: 364 (добавлено: 0, обновлено: 364)
2025-07-06 17:05:41.4685 INFO Приложение завершило работу
2025-07-06 17:36:02.5132 INFO Приложение запущено
2025-07-06 17:36:02.6077 INFO Отправка данных на сервер
2025-07-06 17:36:02.9570 INFO Получение данных из файла Address.csv
2025-07-06 17:36:02.9570 INFO Получение данных из файла Client.csv
2025-07-06 17:36:05.8755 INFO Обработано адресов: 2 (добавлено: 0, обновлено: 98)
2025-07-06 17:36:05.9411 INFO Данные клиентов добавлены в БД
2025-07-06 17:36:05.9411 INFO Данные успешно отправлены на сервер
2025-07-06 17:36:05.9631 INFO Процесс получения курса валют запущен
2025-07-06 17:36:05.9631 INFO Подключение к данным по адресу: https://www.cbr.ru/currency_base/daily/?UniDbQuery.Posted=True&UniDbQuery.To=06.07.2025
2025-07-06 17:36:06.2913 INFO Подключение прошло успешно. OK
2025-07-06 17:36:06.3464 INFO Извлечение данных
2025-07-06 17:36:06.3464 INFO Данные успешно получены. Количество: 43
2025-07-06 17:36:06.3464 INFO Запись в файл по пути: D:\Алексей\github\ExchangeParsing_DB\ExchangeParsing\ExchangeParsing\bin\Debug\CentralBank\Rate_06.07.2025.csv
2025-07-06 17:36:06.3464 INFO Данные записаны в файл. Количество 43 из 43
2025-07-06 17:36:06.3604 INFO Добавление полученных данных в БД
2025-07-06 17:36:06.3604 INFO Подключение к БД прошло успешно
2025-07-06 17:36:06.4009 INFO Обработано валют: 0 (добавлено: 0, обновлено: 0)
2025-07-06 17:36:06.4009 INFO Данные успешно отправлены на сервер
2025-07-06 17:36:06.4009 INFO Получение данных из файла SecurityPortfolio.csv
2025-07-06 17:36:06.4009 INFO Получение данных из файла Portfolio_Currency.csv
2025-07-06 17:36:06.4214 INFO Данные о портфелях добавлены
2025-07-06 17:36:06.4364 INFO Данные о связях между портфелями и валютами добавлены
2025-07-06 17:36:06.4364 INFO Запущен процесс получения акций
2025-07-06 17:36:06.4364 INFO Подключение к данным по адресу: https://iss.moex.com/iss/engines/stock/markets/shares/boards/tqbr/securities.json?iss.only=marketdata&iss.meta=off&iss.json=extended&marketdata.columns=SECID%2CLAST%2CLASTTOPREVPRICE&sort_column=VALTODAY&sort_order=desc&first=18
2025-07-06 17:36:06.6131 INFO Извлечение данных
2025-07-06 17:36:06.7562 INFO Данные получены
2025-07-06 17:36:06.7682 INFO Корректные данные для считывания
2025-07-06 17:36:06.8182 INFO Успешная десериализация данных
2025-07-06 17:36:06.8182 INFO Запись в файл: D:\Алексей\github\ExchangeParsing_DB\ExchangeParsing\ExchangeParsing\bin\Debug\MoscowExchange\Stocks\Stock_06.07.2025.csv
2025-07-06 17:36:06.8182 INFO Данные записаны: 18 акций
2025-07-06 17:36:06.8287 INFO Запущен процесс получения облигаций
2025-07-06 17:36:06.8287 INFO Подключение к данным по адресу: https://iss.moex.com/iss/emitters/484/securities.jsonp?iss.meta=off&iss.json=extended&callback=JSON_CALLBACK&lang=ru
2025-07-06 17:36:07.2135 INFO Подключение прошло успешно.
2025-07-06 17:36:07.2135 INFO Извлечение данных
2025-07-06 17:36:07.2220 INFO Данные получены
2025-07-06 17:36:07.2220 INFO Корректные данные для считывания
2025-07-06 17:36:07.2475 INFO Успешная десериализация данных
2025-07-06 17:36:07.2495 INFO Добавлено 361 биржевых облигаций и акций Сбербанк из 367 других облигаций
2025-07-06 17:36:07.2495 INFO Подключение к данным по адресу: https://iss.moex.com/iss/emitters/269/securities.jsonp?iss.meta=off&iss.json=extended&callback=JSON_CALLBACK&lang=ru
2025-07-06 17:36:08.9898 INFO Подключение прошло успешно.
2025-07-06 17:36:08.9898 INFO Извлечение данных
2025-07-06 17:36:08.9898 INFO Данные получены
2025-07-06 17:36:09.0008 INFO Корректные данные для считывания
2025-07-06 17:36:09.0228 INFO Успешная десериализация данных
2025-07-06 17:36:09.0228 INFO Добавлено 57 биржевых облигаций и акций ВТБ ао из 521 других облигаций
2025-07-06 17:36:09.0228 INFO Подключение к данным по адресу: https://iss.moex.com/iss/emitters/3588/securities.jsonp?iss.meta=off&iss.json=extended&callback=JSON_CALLBACK&lang=ru
2025-07-06 17:36:09.1058 INFO Подключение прошло успешно.
2025-07-06 17:36:09.1058 INFO Извлечение данных
2025-07-06 17:36:09.1058 INFO Данные получены
2025-07-06 17:36:09.1058 INFO Корректные данные для считывания
2025-07-06 17:36:09.1058 INFO Успешная десериализация данных
2025-07-06 17:36:09.1058 INFO Добавлено 2 биржевых облигаций и акций ЮГК из 3 других облигаций
2025-07-06 17:36:09.1078 INFO Подключение к данным по адресу: https://iss.moex.com/iss/emitters/711/securities.jsonp?iss.meta=off&iss.json=extended&callback=JSON_CALLBACK&lang=ru
2025-07-06 17:36:09.1659 INFO Подключение прошло успешно.
2025-07-06 17:36:09.1659 INFO Извлечение данных
2025-07-06 17:36:09.1659 INFO Данные получены
2025-07-06 17:36:09.1659 INFO Корректные данные для считывания
2025-07-06 17:36:09.1659 INFO Успешная десериализация данных
2025-07-06 17:36:09.1659 INFO Добавлено 5 биржевых облигаций и акций ГАЗПРОМ ао из 7 других облигаций
2025-07-06 17:36:09.1659 INFO Подключение к данным по адресу: https://iss.moex.com/iss/emitters/10763/securities.jsonp?iss.meta=off&iss.json=extended&callback=JSON_CALLBACK&lang=ru
2025-07-06 17:36:09.2164 INFO Подключение прошло успешно.
2025-07-06 17:36:09.2164 INFO Извлечение данных
2025-07-06 17:36:09.2174 INFO Данные получены
2025-07-06 17:36:09.2174 INFO Корректные данные для считывания
2025-07-06 17:36:09.2174 INFO Успешная десериализация данных
2025-07-06 17:36:09.2174 INFO Добавлено 0 биржевых облигаций и акций Т-Техно ао из 2 других облигаций
2025-07-06 17:36:09.2174 INFO Подключение к данным по адресу: https://iss.moex.com/iss/emitters/770/securities.jsonp?iss.meta=off&iss.json=extended&callback=JSON_CALLBACK&lang=ru
2025-07-06 17:36:09.2735 INFO Подключение прошло успешно.
2025-07-06 17:36:09.2735 INFO Извлечение данных
2025-07-06 17:36:09.2735 INFO Данные получены
2025-07-06 17:36:09.2735 INFO Корректные данные для считывания
2025-07-06 17:36:09.2735 INFO Успешная десериализация данных
2025-07-06 17:36:09.2735 INFO Добавлено 0 биржевых облигаций и акций ЛУКОЙЛ из 7 других облигаций
2025-07-06 17:36:09.2735 INFO Подключение к данным по адресу: https://iss.moex.com/iss/emitters/1074/securities.jsonp?iss.meta=off&iss.json=extended&callback=JSON_CALLBACK&lang=ru
2025-07-06 17:36:09.3355 INFO Подключение прошло успешно.
2025-07-06 17:36:09.3355 INFO Извлечение данных
2025-07-06 17:36:09.3355 INFO Данные получены
2025-07-06 17:36:09.3355 INFO Корректные данные для считывания
2025-07-06 17:36:09.3355 INFO Успешная десериализация данных
2025-07-06 17:36:09.3355 INFO Добавлено 4 биржевых облигаций и акций Новатэк ао из 7 других облигаций
2025-07-06 17:36:09.3355 INFO Подключение к данным по адресу: https://iss.moex.com/iss/emitters/9848/securities.jsonp?iss.meta=off&iss.json=extended&callback=JSON_CALLBACK&lang=ru
2025-07-06 17:36:09.3930 INFO Подключение прошло успешно.
2025-07-06 17:36:09.3930 INFO Извлечение данных
2025-07-06 17:36:09.3930 INFO Данные получены
2025-07-06 17:36:09.3930 INFO Корректные данные для считывания
2025-07-06 17:36:09.3930 INFO Успешная десериализация данных
2025-07-06 17:36:09.3930 INFO Добавлено 10 биржевых облигаций и акций Самолет ао из 13 других облигаций
2025-07-06 17:36:09.3930 INFO Подключение к данным по адресу: https://iss.moex.com/iss/emitters/739/securities.jsonp?iss.meta=off&iss.json=extended&callback=JSON_CALLBACK&lang=ru
2025-07-06 17:36:09.4551 INFO Подключение прошло успешно.
2025-07-06 17:36:09.4551 INFO Извлечение данных
2025-07-06 17:36:09.4551 INFO Данные получены
2025-07-06 17:36:09.4551 INFO Корректные данные для считывания
2025-07-06 17:36:09.4551 INFO Успешная десериализация данных
2025-07-06 17:36:09.4551 INFO Добавлено 1 биржевых облигаций и акций ПИК ао из 4 других облигаций
2025-07-06 17:36:09.4551 INFO Подключение к данным по адресу: https://iss.moex.com/iss/emitters/10712/securities.jsonp?iss.meta=off&iss.json=extended&callback=JSON_CALLBACK&lang=ru
2025-07-06 17:36:09.5026 INFO Подключение прошло успешно.
2025-07-06 17:36:09.5026 INFO Извлечение данных
2025-07-06 17:36:09.5026 INFO Данные получены
2025-07-06 17:36:09.5026 INFO Корректные данные для считывания
2025-07-06 17:36:09.5026 INFO Успешная десериализация данных
2025-07-06 17:36:09.5026 INFO Добавлено 0 биржевых облигаций и акций КЦ ИКС 5 из 2 других облигаций
2025-07-06 17:36:09.5026 INFO Подключение к данным по адресу: https://iss.moex.com/iss/emitters/1399/securities.jsonp?iss.meta=off&iss.json=extended&callback=JSON_CALLBACK&lang=ru
2025-07-06 17:36:09.5672 INFO Подключение прошло успешно.
2025-07-06 17:36:09.5672 INFO Извлечение данных
2025-07-06 17:36:09.5672 INFO Данные получены
2025-07-06 17:36:09.5672 INFO Корректные данные для считывания
2025-07-06 17:36:09.5672 INFO Успешная десериализация данных
2025-07-06 17:36:09.5672 INFO Добавлено 11 биржевых облигаций и акций ГМКНорНик из 15 других облигаций
2025-07-06 17:36:09.5672 INFO Подключение к данным по адресу: https://iss.moex.com/iss/emitters/15523/securities.jsonp?iss.meta=off&iss.json=extended&callback=JSON_CALLBACK&lang=ru
2025-07-06 17:36:09.6217 INFO Подключение прошло успешно.
2025-07-06 17:36:09.6217 INFO Извлечение данных
2025-07-06 17:36:09.6217 INFO Данные получены
2025-07-06 17:36:09.6217 INFO Корректные данные для считывания
2025-07-06 17:36:09.6217 INFO Успешная десериализация данных
2025-07-06 17:36:09.6237 INFO Добавлено 1 биржевых облигаций и акций ЯНДЕКС из 3 других облигаций
2025-07-06 17:36:09.6237 INFO Подключение к данным по адресу: https://iss.moex.com/iss/emitters/12604/securities.jsonp?iss.meta=off&iss.json=extended&callback=JSON_CALLBACK&lang=ru
2025-07-06 17:36:09.6752 INFO Подключение прошло успешно.
2025-07-06 17:36:09.6752 INFO Извлечение данных
2025-07-06 17:36:09.6752 INFO Данные получены
2025-07-06 17:36:09.6752 INFO Корректные данные для считывания
2025-07-06 17:36:09.6752 INFO Успешная десериализация данных
2025-07-06 17:36:09.6752 INFO Добавлено 3 биржевых облигаций и акций iПозитив из 5 других облигаций
2025-07-06 17:36:09.6752 INFO Подключение к данным по адресу: https://iss.moex.com/iss/emitters/1158/securities.jsonp?iss.meta=off&iss.json=extended&callback=JSON_CALLBACK&lang=ru
2025-07-06 17:36:09.7348 INFO Подключение прошло успешно.
2025-07-06 17:36:09.7348 INFO Извлечение данных
2025-07-06 17:36:09.7348 INFO Данные получены
2025-07-06 17:36:09.7348 INFO Корректные данные для считывания
2025-07-06 17:36:09.7348 INFO Успешная десериализация данных
2025-07-06 17:36:09.7348 INFO Добавлено 4 биржевых облигаций и акций Полюс из 8 других облигаций
2025-07-06 17:36:09.7348 INFO Подключение к данным по адресу: https://iss.moex.com/iss/emitters/886/securities.jsonp?iss.meta=off&iss.json=extended&callback=JSON_CALLBACK&lang=ru
2025-07-06 17:36:09.7888 INFO Подключение прошло успешно.
2025-07-06 17:36:09.7888 INFO Извлечение данных
2025-07-06 17:36:09.7888 INFO Данные получены
2025-07-06 17:36:09.7888 INFO Корректные данные для считывания
2025-07-06 17:36:09.7888 INFO Успешная десериализация данных
2025-07-06 17:36:09.7888 INFO Добавлено 8 биржевых облигаций и акций Магнит ао из 11 других облигаций
2025-07-06 17:36:09.7888 INFO Подключение к данным по адресу: https://iss.moex.com/iss/emitters/651/securities.jsonp?iss.meta=off&iss.json=extended&callback=JSON_CALLBACK&lang=ru
2025-07-06 17:36:09.8809 INFO Подключение прошло успешно.
2025-07-06 17:36:09.8809 INFO Извлечение данных
2025-07-06 17:36:09.8809 INFO Данные получены
2025-07-06 17:36:09.8809 INFO Корректные данные для считывания
2025-07-06 17:36:09.8809 INFO Успешная десериализация данных
2025-07-06 17:36:09.8809 INFO Добавлено 25 биржевых облигаций и акций Роснефть из 28 других облигаций
2025-07-06 17:36:09.8809 INFO Подключение к данным по адресу: https://iss.moex.com/iss/emitters/10761/securities.jsonp?iss.meta=off&iss.json=extended&callback=JSON_CALLBACK&lang=ru
2025-07-06 17:36:09.9339 INFO Подключение прошло успешно.
2025-07-06 17:36:09.9339 INFO Извлечение данных
2025-07-06 17:36:09.9339 INFO Данные получены
2025-07-06 17:36:09.9339 INFO Корректные данные для считывания
2025-07-06 17:36:09.9339 INFO Успешная десериализация данных
2025-07-06 17:36:09.9339 INFO Добавлено 0 биржевых облигаций и акций МКПАО "ВК" из 3 других облигаций
2025-07-06 17:36:09.9359 INFO Подключение к данным по адресу: https://iss.moex.com/iss/emitters/1242/securities.jsonp?iss.meta=off&iss.json=extended&callback=JSON_CALLBACK&lang=ru
2025-07-06 17:36:10.0095 INFO Подключение прошло успешно.
2025-07-06 17:36:10.0095 INFO Извлечение данных
2025-07-06 17:36:10.0095 INFO Данные получены
2025-07-06 17:36:10.0095 INFO Корректные данные для считывания
2025-07-06 17:36:10.0095 INFO Успешная десериализация данных
2025-07-06 17:36:10.0095 INFO Добавлено 2 биржевых облигаций и акций Аэрофлот из 4 других облигаций
2025-07-06 17:36:10.0095 INFO Все данные успешно считаны. 494 биржевых облигаций и акций из 1010 разных типов облигаций
2025-07-06 17:36:10.0095 INFO Запись в файл: D:\Алексей\github\ExchangeParsing_DB\ExchangeParsing\ExchangeParsing\bin\Debug\MoscowExchange\Bonds\Bond_06.07.2025.csv
2025-07-06 17:36:10.0295 INFO Данные записаны.
2025-07-06 17:36:10.0310 INFO Добавление полученных данных в БД
2025-07-06 17:36:10.0310 INFO Подключение к БД прошло успешно
2025-07-06 17:36:10.1191 INFO Обработано акций: 17 (добавлено: 1, обновлено: 16)
2025-07-06 17:36:11.1533 INFO Обработано облигаций: 381 (добавлено: 0, обновлено: 381)
2025-07-06 17:36:11.1533 INFO Приложение завершило работу
2025-07-06 18:31:09.6369 INFO Приложение запущено
2025-07-06 18:31:09.9377 INFO Отправка данных на сервер
2025-07-06 18:31:10.3009 INFO Получение данных из файла Address.csv
2025-07-06 18:31:10.3009 INFO Получение данных из файла Client.csv
2025-07-06 18:31:15.0948 INFO Данные адресов добавлены в БД
2025-07-06 18:31:15.1639 INFO Данные клиентов добавлены в БД
2025-07-06 18:31:15.1639 INFO Данные успешно отправлены на сервер
2025-07-06 18:31:15.1829 INFO Процесс получения курса валют запущен
2025-07-06 18:31:15.1829 INFO Подключение к данным по адресу: https://www.cbr.ru/currency_base/daily/?UniDbQuery.Posted=True&UniDbQuery.To=06.07.2025
2025-07-06 18:31:15.5667 INFO Подключение прошло успешно. OK
2025-07-06 18:31:15.6092 INFO Извлечение данных
2025-07-06 18:31:15.6092 INFO Данные успешно получены. Количество: 43
2025-07-06 18:31:15.6092 INFO Запись в файл по пути: D:\Алексей\github\ExchangeParsing_DB\ExchangeParsing\ExchangeParsing\bin\Debug\CentralBank\Rate_06.07.2025.csv
2025-07-06 18:31:15.6092 INFO Данные записаны в файл. Количество 43 из 43
2025-07-06 18:31:15.6252 INFO Добавление полученных данных в БД
2025-07-06 18:31:15.6752 INFO Подключение к БД прошло успешно
2025-07-06 18:31:15.8339 INFO Обработано валют: 0 (добавлено: 0, обновлено: 0)
2025-07-06 18:31:15.8339 INFO Данные успешно отправлены на сервер
2025-07-06 18:31:15.8339 INFO Получение данных из файла SecurityPortfolio.csv
2025-07-06 18:31:15.8339 INFO Получение данных из файла Portfolio_Currency.csv
2025-07-06 18:31:16.0945 INFO Данные о портфелях добавлены
2025-07-06 18:31:16.2657 INFO Данные о связях между портфелями и валютами добавлены
2025-07-06 18:31:16.2657 INFO Запущен процесс получения акций
2025-07-06 18:31:16.2657 INFO Подключение к данным по адресу: https://iss.moex.com/iss/engines/stock/markets/shares/boards/tqbr/securities.json?iss.only=marketdata&iss.meta=off&iss.json=extended&marketdata.columns=SECID%2CLAST%2CLASTTOPREVPRICE&sort_column=VALTODAY&sort_order=desc&first=18
2025-07-06 18:31:16.4188 INFO Извлечение данных
2025-07-06 18:31:16.5614 INFO Данные получены
2025-07-06 18:31:16.5614 INFO Корректные данные для считывания
2025-07-06 18:31:16.6199 INFO Успешная десериализация данных
2025-07-06 18:31:16.6199 INFO Запись в файл: D:\Алексей\github\ExchangeParsing_DB\ExchangeParsing\ExchangeParsing\bin\Debug\MoscowExchange\Stocks\Stock_06.07.2025.csv
2025-07-06 18:31:16.6199 INFO Данные записаны: 18 акций
2025-07-06 18:31:16.6299 INFO Запущен процесс получения облигаций
2025-07-06 18:31:16.6299 INFO Подключение к данным по адресу: https://iss.moex.com/iss/emitters/484/securities.jsonp?iss.meta=off&iss.json=extended&callback=JSON_CALLBACK&lang=ru
2025-07-06 18:31:17.0252 INFO Подключение прошло успешно.
2025-07-06 18:31:17.0252 INFO Извлечение данных
2025-07-06 18:31:17.0362 INFO Данные получены
2025-07-06 18:31:17.0362 INFO Корректные данные для считывания
2025-07-06 18:31:17.0517 INFO Успешная десериализация данных
2025-07-06 18:31:17.0517 INFO Добавлено 361 биржевых облигаций и акций Сбербанк из 367 других облигаций
2025-07-06 18:31:17.0517 INFO Подключение к данным по адресу: https://iss.moex.com/iss/emitters/269/securities.jsonp?iss.meta=off&iss.json=extended&callback=JSON_CALLBACK&lang=ru
2025-07-06 18:31:19.4334 INFO Подключение прошло успешно.
2025-07-06 18:31:19.4334 INFO Извлечение данных
2025-07-06 18:31:19.4424 INFO Данные получены
2025-07-06 18:31:19.4534 INFO Корректные данные для считывания
2025-07-06 18:31:19.4534 INFO Успешная десериализация данных
2025-07-06 18:31:19.4534 INFO Добавлено 57 биржевых облигаций и акций ВТБ ао из 521 других облигаций
2025-07-06 18:31:19.4534 INFO Подключение к данным по адресу: https://iss.moex.com/iss/emitters/3588/securities.jsonp?iss.meta=off&iss.json=extended&callback=JSON_CALLBACK&lang=ru
2025-07-06 18:31:19.5070 INFO Подключение прошло успешно.
2025-07-06 18:31:19.5070 INFO Извлечение данных
2025-07-06 18:31:19.5070 INFO Данные получены
2025-07-06 18:31:19.5070 INFO Корректные данные для считывания
2025-07-06 18:31:19.5070 INFO Успешная десериализация данных
2025-07-06 18:31:19.5070 INFO Добавлено 2 биржевых облигаций и акций ЮГК из 3 других облигаций
2025-07-06 18:31:19.5070 INFO Подключение к данным по адресу: https://iss.moex.com/iss/emitters/711/securities.jsonp?iss.meta=off&iss.json=extended&callback=JSON_CALLBACK&lang=ru
2025-07-06 18:31:19.7677 INFO Подключение прошло успешно.
2025-07-06 18:31:19.7677 INFO Извлечение данных
2025-07-06 18:31:19.7677 INFO Данные получены
2025-07-06 18:31:19.7677 INFO Корректные данные для считывания
2025-07-06 18:31:19.7677 INFO Успешная десериализация данных
2025-07-06 18:31:19.7677 INFO Добавлено 5 биржевых облигаций и акций ГАЗПРОМ ао из 7 других облигаций
2025-07-06 18:31:19.7677 INFO Подключение к данным по адресу: https://iss.moex.com/iss/emitters/10763/securities.jsonp?iss.meta=off&iss.json=extended&callback=JSON_CALLBACK&lang=ru
2025-07-06 18:31:19.8192 INFO Подключение прошло успешно.
2025-07-06 18:31:19.8192 INFO Извлечение данных
2025-07-06 18:31:19.8192 INFO Данные получены
2025-07-06 18:31:19.8192 INFO Корректные данные для считывания
2025-07-06 18:31:19.8192 INFO Успешная десериализация данных
2025-07-06 18:31:19.8192 INFO Добавлено 0 биржевых облигаций и акций Т-Техно ао из 2 других облигаций
2025-07-06 18:31:19.8192 INFO Подключение к данным по адресу: https://iss.moex.com/iss/emitters/770/securities.jsonp?iss.meta=off&iss.json=extended&callback=JSON_CALLBACK&lang=ru
2025-07-06 18:31:19.8802 INFO Подключение прошло успешно.
2025-07-06 18:31:19.8802 INFO Извлечение данных
2025-07-06 18:31:19.8802 INFO Данные получены
2025-07-06 18:31:19.8802 INFO Корректные данные для считывания
2025-07-06 18:31:19.8802 INFO Успешная десериализация данных
2025-07-06 18:31:19.8802 INFO Добавлено 0 биржевых облигаций и акций ЛУКОЙЛ из 7 других облигаций
2025-07-06 18:31:19.8802 INFO Подключение к данным по адресу: https://iss.moex.com/iss/emitters/1074/securities.jsonp?iss.meta=off&iss.json=extended&callback=JSON_CALLBACK&lang=ru
2025-07-06 18:31:19.9373 INFO Подключение прошло успешно.
2025-07-06 18:31:19.9373 INFO Извлечение данных
2025-07-06 18:31:19.9373 INFO Данные получены
2025-07-06 18:31:19.9373 INFO Корректные данные для считывания
2025-07-06 18:31:19.9373 INFO Успешная десериализация данных
2025-07-06 18:31:19.9373 INFO Добавлено 4 биржевых облигаций и акций Новатэк ао из 7 других облигаций
2025-07-06 18:31:19.9373 INFO Подключение к данным по адресу: https://iss.moex.com/iss/emitters/9848/securities.jsonp?iss.meta=off&iss.json=extended&callback=JSON_CALLBACK&lang=ru
2025-07-06 18:31:19.9938 INFO Подключение прошло успешно.
2025-07-06 18:31:19.9938 INFO Извлечение данных
2025-07-06 18:31:19.9938 INFO Данные получены
2025-07-06 18:31:19.9938 INFO Корректные данные для считывания
2025-07-06 18:31:19.9938 INFO Успешная десериализация данных
2025-07-06 18:31:19.9938 INFO Добавлено 10 биржевых облигаций и акций Самолет ао из 13 других облигаций
2025-07-06 18:31:19.9938 INFO Подключение к данным по адресу: https://iss.moex.com/iss/emitters/739/securities.jsonp?iss.meta=off&iss.json=extended&callback=JSON_CALLBACK&lang=ru
2025-07-06 18:31:20.0459 INFO Подключение прошло успешно.
2025-07-06 18:31:20.0459 INFO Извлечение данных
2025-07-06 18:31:20.0459 INFO Данные получены
2025-07-06 18:31:20.0459 INFO Корректные данные для считывания
2025-07-06 18:31:20.0459 INFO Успешная десериализация данных
2025-07-06 18:31:20.0459 INFO Добавлено 1 биржевых облигаций и акций ПИК ао из 4 других облигаций
2025-07-06 18:31:20.0459 INFO Подключение к данным по адресу: https://iss.moex.com/iss/emitters/10712/securities.jsonp?iss.meta=off&iss.json=extended&callback=JSON_CALLBACK&lang=ru
2025-07-06 18:31:20.0969 INFO Подключение прошло успешно.
2025-07-06 18:31:20.0969 INFO Извлечение данных
2025-07-06 18:31:20.0969 INFO Данные получены
2025-07-06 18:31:20.0969 INFO Корректные данные для считывания
2025-07-06 18:31:20.0969 INFO Успешная десериализация данных
2025-07-06 18:31:20.0969 INFO Добавлено 0 биржевых облигаций и акций КЦ ИКС 5 из 2 других облигаций
2025-07-06 18:31:20.0969 INFO Подключение к данным по адресу: https://iss.moex.com/iss/emitters/1399/securities.jsonp?iss.meta=off&iss.json=extended&callback=JSON_CALLBACK&lang=ru
2025-07-06 18:31:20.1484 INFO Подключение прошло успешно.
2025-07-06 18:31:20.1484 INFO Извлечение данных
2025-07-06 18:31:20.1484 INFO Данные получены
2025-07-06 18:31:20.1484 INFO Корректные данные для считывания
2025-07-06 18:31:20.1484 INFO Успешная десериализация данных
2025-07-06 18:31:20.1484 INFO Добавлено 11 биржевых облигаций и акций ГМКНорНик из 15 других облигаций
2025-07-06 18:31:20.1484 INFO Подключение к данным по адресу: https://iss.moex.com/iss/emitters/15523/securities.jsonp?iss.meta=off&iss.json=extended&callback=JSON_CALLBACK&lang=ru
2025-07-06 18:31:20.2045 INFO Подключение прошло успешно.
2025-07-06 18:31:20.2045 INFO Извлечение данных
2025-07-06 18:31:20.2045 INFO Данные получены
2025-07-06 18:31:20.2045 INFO Корректные данные для считывания
2025-07-06 18:31:20.2045 INFO Успешная десериализация данных
2025-07-06 18:31:20.2045 INFO Добавлено 1 биржевых облигаций и акций ЯНДЕКС из 3 других облигаций
2025-07-06 18:31:20.2045 INFO Подключение к данным по адресу: https://iss.moex.com/iss/emitters/12604/securities.jsonp?iss.meta=off&iss.json=extended&callback=JSON_CALLBACK&lang=ru
2025-07-06 18:31:20.2600 INFO Подключение прошло успешно.
2025-07-06 18:31:20.2600 INFO Извлечение данных
2025-07-06 18:31:20.2600 INFO Данные получены
2025-07-06 18:31:20.2600 INFO Корректные данные для считывания
2025-07-06 18:31:20.2600 INFO Успешная десериализация данных
2025-07-06 18:31:20.2600 INFO Добавлено 3 биржевых облигаций и акций iПозитив из 5 других облигаций
2025-07-06 18:31:20.2600 INFO Подключение к данным по адресу: https://iss.moex.com/iss/emitters/1158/securities.jsonp?iss.meta=off&iss.json=extended&callback=JSON_CALLBACK&lang=ru
2025-07-06 18:31:20.3220 INFO Подключение прошло успешно.
2025-07-06 18:31:20.3220 INFO Извлечение данных
2025-07-06 18:31:20.3220 INFO Данные получены
2025-07-06 18:31:20.3220 INFO Корректные данные для считывания
2025-07-06 18:31:20.3220 INFO Успешная десериализация данных
2025-07-06 18:31:20.3220 INFO Добавлено 4 биржевых облигаций и акций Полюс из 8 других облигаций
2025-07-06 18:31:20.3220 INFO Подключение к данным по адресу: https://iss.moex.com/iss/emitters/886/securities.jsonp?iss.meta=off&iss.json=extended&callback=JSON_CALLBACK&lang=ru
2025-07-06 18:31:20.3766 INFO Подключение прошло успешно.
2025-07-06 18:31:20.3766 INFO Извлечение данных
2025-07-06 18:31:20.3766 INFO Данные получены
2025-07-06 18:31:20.3766 INFO Корректные данные для считывания
2025-07-06 18:31:20.3766 INFO Успешная десериализация данных
2025-07-06 18:31:20.3766 INFO Добавлено 8 биржевых облигаций и акций Магнит ао из 11 других облигаций
2025-07-06 18:31:20.3766 INFO Подключение к данным по адресу: https://iss.moex.com/iss/emitters/651/securities.jsonp?iss.meta=off&iss.json=extended&callback=JSON_CALLBACK&lang=ru
2025-07-06 18:31:20.4451 INFO Подключение прошло успешно.
2025-07-06 18:31:20.4451 INFO Извлечение данных
2025-07-06 18:31:20.4451 INFO Данные получены
2025-07-06 18:31:20.4451 INFO Корректные данные для считывания
2025-07-06 18:31:20.4451 INFO Успешная десериализация данных
2025-07-06 18:31:20.4451 INFO Добавлено 25 биржевых облигаций и акций Роснефть из 28 других облигаций
2025-07-06 18:31:20.4451 INFO Подключение к данным по адресу: https://iss.moex.com/iss/emitters/10761/securities.jsonp?iss.meta=off&iss.json=extended&callback=JSON_CALLBACK&lang=ru
2025-07-06 18:31:20.5022 INFO Подключение прошло успешно.
2025-07-06 18:31:20.5022 INFO Извлечение данных
2025-07-06 18:31:20.5022 INFO Данные получены
2025-07-06 18:31:20.5022 INFO Корректные данные для считывания
2025-07-06 18:31:20.5022 INFO Успешная десериализация данных
2025-07-06 18:31:20.5022 INFO Добавлено 0 биржевых облигаций и акций МКПАО "ВК" из 3 других облигаций
2025-07-06 18:31:20.5022 INFO Подключение к данным по адресу: https://iss.moex.com/iss/emitters/1242/securities.jsonp?iss.meta=off&iss.json=extended&callback=JSON_CALLBACK&lang=ru
2025-07-06 18:31:20.5612 INFO Подключение прошло успешно.
2025-07-06 18:31:20.5612 INFO Извлечение данных
2025-07-06 18:31:20.5612 INFO Данные получены
2025-07-06 18:31:20.5612 INFO Корректные данные для считывания
2025-07-06 18:31:20.5612 INFO Успешная десериализация данных
2025-07-06 18:31:20.5612 INFO Добавлено 2 биржевых облигаций и акций Аэрофлот из 4 других облигаций
2025-07-06 18:31:20.5612 INFO Все данные успешно считаны. 494 биржевых облигаций и акций из 1010 разных типов облигаций
2025-07-06 18:31:20.5612 INFO Запись в файл: D:\Алексей\github\ExchangeParsing_DB\ExchangeParsing\ExchangeParsing\bin\Debug\MoscowExchange\Bonds\Bond_06.07.2025.csv
2025-07-06 18:31:20.5612 INFO Данные записаны.
2025-07-06 18:31:20.5612 INFO Добавление полученных данных в БД
2025-07-06 18:31:20.6243 INFO Подключение к БД прошло успешно
2025-07-06 18:31:20.6888 INFO Обработано акций: 18 (добавлено: 1, обновлено: 17)
2025-07-06 18:31:21.7300 INFO Обработано облигаций: 369 (добавлено: 0, обновлено: 369)
2025-07-06 18:31:21.7436 INFO Приложение завершило работу
2025-07-06 18:31:49.3088 INFO Приложение запущено
2025-07-06 18:31:49.3833 INFO Отправка данных на сервер
2025-07-06 18:31:49.5925 INFO Получение данных из файла Address.csv
2025-07-06 18:31:49.5925 INFO Получение данных из файла Client.csv
2025-07-06 18:31:52.0672 INFO Данные адресов добавлены в БД
2025-07-06 18:31:52.1388 INFO Данные клиентов добавлены в БД
2025-07-06 18:31:52.1393 INFO Данные успешно отправлены на сервер
2025-07-06 18:31:52.1393 INFO Процесс получения курса валют запущен
2025-07-06 18:31:52.1393 INFO Подключение к данным по адресу: https://www.cbr.ru/currency_base/daily/?UniDbQuery.Posted=True&UniDbQuery.To=06.07.2025
2025-07-06 18:31:52.5416 INFO Подключение прошло успешно. OK
2025-07-06 18:31:52.5806 INFO Извлечение данных
2025-07-06 18:31:52.5806 INFO Данные успешно получены. Количество: 43
2025-07-06 18:31:52.5806 INFO Запись в файл по пути: D:\Алексей\github\ExchangeParsing_DB\ExchangeParsing\ExchangeParsing\bin\Debug\CentralBank\Rate_06.07.2025.csv
2025-07-06 18:31:52.5806 INFO Данные записаны в файл. Количество 43 из 43
2025-07-06 18:31:52.5946 INFO Добавление полученных данных в БД
2025-07-06 18:31:52.5946 INFO Подключение к БД прошло успешно
2025-07-06 18:31:52.6356 INFO Обработано валют: 0 (добавлено: 0, обновлено: 0)
2025-07-06 18:31:52.6356 INFO Данные успешно отправлены на сервер
2025-07-06 18:31:52.6356 INFO Получение данных из файла SecurityPortfolio.csv
2025-07-06 18:31:52.6356 INFO Получение данных из файла Portfolio_Currency.csv
2025-07-06 18:31:52.6581 INFO Данные о портфелях добавлены
2025-07-06 18:31:52.6731 INFO Данные о связях между портфелями и валютами добавлены
2025-07-06 18:31:52.6731 INFO Запущен процесс получения акций
2025-07-06 18:31:52.6731 INFO Подключение к данным по адресу: https://iss.moex.com/iss/engines/stock/markets/shares/boards/tqbr/securities.json?iss.only=marketdata&iss.meta=off&iss.json=extended&marketdata.columns=SECID%2CLAST%2CLASTTOPREVPRICE&sort_column=VALTODAY&sort_order=desc&first=18
2025-07-06 18:31:52.8303 INFO Извлечение данных
2025-07-06 18:31:52.9709 INFO Данные получены
2025-07-06 18:31:52.9709 INFO Корректные данные для считывания
2025-07-06 18:31:53.0314 INFO Успешная десериализация данных
2025-07-06 18:31:53.0314 INFO Запись в файл: D:\Алексей\github\ExchangeParsing_DB\ExchangeParsing\ExchangeParsing\bin\Debug\MoscowExchange\Stocks\Stock_06.07.2025.csv
2025-07-06 18:31:53.0314 INFO Данные записаны: 18 акций
2025-07-06 18:31:53.0314 INFO Запущен процесс получения облигаций
2025-07-06 18:31:53.0314 INFO Подключение к данным по адресу: https://iss.moex.com/iss/emitters/484/securities.jsonp?iss.meta=off&iss.json=extended&callback=JSON_CALLBACK&lang=ru
2025-07-06 18:31:53.3626 INFO Подключение прошло успешно.
2025-07-06 18:31:53.3626 INFO Извлечение данных
2025-07-06 18:31:53.3626 INFO Данные получены
2025-07-06 18:31:53.3626 INFO Корректные данные для считывания
2025-07-06 18:31:53.3857 INFO Успешная десериализация данных
2025-07-06 18:31:53.3857 INFO Добавлено 361 биржевых облигаций и акций Сбербанк из 367 других облигаций
2025-07-06 18:31:53.3857 INFO Подключение к данным по адресу: https://iss.moex.com/iss/emitters/269/securities.jsonp?iss.meta=off&iss.json=extended&callback=JSON_CALLBACK&lang=ru
2025-07-06 18:31:56.0230 INFO Подключение прошло успешно.
2025-07-06 18:31:56.0230 INFO Извлечение данных
2025-07-06 18:31:56.0395 INFO Данные получены
2025-07-06 18:31:56.0395 INFO Корректные данные для считывания
2025-07-06 18:31:56.0460 INFO Успешная десериализация данных
2025-07-06 18:31:56.0460 INFO Добавлено 57 биржевых облигаций и акций ВТБ ао из 521 других облигаций
2025-07-06 18:31:56.0460 INFO Подключение к данным по адресу: https://iss.moex.com/iss/emitters/3588/securities.jsonp?iss.meta=off&iss.json=extended&callback=JSON_CALLBACK&lang=ru
2025-07-06 18:31:56.1066 INFO Подключение прошло успешно.
2025-07-06 18:31:56.1066 INFO Извлечение данных
2025-07-06 18:31:56.1066 INFO Данные получены
2025-07-06 18:31:56.1066 INFO Корректные данные для считывания
2025-07-06 18:31:56.1081 INFO Успешная десериализация данных
2025-07-06 18:31:56.1081 INFO Добавлено 2 биржевых облигаций и акций ЮГК из 3 других облигаций
2025-07-06 18:31:56.1081 INFO Подключение к данным по адресу: https://iss.moex.com/iss/emitters/711/securities.jsonp?iss.meta=off&iss.json=extended&callback=JSON_CALLBACK&lang=ru
2025-07-06 18:31:56.1576 INFO Подключение прошло успешно.
2025-07-06 18:31:56.1576 INFO Извлечение данных
2025-07-06 18:31:56.1576 INFO Данные получены
2025-07-06 18:31:56.1576 INFO Корректные данные для считывания
2025-07-06 18:31:56.1576 INFO Успешная десериализация данных
2025-07-06 18:31:56.1576 INFO Добавлено 5 биржевых облигаций и акций ГАЗПРОМ ао из 7 других облигаций
2025-07-06 18:31:56.1576 INFO Подключение к данным по адресу: https://iss.moex.com/iss/emitters/10763/securities.jsonp?iss.meta=off&iss.json=extended&callback=JSON_CALLBACK&lang=ru
2025-07-06 18:31:56.2202 INFO Подключение прошло успешно.
2025-07-06 18:31:56.2202 INFO Извлечение данных
2025-07-06 18:31:56.2202 INFO Данные получены
2025-07-06 18:31:56.2202 INFO Корректные данные для считывания
2025-07-06 18:31:56.2202 INFO Успешная десериализация данных
2025-07-06 18:31:56.2202 INFO Добавлено 0 биржевых облигаций и акций Т-Техно ао из 2 других облигаций
2025-07-06 18:31:56.2202 INFO Подключение к данным по адресу: https://iss.moex.com/iss/emitters/770/securities.jsonp?iss.meta=off&iss.json=extended&callback=JSON_CALLBACK&lang=ru
2025-07-06 18:31:56.2802 INFO Подключение прошло успешно.
2025-07-06 18:31:56.2802 INFO Извлечение данных
2025-07-06 18:31:56.2802 INFO Данные получены
2025-07-06 18:31:56.2802 INFO Корректные данные для считывания
2025-07-06 18:31:56.2802 INFO Успешная десериализация данных
2025-07-06 18:31:56.2802 INFO Добавлено 0 биржевых облигаций и акций ЛУКОЙЛ из 7 других облигаций
2025-07-06 18:31:56.2802 INFO Подключение к данным по адресу: https://iss.moex.com/iss/emitters/1074/securities.jsonp?iss.meta=off&iss.json=extended&callback=JSON_CALLBACK&lang=ru
2025-07-06 18:31:56.3302 INFO Подключение прошло успешно.
2025-07-06 18:31:56.3302 INFO Извлечение данных
2025-07-06 18:31:56.3302 INFO Данные получены
2025-07-06 18:31:56.3302 INFO Корректные данные для считывания
2025-07-06 18:31:56.3302 INFO Успешная десериализация данных
2025-07-06 18:31:56.3302 INFO Добавлено 4 биржевых облигаций и акций Новатэк ао из 7 других облигаций
2025-07-06 18:31:56.3302 INFO Подключение к данным по адресу: https://iss.moex.com/iss/emitters/9848/securities.jsonp?iss.meta=off&iss.json=extended&callback=JSON_CALLBACK&lang=ru
2025-07-06 18:31:56.3818 INFO Подключение прошло успешно.
2025-07-06 18:31:56.3818 INFO Извлечение данных
2025-07-06 18:31:56.3818 INFO Данные получены
2025-07-06 18:31:56.3818 INFO Корректные данные для считывания
2025-07-06 18:31:56.3818 INFO Успешная десериализация данных
2025-07-06 18:31:56.3818 INFO Добавлено 10 биржевых облигаций и акций Самолет ао из 13 других облигаций
2025-07-06 18:31:56.3818 INFO Подключение к данным по адресу: https://iss.moex.com/iss/emitters/739/securities.jsonp?iss.meta=off&iss.json=extended&callback=JSON_CALLBACK&lang=ru
2025-07-06 18:31:56.4353 INFO Подключение прошло успешно.
2025-07-06 18:31:56.4403 INFO Извлечение данных
2025-07-06 18:31:56.4403 INFO Данные получены
2025-07-06 18:31:56.4403 INFO Корректные данные для считывания
2025-07-06 18:31:56.4403 INFO Успешная десериализация данных
2025-07-06 18:31:56.4403 INFO Добавлено 1 биржевых облигаций и акций ПИК ао из 4 других облигаций
2025-07-06 18:31:56.4403 INFO Подключение к данным по адресу: https://iss.moex.com/iss/emitters/10712/securities.jsonp?iss.meta=off&iss.json=extended&callback=JSON_CALLBACK&lang=ru
2025-07-06 18:31:56.4999 INFO Подключение прошло успешно.
2025-07-06 18:31:56.4999 INFO Извлечение данных
2025-07-06 18:31:56.4999 INFO Данные получены
2025-07-06 18:31:56.4999 INFO Корректные данные для считывания
2025-07-06 18:31:56.4999 INFO Успешная десериализация данных
2025-07-06 18:31:56.4999 INFO Добавлено 0 биржевых облигаций и акций КЦ ИКС 5 из 2 других облигаций
2025-07-06 18:31:56.4999 INFO Подключение к данным по адресу: https://iss.moex.com/iss/emitters/1399/securities.jsonp?iss.meta=off&iss.json=extended&callback=JSON_CALLBACK&lang=ru
2025-07-06 18:31:56.5499 INFO Подключение прошло успешно.
2025-07-06 18:31:56.5499 INFO Извлечение данных
2025-07-06 18:31:56.5499 INFO Данные получены
2025-07-06 18:31:56.5499 INFO Корректные данные для считывания
2025-07-06 18:31:56.5499 INFO Успешная десериализация данных
2025-07-06 18:31:56.5499 INFO Добавлено 11 биржевых облигаций и акций ГМКНорНик из 15 других облигаций
2025-07-06 18:31:56.5499 INFO Подключение к данным по адресу: https://iss.moex.com/iss/emitters/15523/securities.jsonp?iss.meta=off&iss.json=extended&callback=JSON_CALLBACK&lang=ru
2025-07-06 18:31:56.5989 INFO Подключение прошло успешно.
2025-07-06 18:31:56.5989 INFO Извлечение данных
2025-07-06 18:31:56.5989 INFO Данные получены
2025-07-06 18:31:56.5989 INFO Корректные данные для считывания
2025-07-06 18:31:56.5989 INFO Успешная десериализация данных
2025-07-06 18:31:56.5989 INFO Добавлено 1 биржевых облигаций и акций ЯНДЕКС из 3 других облигаций
2025-07-06 18:31:56.5989 INFO Подключение к данным по адресу: https://iss.moex.com/iss/emitters/12604/securities.jsonp?iss.meta=off&iss.json=extended&callback=JSON_CALLBACK&lang=ru
2025-07-06 18:31:56.6530 INFO Подключение прошло успешно.
2025-07-06 18:31:56.6530 INFO Извлечение данных
2025-07-06 18:31:56.6530 INFO Данные получены
2025-07-06 18:31:56.6530 INFO Корректные данные для считывания
2025-07-06 18:31:56.6530 INFO Успешная десериализация данных
2025-07-06 18:31:56.6530 INFO Добавлено 3 биржевых облигаций и акций iПозитив из 5 других облигаций
2025-07-06 18:31:56.6550 INFO Подключение к данным по адресу: https://iss.moex.com/iss/emitters/1158/securities.jsonp?iss.meta=off&iss.json=extended&callback=JSON_CALLBACK&lang=ru
2025-07-06 18:31:56.7075 INFO Подключение прошло успешно.
2025-07-06 18:31:56.7075 INFO Извлечение данных
2025-07-06 18:31:56.7075 INFO Данные получены
2025-07-06 18:31:56.7075 INFO Корректные данные для считывания
2025-07-06 18:31:56.7075 INFO Успешная десериализация данных
2025-07-06 18:31:56.7075 INFO Добавлено 4 биржевых облигаций и акций Полюс из 8 других облигаций
2025-07-06 18:31:56.7075 INFO Подключение к данным по адресу: https://iss.moex.com/iss/emitters/886/securities.jsonp?iss.meta=off&iss.json=extended&callback=JSON_CALLBACK&lang=ru
2025-07-06 18:31:56.7726 INFO Подключение прошло успешно.
2025-07-06 18:31:56.7726 INFO Извлечение данных
2025-07-06 18:31:56.7726 INFO Данные получены
2025-07-06 18:31:56.7726 INFO Корректные данные для считывания
2025-07-06 18:31:56.7726 INFO Успешная десериализация данных
2025-07-06 18:31:56.7726 INFO Добавлено 8 биржевых облигаций и акций Магнит ао из 11 других облигаций
2025-07-06 18:31:56.7726 INFO Подключение к данным по адресу: https://iss.moex.com/iss/emitters/651/securities.jsonp?iss.meta=off&iss.json=extended&callback=JSON_CALLBACK&lang=ru
2025-07-06 18:31:56.8416 INFO Подключение прошло успешно.
2025-07-06 18:31:56.8416 INFO Извлечение данных
2025-07-06 18:31:56.8426 INFO Данные получены
2025-07-06 18:31:56.8426 INFO Корректные данные для считывания
2025-07-06 18:31:56.8426 INFO Успешная десериализация данных
2025-07-06 18:31:56.8426 INFO Добавлено 25 биржевых облигаций и акций Роснефть из 28 других облигаций
2025-07-06 18:31:56.8426 INFO Подключение к данным по адресу: https://iss.moex.com/iss/emitters/10761/securities.jsonp?iss.meta=off&iss.json=extended&callback=JSON_CALLBACK&lang=ru
2025-07-06 18:31:56.8987 INFO Подключение прошло успешно.
2025-07-06 18:31:56.8987 INFO Извлечение данных
2025-07-06 18:31:56.8987 INFO Данные получены
2025-07-06 18:31:56.8987 INFO Корректные данные для считывания
2025-07-06 18:31:56.8987 INFO Успешная десериализация данных
2025-07-06 18:31:56.8987 INFO Добавлено 0 биржевых облигаций и акций МКПАО "ВК" из 3 других облигаций
2025-07-06 18:31:56.8987 INFO Подключение к данным по адресу: https://iss.moex.com/iss/emitters/1242/securities.jsonp?iss.meta=off&iss.json=extended&callback=JSON_CALLBACK&lang=ru
2025-07-06 18:31:56.9732 INFO Подключение прошло успешно.
2025-07-06 18:31:56.9732 INFO Извлечение данных
2025-07-06 18:31:56.9732 INFO Данные получены
2025-07-06 18:31:56.9732 INFO Корректные данные для считывания
2025-07-06 18:31:56.9732 INFO Успешная десериализация данных
2025-07-06 18:31:56.9732 INFO Добавлено 2 биржевых облигаций и акций Аэрофлот из 4 других облигаций
2025-07-06 18:31:56.9732 INFO Все данные успешно считаны. 494 биржевых облигаций и акций из 1010 разных типов облигаций
2025-07-06 18:31:56.9732 INFO Запись в файл: D:\Алексей\github\ExchangeParsing_DB\ExchangeParsing\ExchangeParsing\bin\Debug\MoscowExchange\Bonds\Bond_06.07.2025.csv
2025-07-06 18:31:56.9732 INFO Данные записаны.
2025-07-06 18:31:56.9732 INFO Добавление полученных данных в БД
2025-07-06 18:31:56.9732 INFO Подключение к БД прошло успешно
2025-07-06 18:31:57.1718 INFO Обработано акций: 14 (добавлено: 0, обновлено: 14)
2025-07-06 18:31:58.2006 INFO Обработано облигаций: 381 (добавлено: 0, обновлено: 381)
2025-07-06 18:31:58.2121 INFO Приложение завершило работу
