2025-07-07 00:25:28.4043 INFO Приложение запущено
2025-07-07 00:25:28.4824 INFO Отправка данных на сервер
2025-07-07 00:25:28.7168 INFO Получение данных из файла Address.csv
2025-07-07 00:25:28.7168 INFO Получение данных из файла Client.csv
2025-07-07 00:25:34.9666 INFO Данные адресов добавлены в БД
2025-07-07 00:25:35.3260 INFO Данные клиентов добавлены в БД
2025-07-07 00:25:35.3260 INFO Данные успешно отправлены на сервер
2025-07-07 00:25:35.3572 INFO Процесс получения курса валют запущен
2025-07-07 00:25:35.3572 INFO Подключение к данным по адресу: https://www.cbr.ru/currency_base/daily/?UniDbQuery.Posted=True&UniDbQuery.To=07.07.2025
2025-07-07 00:25:35.7166 INFO Подключение прошло успешно. OK
2025-07-07 00:25:35.7479 INFO Извлечение данных
2025-07-07 00:25:35.7479 INFO Данные успешно получены. Количество: 43
2025-07-07 00:25:35.7479 INFO Запись в файл по пути: D:\Алексей\github\ExchangeParsing_DB\ExchangeParsing\ExchangeParsing\bin\Debug\CentralBank\Rate_07.07.2025.csv
2025-07-07 00:25:35.7635 INFO Данные записаны в файл. Количество 43 из 43
2025-07-07 00:25:35.7635 INFO Добавление полученных данных в БД
2025-07-07 00:25:35.8104 INFO Подключение к БД прошло успешно
2025-07-07 00:25:35.8729 INFO Обработано валют: 43 (добавлено: 43, обновлено: 0)
2025-07-07 00:25:35.8729 INFO Данные успешно отправлены на сервер
2025-07-07 00:25:35.8885 INFO Получение данных из файла SecurityPortfolio.csv
2025-07-07 00:25:35.8885 INFO Получение данных из файла Portfolio_Currency.csv
2025-07-07 00:25:35.9197 INFO Данные о портфелях добавлены
2025-07-07 00:25:35.9354 INFO Данные о связях между портфелями и валютами добавлены
2025-07-07 00:25:35.9510 INFO Запущен процесс получения акций
2025-07-07 00:25:35.9510 INFO Подключение к данным по адресу: https://iss.moex.com/iss/engines/stock/markets/shares/boards/tqbr/securities.json?iss.only=marketdata&iss.meta=off&iss.json=extended&marketdata.columns=SECID%2CLAST%2CLASTTOPREVPRICE&sort_column=VALTODAY&sort_order=desc&first=18
2025-07-07 00:25:36.1385 INFO Извлечение данных
2025-07-07 00:25:36.2635 INFO Данные получены
2025-07-07 00:25:36.2791 INFO Корректные данные для считывания
2025-07-07 00:25:36.3260 INFO Успешная десериализация данных
2025-07-07 00:25:36.3260 INFO Запись в файл: D:\Алексей\github\ExchangeParsing_DB\ExchangeParsing\ExchangeParsing\bin\Debug\MoscowExchange\Stocks\Stock_07.07.2025.csv
2025-07-07 00:25:36.3260 INFO Данные записаны: 18 акций
2025-07-07 00:25:36.3260 INFO Запущен процесс получения облигаций
2025-07-07 00:25:36.3260 INFO Добавление полученных данных в БД
2025-07-07 00:25:36.3416 INFO Подключение к БД прошло успешно
2025-07-07 00:25:36.3729 INFO Обработано акций: 18 (добавлено: 18, обновлено: 0)
2025-07-07 00:25:36.3885 ERROR Данные об облигациях пустые и не могут быть добавлены в таблицу 'Bonds'.
2025-07-07 00:25:36.3885 INFO Выполнение процедуры пересчета позиций день-клиент-портфель
2025-07-07 00:25:36.4041 INFO Процедура выполнена
2025-07-07 00:25:36.4041 INFO Приложение завершило работу
2025-07-07 00:26:12.1092 INFO Приложение запущено
2025-07-07 00:26:12.1717 INFO Отправка данных на сервер
2025-07-07 00:26:12.4373 INFO Получение данных из файла Address.csv
2025-07-07 00:26:12.4373 INFO Получение данных из файла Client.csv
2025-07-07 00:26:14.6403 INFO Данные адресов добавлены в БД
2025-07-07 00:26:14.7028 INFO Данные клиентов добавлены в БД
2025-07-07 00:26:14.7028 INFO Данные успешно отправлены на сервер
2025-07-07 00:26:14.7028 INFO Процесс получения курса валют запущен
2025-07-07 00:26:14.7028 INFO Подключение к данным по адресу: https://www.cbr.ru/currency_base/daily/?UniDbQuery.Posted=True&UniDbQuery.To=07.07.2025
2025-07-07 00:26:15.0154 INFO Подключение прошло успешно. OK
2025-07-07 00:26:15.0466 INFO Извлечение данных
2025-07-07 00:26:15.0622 INFO Данные успешно получены. Количество: 43
2025-07-07 00:26:15.0622 INFO Запись в файл по пути: D:\Алексей\github\ExchangeParsing_DB\ExchangeParsing\ExchangeParsing\bin\Debug\CentralBank\Rate_07.07.2025.csv
2025-07-07 00:26:15.0622 INFO Данные записаны в файл. Количество 43 из 43
2025-07-07 00:26:15.0622 INFO Добавление полученных данных в БД
2025-07-07 00:26:15.0622 INFO Подключение к БД прошло успешно
2025-07-07 00:26:15.2305 INFO Обработано валют: 43 (добавлено: 0, обновлено: 43)
2025-07-07 00:26:15.2305 INFO Данные успешно отправлены на сервер
2025-07-07 00:26:15.2462 INFO Получение данных из файла SecurityPortfolio.csv
2025-07-07 00:26:15.2462 INFO Получение данных из файла Portfolio_Currency.csv
2025-07-07 00:26:15.2774 INFO Данные о портфелях добавлены
2025-07-07 00:26:15.2774 INFO Данные о связях между портфелями и валютами добавлены
2025-07-07 00:26:15.2930 INFO Запущен процесс получения акций
2025-07-07 00:26:15.2930 INFO Подключение к данным по адресу: https://iss.moex.com/iss/engines/stock/markets/shares/boards/tqbr/securities.json?iss.only=marketdata&iss.meta=off&iss.json=extended&marketdata.columns=SECID%2CLAST%2CLASTTOPREVPRICE&sort_column=VALTODAY&sort_order=desc&first=18
2025-07-07 00:26:15.4493 INFO Извлечение данных
2025-07-07 00:26:15.5743 INFO Данные получены
2025-07-07 00:26:15.5899 INFO Корректные данные для считывания
2025-07-07 00:26:15.6368 INFO Успешная десериализация данных
2025-07-07 00:26:15.6368 INFO Запись в файл: D:\Алексей\github\ExchangeParsing_DB\ExchangeParsing\ExchangeParsing\bin\Debug\MoscowExchange\Stocks\Stock_07.07.2025.csv
2025-07-07 00:26:15.6368 INFO Данные записаны: 18 акций
2025-07-07 00:26:15.6368 INFO Запущен процесс получения облигаций
2025-07-07 00:26:15.6368 INFO Добавление полученных данных в БД
2025-07-07 00:26:15.6368 INFO Подключение к БД прошло успешно
2025-07-07 00:26:15.6837 INFO Обработано акций: 13 (добавлено: 0, обновлено: 13)
2025-07-07 00:26:15.6993 ERROR Данные об облигациях пустые и не могут быть добавлены в таблицу 'Bonds'.
2025-07-07 00:26:15.6993 INFO Выполнение процедуры пересчета позиций день-клиент-портфель
2025-07-07 00:26:15.6993 INFO Процедура выполнена
2025-07-07 00:26:15.6993 INFO Приложение завершило работу
2025-07-07 00:26:59.7715 INFO Приложение запущено
2025-07-07 00:26:59.8340 INFO Отправка данных на сервер
2025-07-07 00:27:00.0371 INFO Получение данных из файла Address.csv
2025-07-07 00:27:00.0527 INFO Получение данных из файла Client.csv
2025-07-07 00:27:02.2818 INFO Данные адресов добавлены в БД
2025-07-07 00:27:02.3443 INFO Данные клиентов добавлены в БД
2025-07-07 00:27:02.3443 INFO Данные успешно отправлены на сервер
2025-07-07 00:27:02.3443 INFO Процесс получения курса валют запущен
2025-07-07 00:27:02.3443 INFO Подключение к данным по адресу: https://www.cbr.ru/currency_base/daily/?UniDbQuery.Posted=True&UniDbQuery.To=07.07.2025
2025-07-07 00:27:02.6957 INFO Подключение прошло успешно. OK
2025-07-07 00:27:02.7426 INFO Извлечение данных
2025-07-07 00:27:02.7426 INFO Данные успешно получены. Количество: 43
2025-07-07 00:27:02.7426 INFO Запись в файл по пути: D:\Алексей\github\ExchangeParsing_DB\ExchangeParsing\ExchangeParsing\bin\Debug\CentralBank\Rate_07.07.2025.csv
2025-07-07 00:27:02.7426 INFO Данные записаны в файл. Количество 43 из 43
2025-07-07 00:27:02.7426 INFO Добавление полученных данных в БД
2025-07-07 00:27:02.7582 INFO Подключение к БД прошло успешно
2025-07-07 00:27:02.9144 INFO Обработано валют: 43 (добавлено: 0, обновлено: 43)
2025-07-07 00:27:02.9144 INFO Данные успешно отправлены на сервер
2025-07-07 00:27:02.9301 INFO Получение данных из файла SecurityPortfolio.csv
2025-07-07 00:27:02.9301 INFO Получение данных из файла Portfolio_Currency.csv
2025-07-07 00:27:02.9613 INFO Данные о портфелях добавлены
2025-07-07 00:27:02.9769 INFO Данные о связях между портфелями и валютами добавлены
2025-07-07 00:27:02.9769 INFO Запущен процесс получения акций
2025-07-07 00:27:02.9769 INFO Подключение к данным по адресу: https://iss.moex.com/iss/engines/stock/markets/shares/boards/tqbr/securities.json?iss.only=marketdata&iss.meta=off&iss.json=extended&marketdata.columns=SECID%2CLAST%2CLASTTOPREVPRICE&sort_column=VALTODAY&sort_order=desc&first=18
2025-07-07 00:27:03.1019 INFO Извлечение данных
2025-07-07 00:27:03.2269 INFO Данные получены
2025-07-07 00:27:03.2426 INFO Корректные данные для считывания
2025-07-07 00:27:03.2738 INFO Успешная десериализация данных
2025-07-07 00:27:03.2738 INFO Запись в файл: D:\Алексей\github\ExchangeParsing_DB\ExchangeParsing\ExchangeParsing\bin\Debug\MoscowExchange\Stocks\Stock_07.07.2025.csv
2025-07-07 00:27:03.2738 INFO Данные записаны: 18 акций
2025-07-07 00:27:03.2894 INFO Запущен процесс получения облигаций
2025-07-07 00:27:03.2894 INFO Добавление полученных данных в БД
2025-07-07 00:27:03.2894 INFO Подключение к БД прошло успешно
2025-07-07 00:27:03.3363 INFO Обработано акций: 12 (добавлено: 0, обновлено: 12)
2025-07-07 00:27:03.3519 ERROR Данные об облигациях пустые и не могут быть добавлены в таблицу 'Bonds'.
2025-07-07 00:27:03.3519 INFO Выполнение процедуры пересчета позиций день-клиент-портфель
2025-07-07 00:27:03.3676 INFO Процедура выполнена
2025-07-07 00:27:03.3676 INFO Приложение завершило работу
2025-07-07 00:27:28.1565 INFO Приложение запущено
2025-07-07 00:27:28.2190 INFO Отправка данных на сервер
2025-07-07 00:27:28.4378 INFO Получение данных из файла Address.csv
2025-07-07 00:27:28.4378 INFO Получение данных из файла Client.csv
2025-07-07 00:27:30.5837 INFO Данные адресов добавлены в БД
2025-07-07 00:27:30.6305 INFO Данные клиентов добавлены в БД
2025-07-07 00:27:30.6305 INFO Данные успешно отправлены на сервер
2025-07-07 00:27:30.6462 INFO Процесс получения курса валют запущен
2025-07-07 00:27:30.6462 INFO Подключение к данным по адресу: https://www.cbr.ru/currency_base/daily/?UniDbQuery.Posted=True&UniDbQuery.To=07.07.2025
2025-07-07 00:27:30.9899 INFO Подключение прошло успешно. OK
2025-07-07 00:27:31.0212 INFO Извлечение данных
2025-07-07 00:27:31.0212 INFO Данные успешно получены. Количество: 43
2025-07-07 00:27:31.0212 INFO Запись в файл по пути: D:\Алексей\github\ExchangeParsing_DB\ExchangeParsing\ExchangeParsing\bin\Debug\CentralBank\Rate_07.07.2025.csv
2025-07-07 00:27:31.0212 INFO Данные записаны в файл. Количество 43 из 43
2025-07-07 00:27:31.0368 INFO Добавление полученных данных в БД
2025-07-07 00:27:31.0368 INFO Подключение к БД прошло успешно
2025-07-07 00:27:31.2087 INFO Обработано валют: 43 (добавлено: 0, обновлено: 43)
2025-07-07 00:27:31.2087 INFO Данные успешно отправлены на сервер
2025-07-07 00:27:31.2087 INFO Получение данных из файла SecurityPortfolio.csv
2025-07-07 00:27:31.2087 INFO Получение данных из файла Portfolio_Currency.csv
2025-07-07 00:27:31.2399 INFO Данные о портфелях добавлены
2025-07-07 00:27:31.2556 INFO Данные о связях между портфелями и валютами добавлены
2025-07-07 00:27:31.2556 INFO Запущен процесс получения акций
2025-07-07 00:27:31.2556 INFO Подключение к данным по адресу: https://iss.moex.com/iss/engines/stock/markets/shares/boards/tqbr/securities.json?iss.only=marketdata&iss.meta=off&iss.json=extended&marketdata.columns=SECID%2CLAST%2CLASTTOPREVPRICE&sort_column=VALTODAY&sort_order=desc&first=18
2025-07-07 00:27:31.3806 INFO Извлечение данных
2025-07-07 00:27:31.5056 INFO Данные получены
2025-07-07 00:27:31.5212 INFO Корректные данные для считывания
2025-07-07 00:27:31.5681 INFO Успешная десериализация данных
2025-07-07 00:27:31.5681 INFO Запись в файл: D:\Алексей\github\ExchangeParsing_DB\ExchangeParsing\ExchangeParsing\bin\Debug\MoscowExchange\Stocks\Stock_07.07.2025.csv
2025-07-07 00:27:31.5681 INFO Данные записаны: 18 акций
2025-07-07 00:27:31.5681 INFO Запущен процесс получения облигаций
2025-07-07 00:27:31.5681 INFO Добавление полученных данных в БД
2025-07-07 00:27:31.5837 INFO Подключение к БД прошло успешно
2025-07-07 00:27:31.6149 INFO Обработано акций: 14 (добавлено: 0, обновлено: 14)
2025-07-07 00:27:31.6306 ERROR Данные об облигациях пустые и не могут быть добавлены в таблицу 'Bonds'.
2025-07-07 00:27:31.6306 INFO Выполнение процедуры пересчета позиций день-клиент-портфель
2025-07-07 00:27:31.6306 INFO Процедура выполнена
2025-07-07 00:27:31.6306 INFO Приложение завершило работу
2025-07-07 00:27:38.6793 INFO Приложение запущено
2025-07-07 00:27:38.7418 INFO Отправка данных на сервер
2025-07-07 00:27:38.9450 INFO Получение данных из файла Address.csv
2025-07-07 00:27:38.9450 INFO Получение данных из файла Client.csv
2025-07-07 00:27:41.1148 INFO Данные адресов добавлены в БД
2025-07-07 00:27:41.1617 INFO Данные клиентов добавлены в БД
2025-07-07 00:27:41.1617 INFO Данные успешно отправлены на сервер
2025-07-07 00:27:41.1773 INFO Процесс получения курса валют запущен
2025-07-07 00:27:41.1773 INFO Подключение к данным по адресу: https://www.cbr.ru/currency_base/daily/?UniDbQuery.Posted=True&UniDbQuery.To=07.07.2025
2025-07-07 00:27:41.6773 INFO Подключение прошло успешно. OK
2025-07-07 00:27:41.7086 INFO Извлечение данных
2025-07-07 00:27:41.7242 INFO Данные успешно получены. Количество: 43
2025-07-07 00:27:41.7242 INFO Запись в файл по пути: D:\Алексей\github\ExchangeParsing_DB\ExchangeParsing\ExchangeParsing\bin\Debug\CentralBank\Rate_07.07.2025.csv
2025-07-07 00:27:41.7242 INFO Данные записаны в файл. Количество 43 из 43
2025-07-07 00:27:41.7242 INFO Добавление полученных данных в БД
2025-07-07 00:27:41.7554 INFO Подключение к БД прошло успешно
2025-07-07 00:27:41.9273 INFO Обработано валют: 43 (добавлено: 0, обновлено: 43)
2025-07-07 00:27:41.9273 INFO Данные успешно отправлены на сервер
2025-07-07 00:27:41.9273 INFO Получение данных из файла SecurityPortfolio.csv
2025-07-07 00:27:41.9273 INFO Получение данных из файла Portfolio_Currency.csv
2025-07-07 00:27:41.9586 INFO Данные о портфелях добавлены
2025-07-07 00:27:41.9742 INFO Данные о связях между портфелями и валютами добавлены
2025-07-07 00:27:41.9742 INFO Запущен процесс получения акций
2025-07-07 00:27:41.9742 INFO Подключение к данным по адресу: https://iss.moex.com/iss/engines/stock/markets/shares/boards/tqbr/securities.json?iss.only=marketdata&iss.meta=off&iss.json=extended&marketdata.columns=SECID%2CLAST%2CLASTTOPREVPRICE&sort_column=VALTODAY&sort_order=desc&first=18
2025-07-07 00:27:42.0992 INFO Извлечение данных
2025-07-07 00:27:42.2398 INFO Данные получены
2025-07-07 00:27:42.2398 INFO Корректные данные для считывания
2025-07-07 00:27:42.2867 INFO Успешная десериализация данных
2025-07-07 00:27:42.2867 INFO Запись в файл: D:\Алексей\github\ExchangeParsing_DB\ExchangeParsing\ExchangeParsing\bin\Debug\MoscowExchange\Stocks\Stock_07.07.2025.csv
2025-07-07 00:27:42.2867 INFO Данные записаны: 18 акций
2025-07-07 00:27:42.3023 INFO Запущен процесс получения облигаций
2025-07-07 00:27:42.3023 INFO Добавление полученных данных в БД
2025-07-07 00:27:42.3336 INFO Подключение к БД прошло успешно
2025-07-07 00:27:42.3804 INFO Обработано акций: 12 (добавлено: 0, обновлено: 12)
2025-07-07 00:27:42.3804 ERROR Данные об облигациях пустые и не могут быть добавлены в таблицу 'Bonds'.
2025-07-07 00:27:42.3804 INFO Выполнение процедуры пересчета позиций день-клиент-портфель
2025-07-07 00:27:42.3961 INFO Процедура выполнена
2025-07-07 00:27:42.3961 INFO Приложение завершило работу
2025-07-07 00:27:46.7573 INFO Приложение запущено
2025-07-07 00:27:46.8260 INFO Отправка данных на сервер
2025-07-07 00:27:47.0447 INFO Получение данных из файла Address.csv
2025-07-07 00:27:47.0447 INFO Получение данных из файла Client.csv
2025-07-07 00:27:49.2425 INFO Данные адресов добавлены в БД
2025-07-07 00:27:49.3050 INFO Данные клиентов добавлены в БД
2025-07-07 00:27:49.3050 INFO Данные успешно отправлены на сервер
2025-07-07 00:27:49.3050 INFO Процесс получения курса валют запущен
2025-07-07 00:27:49.3050 INFO Подключение к данным по адресу: https://www.cbr.ru/currency_base/daily/?UniDbQuery.Posted=True&UniDbQuery.To=07.07.2025
2025-07-07 00:27:49.6613 INFO Подключение прошло успешно. OK
2025-07-07 00:27:49.7081 INFO Извлечение данных
2025-07-07 00:27:49.7081 INFO Данные успешно получены. Количество: 43
2025-07-07 00:27:49.7081 INFO Запись в файл по пути: D:\Алексей\github\ExchangeParsing_DB\ExchangeParsing\ExchangeParsing\bin\Debug\CentralBank\Rate_07.07.2025.csv
2025-07-07 00:27:49.7081 INFO Данные записаны в файл. Количество 43 из 43
2025-07-07 00:27:49.7238 INFO Добавление полученных данных в БД
2025-07-07 00:27:49.7238 INFO Подключение к БД прошло успешно
2025-07-07 00:27:49.8800 INFO Обработано валют: 43 (добавлено: 0, обновлено: 43)
2025-07-07 00:27:49.8800 INFO Данные успешно отправлены на сервер
2025-07-07 00:27:49.8957 INFO Получение данных из файла SecurityPortfolio.csv
2025-07-07 00:27:49.8957 INFO Получение данных из файла Portfolio_Currency.csv
2025-07-07 00:27:49.9269 INFO Данные о портфелях добавлены
2025-07-07 00:27:49.9425 INFO Данные о связях между портфелями и валютами добавлены
2025-07-07 00:27:49.9425 INFO Запущен процесс получения акций
2025-07-07 00:27:49.9425 INFO Подключение к данным по адресу: https://iss.moex.com/iss/engines/stock/markets/shares/boards/tqbr/securities.json?iss.only=marketdata&iss.meta=off&iss.json=extended&marketdata.columns=SECID%2CLAST%2CLASTTOPREVPRICE&sort_column=VALTODAY&sort_order=desc&first=18
2025-07-07 00:27:50.0519 INFO Извлечение данных
2025-07-07 00:27:50.1925 INFO Данные получены
2025-07-07 00:27:50.1925 INFO Корректные данные для считывания
2025-07-07 00:27:50.2394 INFO Успешная десериализация данных
2025-07-07 00:27:50.2394 INFO Запись в файл: D:\Алексей\github\ExchangeParsing_DB\ExchangeParsing\ExchangeParsing\bin\Debug\MoscowExchange\Stocks\Stock_07.07.2025.csv
2025-07-07 00:27:50.2394 INFO Данные записаны: 18 акций
2025-07-07 00:27:50.2550 INFO Запущен процесс получения облигаций
2025-07-07 00:27:50.2550 INFO Добавление полученных данных в БД
2025-07-07 00:27:50.2550 INFO Подключение к БД прошло успешно
2025-07-07 00:27:50.3019 INFO Обработано акций: 13 (добавлено: 0, обновлено: 13)
2025-07-07 00:27:50.3175 ERROR Данные об облигациях пустые и не могут быть добавлены в таблицу 'Bonds'.
2025-07-07 00:27:50.3175 INFO Выполнение процедуры пересчета позиций день-клиент-портфель
2025-07-07 00:27:50.3332 INFO Процедура выполнена
2025-07-07 00:27:50.3332 INFO Приложение завершило работу
2025-07-07 00:30:34.0732 INFO Приложение запущено
2025-07-07 00:30:34.1357 INFO Отправка данных на сервер
2025-07-07 00:30:34.3389 INFO Получение данных из файла Address.csv
2025-07-07 00:30:34.3389 INFO Получение данных из файла Client.csv
2025-07-07 00:30:36.5264 INFO Данные адресов добавлены в БД
2025-07-07 00:30:36.5733 INFO Данные клиентов добавлены в БД
2025-07-07 00:30:36.5733 INFO Данные успешно отправлены на сервер
2025-07-07 00:30:36.5889 INFO Процесс получения курса валют запущен
2025-07-07 00:30:36.5889 INFO Подключение к данным по адресу: https://www.cbr.ru/currency_base/daily/?UniDbQuery.Posted=True&UniDbQuery.To=07.07.2025
2025-07-07 00:30:36.9170 INFO Подключение прошло успешно. OK
2025-07-07 00:30:36.9639 INFO Извлечение данных
2025-07-07 00:30:36.9639 INFO Данные успешно получены. Количество: 43
2025-07-07 00:30:36.9639 INFO Запись в файл по пути: D:\Алексей\github\ExchangeParsing_DB\ExchangeParsing\ExchangeParsing\bin\Debug\CentralBank\Rate_07.07.2025.csv
2025-07-07 00:30:36.9639 INFO Данные записаны в файл. Количество 43 из 43
2025-07-07 00:30:36.9639 INFO Добавление полученных данных в БД
2025-07-07 00:30:36.9639 INFO Подключение к БД прошло успешно
2025-07-07 00:30:37.1358 INFO Обработано валют: 43 (добавлено: 0, обновлено: 43)
2025-07-07 00:30:37.1358 INFO Данные успешно отправлены на сервер
2025-07-07 00:30:37.1358 INFO Получение данных из файла SecurityPortfolio.csv
2025-07-07 00:30:37.1358 INFO Получение данных из файла Portfolio_Currency.csv
2025-07-07 00:30:37.1670 INFO Данные о портфелях добавлены
2025-07-07 00:30:37.1827 INFO Данные о связях между портфелями и валютами добавлены
2025-07-07 00:30:37.1827 INFO Запущен процесс получения акций
2025-07-07 00:30:37.1827 INFO Подключение к данным по адресу: https://iss.moex.com/iss/engines/stock/markets/shares/boards/tqbr/securities.json?iss.only=marketdata&iss.meta=off&iss.json=extended&marketdata.columns=SECID%2CLAST%2CLASTTOPREVPRICE&sort_column=VALTODAY&sort_order=desc&first=18
2025-07-07 00:30:37.3545 INFO Извлечение данных
2025-07-07 00:30:37.4795 INFO Данные получены
2025-07-07 00:30:37.4952 INFO Корректные данные для считывания
2025-07-07 00:30:37.5420 INFO Успешная десериализация данных
2025-07-07 00:30:37.5420 INFO Запись в файл: D:\Алексей\github\ExchangeParsing_DB\ExchangeParsing\ExchangeParsing\bin\Debug\MoscowExchange\Stocks\Stock_07.07.2025.csv
2025-07-07 00:30:37.5420 INFO Данные записаны: 18 акций
2025-07-07 00:30:37.5420 INFO Запущен процесс получения облигаций
2025-07-07 00:30:37.5420 INFO Подключение к данным по адресу: https://iss.moex.com/iss/emitters/484/securities.jsonp?iss.meta=off&iss.json=extended&callback=JSON_CALLBACK&lang=ru
2025-07-07 00:30:37.9952 INFO Подключение прошло успешно.
2025-07-07 00:30:37.9952 INFO Извлечение данных
2025-07-07 00:30:37.9952 INFO Данные получены
2025-07-07 00:30:37.9952 INFO Корректные данные для считывания
2025-07-07 00:30:38.0108 INFO Успешная десериализация данных
2025-07-07 00:30:38.5912 INFO Добавлено 362 биржевых облигаций и акций Сбербанк из 368 других облигаций
2025-07-07 00:30:38.6068 INFO Подключение к данным по адресу: https://iss.moex.com/iss/emitters/269/securities.jsonp?iss.meta=off&iss.json=extended&callback=JSON_CALLBACK&lang=ru
2025-07-07 00:30:40.3725 INFO Подключение прошло успешно.
2025-07-07 00:30:40.3725 INFO Извлечение данных
2025-07-07 00:30:40.3725 INFO Данные получены
2025-07-07 00:30:40.3881 INFO Корректные данные для считывания
2025-07-07 00:30:40.3881 INFO Успешная десериализация данных
2025-07-07 00:30:41.1694 INFO Добавлено 58 биржевых облигаций и акций ВТБ ао из 522 других облигаций
2025-07-07 00:30:41.1694 INFO Подключение к данным по адресу: https://iss.moex.com/iss/emitters/3588/securities.jsonp?iss.meta=off&iss.json=extended&callback=JSON_CALLBACK&lang=ru
2025-07-07 00:30:41.2631 INFO Подключение прошло успешно.
2025-07-07 00:30:41.2631 INFO Извлечение данных
2025-07-07 00:30:41.2631 INFO Данные получены
2025-07-07 00:30:41.2631 INFO Корректные данные для считывания
2025-07-07 00:30:41.2631 INFO Успешная десериализация данных
2025-07-07 00:30:41.2788 ERROR Акция  не найдена в таблице Stocks
2025-07-07 00:30:41.2788 INFO Добавление полученных данных в БД
2025-07-07 00:30:41.2788 INFO Подключение к БД прошло успешно
2025-07-07 00:30:41.3256 INFO Обработано акций: 15 (добавлено: 0, обновлено: 15)
2025-07-07 00:30:42.1225 INFO Обработано облигаций: 420 (добавлено: 420, обновлено: 0)
2025-07-07 00:30:42.1225 INFO Выполнение процедуры пересчета позиций день-клиент-портфель
2025-07-07 00:30:42.1381 INFO Процедура выполнена
2025-07-07 00:30:42.1381 INFO Приложение завершило работу
2025-07-07 00:33:15.9800 INFO Приложение запущено
2025-07-07 00:33:16.0268 INFO Отправка данных на сервер
2025-07-07 00:33:16.2300 INFO Получение данных из файла Address.csv
2025-07-07 00:33:16.2300 INFO Получение данных из файла Client.csv
2025-07-07 00:33:18.4339 INFO Данные адресов добавлены в БД
2025-07-07 00:33:18.4964 INFO Данные клиентов добавлены в БД
2025-07-07 00:33:18.4964 INFO Данные успешно отправлены на сервер
2025-07-07 00:33:18.4964 INFO Процесс получения курса валют запущен
2025-07-07 00:33:18.4964 INFO Подключение к данным по адресу: https://www.cbr.ru/currency_base/daily/?UniDbQuery.Posted=True&UniDbQuery.To=07.07.2025
2025-07-07 00:33:18.8401 INFO Подключение прошло успешно. OK
2025-07-07 00:33:18.8714 INFO Извлечение данных
2025-07-07 00:33:18.8714 INFO Данные успешно получены. Количество: 43
2025-07-07 00:33:18.8714 INFO Запись в файл по пути: D:\Алексей\github\ExchangeParsing_DB\ExchangeParsing\ExchangeParsing\bin\Debug\CentralBank\Rate_07.07.2025.csv
2025-07-07 00:33:18.8714 INFO Данные записаны в файл. Количество 43 из 43
2025-07-07 00:33:18.8870 INFO Добавление полученных данных в БД
2025-07-07 00:33:18.8870 INFO Подключение к БД прошло успешно
2025-07-07 00:33:19.0589 INFO Обработано валют: 43 (добавлено: 0, обновлено: 43)
2025-07-07 00:33:19.0589 INFO Данные успешно отправлены на сервер
2025-07-07 00:33:19.0589 INFO Получение данных из файла SecurityPortfolio.csv
2025-07-07 00:33:19.0589 INFO Получение данных из файла Portfolio_Currency.csv
2025-07-07 00:33:19.0901 INFO Данные о портфелях добавлены
2025-07-07 00:33:19.1058 INFO Данные о связях между портфелями и валютами добавлены
2025-07-07 00:33:19.1058 INFO Запущен процесс получения акций
2025-07-07 00:33:19.1058 INFO Подключение к данным по адресу: https://iss.moex.com/iss/engines/stock/markets/shares/boards/tqbr/securities.json?iss.only=marketdata&iss.meta=off&iss.json=extended&marketdata.columns=SECID%2CLAST%2CLASTTOPREVPRICE&sort_column=VALTODAY&sort_order=desc&first=18
2025-07-07 00:33:19.2151 INFO Извлечение данных
2025-07-07 00:33:19.3558 INFO Данные получены
2025-07-07 00:33:19.3558 INFO Корректные данные для считывания
2025-07-07 00:33:19.4026 INFO Успешная десериализация данных
2025-07-07 00:33:19.4026 INFO Запись в файл: D:\Алексей\github\ExchangeParsing_DB\ExchangeParsing\ExchangeParsing\bin\Debug\MoscowExchange\Stocks\Stock_07.07.2025.csv
2025-07-07 00:33:19.4026 INFO Данные записаны: 18 акций
2025-07-07 00:33:19.4183 INFO Запущен процесс получения облигаций
2025-07-07 00:33:19.4183 INFO Подключение к данным по адресу: https://iss.moex.com/iss/emitters/484/securities.jsonp?iss.meta=off&iss.json=extended&callback=JSON_CALLBACK&lang=ru
2025-07-07 00:33:19.8245 INFO Подключение прошло успешно.
2025-07-07 00:33:19.8245 INFO Извлечение данных
2025-07-07 00:33:19.8245 INFO Данные получены
2025-07-07 00:33:19.8245 INFO Корректные данные для считывания
2025-07-07 00:33:19.8401 INFO Успешная десериализация данных
2025-07-07 00:33:20.4183 INFO Добавлено 362 биржевых облигаций и акций Сбербанк из 368 других облигаций
2025-07-07 00:33:20.4183 INFO Подключение к данным по адресу: https://iss.moex.com/iss/emitters/269/securities.jsonp?iss.meta=off&iss.json=extended&callback=JSON_CALLBACK&lang=ru
2025-07-07 00:33:22.1996 INFO Подключение прошло успешно.
2025-07-07 00:33:22.2152 INFO Извлечение данных
2025-07-07 00:33:22.2152 INFO Данные получены
2025-07-07 00:33:22.2152 INFO Корректные данные для считывания
2025-07-07 00:33:22.2308 INFO Успешная десериализация данных
2025-07-07 00:33:23.0277 INFO Добавлено 58 биржевых облигаций и акций ВТБ ао из 522 других облигаций
2025-07-07 00:33:23.0277 INFO Подключение к данным по адресу: https://iss.moex.com/iss/emitters/3588/securities.jsonp?iss.meta=off&iss.json=extended&callback=JSON_CALLBACK&lang=ru
2025-07-07 00:33:23.0746 INFO Подключение прошло успешно.
2025-07-07 00:33:23.0746 INFO Извлечение данных
2025-07-07 00:33:23.0746 INFO Данные получены
2025-07-07 00:33:23.0746 INFO Корректные данные для считывания
2025-07-07 00:33:23.0746 INFO Успешная десериализация данных
2025-07-07 00:33:23.0902 ERROR Акция  не найдена в таблице Stocks
2025-07-07 00:33:23.0902 INFO Добавление полученных данных в БД
2025-07-07 00:33:23.0902 INFO Подключение к БД прошло успешно
2025-07-07 00:33:23.1214 INFO Обработано акций: 15 (добавлено: 0, обновлено: 15)
2025-07-07 00:33:24.0801 INFO Обработано облигаций: 420 (добавлено: 0, обновлено: 420)
2025-07-07 00:33:24.0801 INFO Выполнение процедуры пересчета позиций день-клиент-портфель
2025-07-07 00:33:24.0957 INFO Процедура выполнена
2025-07-07 00:33:24.0957 INFO Приложение завершило работу
2025-07-07 00:34:41.2752 INFO Приложение запущено
2025-07-07 00:34:41.3377 INFO Отправка данных на сервер
2025-07-07 00:34:41.5721 INFO Получение данных из файла Address.csv
2025-07-07 00:34:41.5721 INFO Получение данных из файла Client.csv
2025-07-07 00:34:43.9449 INFO Данные адресов добавлены в БД
2025-07-07 00:34:44.0074 INFO Данные клиентов добавлены в БД
2025-07-07 00:34:44.0074 INFO Данные успешно отправлены на сервер
2025-07-07 00:34:44.0074 INFO Процесс получения курса валют запущен
2025-07-07 00:34:44.0074 INFO Подключение к данным по адресу: https://www.cbr.ru/currency_base/daily/?UniDbQuery.Posted=True&UniDbQuery.To=07.07.2025
2025-07-07 00:34:44.3003 INFO Подключение прошло успешно. OK
2025-07-07 00:34:44.3316 INFO Извлечение данных
2025-07-07 00:34:44.3316 INFO Данные успешно получены. Количество: 43
2025-07-07 00:34:44.3316 INFO Запись в файл по пути: D:\Алексей\github\ExchangeParsing_DB\ExchangeParsing\ExchangeParsing\bin\Debug\CentralBank\Rate_07.07.2025.csv
2025-07-07 00:34:44.3316 INFO Данные записаны в файл. Количество 43 из 43
2025-07-07 00:34:44.3472 INFO Добавление полученных данных в БД
2025-07-07 00:34:44.3472 INFO Подключение к БД прошло успешно
2025-07-07 00:34:44.5190 INFO Обработано валют: 43 (добавлено: 0, обновлено: 43)
2025-07-07 00:34:44.5190 INFO Данные успешно отправлены на сервер
2025-07-07 00:34:44.5190 INFO Получение данных из файла SecurityPortfolio.csv
2025-07-07 00:34:44.5190 INFO Получение данных из файла Portfolio_Currency.csv
2025-07-07 00:34:44.5503 INFO Данные о портфелях добавлены
2025-07-07 00:34:44.5659 INFO Данные о связях между портфелями и валютами добавлены
2025-07-07 00:34:44.5659 INFO Запущен процесс получения акций
2025-07-07 00:34:44.5659 INFO Подключение к данным по адресу: https://iss.moex.com/iss/engines/stock/markets/shares/boards/tqbr/securities.json?iss.only=marketdata&iss.meta=off&iss.json=extended&marketdata.columns=SECID%2CLAST%2CLASTTOPREVPRICE&sort_column=VALTODAY&sort_order=desc&first=18
2025-07-07 00:34:44.7222 INFO Извлечение данных
2025-07-07 00:34:44.8472 INFO Данные получены
2025-07-07 00:34:44.8472 INFO Корректные данные для считывания
2025-07-07 00:34:44.9097 INFO Успешная десериализация данных
2025-07-07 00:34:44.9097 INFO Запись в файл: D:\Алексей\github\ExchangeParsing_DB\ExchangeParsing\ExchangeParsing\bin\Debug\MoscowExchange\Stocks\Stock_07.07.2025.csv
2025-07-07 00:34:44.9097 INFO Данные записаны: 18 акций
2025-07-07 00:34:44.9097 INFO Запущен процесс получения облигаций
2025-07-07 00:34:44.9097 INFO Подключение к данным по адресу: https://iss.moex.com/iss/emitters/484/securities.jsonp?iss.meta=off&iss.json=extended&callback=JSON_CALLBACK&lang=ru
2025-07-07 00:34:45.3159 INFO Подключение прошло успешно.
2025-07-07 00:34:45.3316 INFO Извлечение данных
2025-07-07 00:34:45.3316 INFO Данные получены
2025-07-07 00:34:45.3316 INFO Корректные данные для считывания
2025-07-07 00:34:45.3472 INFO Успешная десериализация данных
2025-07-07 00:34:45.9097 INFO Добавлено 362 биржевых облигаций и акций Сбербанк из 368 других облигаций
2025-07-07 00:34:45.9097 INFO Подключение к данным по адресу: https://iss.moex.com/iss/emitters/269/securities.jsonp?iss.meta=off&iss.json=extended&callback=JSON_CALLBACK&lang=ru
2025-07-07 00:34:47.5163 INFO Подключение прошло успешно.
2025-07-07 00:34:47.5163 INFO Извлечение данных
2025-07-07 00:34:47.5319 INFO Данные получены
2025-07-07 00:34:47.5319 INFO Корректные данные для считывания
2025-07-07 00:34:47.5319 INFO Успешная десериализация данных
2025-07-07 00:34:48.3522 INFO Добавлено 58 биржевых облигаций и акций ВТБ ао из 522 других облигаций
2025-07-07 00:34:48.3522 INFO Подключение к данным по адресу: https://iss.moex.com/iss/emitters/3588/securities.jsonp?iss.meta=off&iss.json=extended&callback=JSON_CALLBACK&lang=ru
2025-07-07 00:34:48.4044 INFO Подключение прошло успешно.
2025-07-07 00:34:48.4044 INFO Извлечение данных
2025-07-07 00:34:48.4044 INFO Данные получены
2025-07-07 00:34:48.4044 INFO Корректные данные для считывания
2025-07-07 00:34:48.4044 INFO Успешная десериализация данных
2025-07-07 00:34:48.4200 ERROR Акция  не найдена в таблице Stocks
2025-07-07 00:34:48.4200 INFO Добавление полученных данных в БД
2025-07-07 00:34:48.4513 INFO Подключение к БД прошло успешно
2025-07-07 00:34:48.4825 INFO Обработано акций: 14 (добавлено: 0, обновлено: 14)
2025-07-07 00:34:49.4173 INFO Обработано облигаций: 420 (добавлено: 0, обновлено: 420)
2025-07-07 00:34:49.4173 INFO Выполнение процедуры пересчета позиций день-клиент-портфель
2025-07-07 00:34:49.4329 INFO Процедура выполнена
2025-07-07 00:34:49.4329 INFO Приложение завершило работу
2025-07-07 00:39:24.0554 INFO Приложение запущено
2025-07-07 00:39:24.1023 INFO Отправка данных на сервер
2025-07-07 00:39:24.3054 INFO Получение данных из файла Address.csv
2025-07-07 00:39:24.3054 INFO Получение данных из файла Client.csv
2025-07-07 00:39:26.5085 INFO Данные адресов добавлены в БД
2025-07-07 00:39:26.5554 INFO Данные клиентов добавлены в БД
2025-07-07 00:39:26.5554 INFO Данные успешно отправлены на сервер
2025-07-07 00:39:26.5710 INFO Процесс получения курса валют запущен
2025-07-07 00:39:26.5710 INFO Подключение к данным по адресу: https://www.cbr.ru/currency_base/daily/?UniDbQuery.Posted=True&UniDbQuery.To=07.07.2025
2025-07-07 00:39:26.8523 INFO Подключение прошло успешно. OK
2025-07-07 00:39:26.8835 INFO Извлечение данных
2025-07-07 00:39:26.8992 INFO Данные успешно получены. Количество: 43
2025-07-07 00:39:26.8992 INFO Запись в файл по пути: D:\Алексей\github\ExchangeParsing_DB\ExchangeParsing\ExchangeParsing\bin\Debug\CentralBank\Rate_07.07.2025.csv
2025-07-07 00:39:26.8992 INFO Данные записаны в файл. Количество 43 из 43
2025-07-07 00:39:26.8992 INFO Добавление полученных данных в БД
2025-07-07 00:39:26.8992 INFO Подключение к БД прошло успешно
2025-07-07 00:39:27.0711 INFO Обработано валют: 43 (добавлено: 0, обновлено: 43)
2025-07-07 00:39:27.0711 INFO Данные успешно отправлены на сервер
2025-07-07 00:39:27.0711 INFO Получение данных из файла SecurityPortfolio.csv
2025-07-07 00:39:27.0711 INFO Получение данных из файла Portfolio_Currency.csv
2025-07-07 00:39:27.1023 INFO Данные о портфелях добавлены
2025-07-07 00:39:27.1179 INFO Данные о связях между портфелями и валютами добавлены
2025-07-07 00:39:27.1179 INFO Запущен процесс получения акций
2025-07-07 00:39:27.1179 INFO Подключение к данным по адресу: https://iss.moex.com/iss/engines/stock/markets/shares/boards/tqbr/securities.json?iss.only=marketdata&iss.meta=off&iss.json=extended&marketdata.columns=SECID%2CLAST%2CLASTTOPREVPRICE&sort_column=VALTODAY&sort_order=desc&first=18
2025-07-07 00:39:27.3054 INFO Извлечение данных
2025-07-07 00:39:27.4304 INFO Данные получены
2025-07-07 00:39:27.4461 INFO Корректные данные для считывания
2025-07-07 00:39:27.4929 INFO Успешная десериализация данных
2025-07-07 00:39:27.4929 INFO Запись в файл: D:\Алексей\github\ExchangeParsing_DB\ExchangeParsing\ExchangeParsing\bin\Debug\MoscowExchange\Stocks\Stock_07.07.2025.csv
2025-07-07 00:39:27.4929 INFO Данные записаны: 18 акций
2025-07-07 00:39:27.4929 INFO Запущен процесс получения облигаций
2025-07-07 00:39:27.4929 INFO Подключение к данным по адресу: https://iss.moex.com/iss/emitters/484/securities.jsonp?iss.meta=off&iss.json=extended&callback=JSON_CALLBACK&lang=ru
2025-07-07 00:39:27.7898 INFO Подключение прошло успешно.
2025-07-07 00:39:27.7898 INFO Извлечение данных
2025-07-07 00:39:27.8054 INFO Данные получены
2025-07-07 00:39:27.8054 INFO Корректные данные для считывания
2025-07-07 00:39:27.8211 INFO Успешная десериализация данных
2025-07-07 00:41:37.0363 INFO Добавлено 362 биржевых облигаций и акций Сбербанк из 368 других облигаций
2025-07-07 00:41:37.0363 INFO Подключение к данным по адресу: https://iss.moex.com/iss/emitters/269/securities.jsonp?iss.meta=off&iss.json=extended&callback=JSON_CALLBACK&lang=ru
2025-07-07 00:41:37.3957 INFO Подключение прошло успешно.
2025-07-07 00:41:37.4113 INFO Извлечение данных
2025-07-07 00:41:37.4113 INFO Данные получены
2025-07-07 00:41:37.4113 INFO Корректные данные для считывания
2025-07-07 00:41:37.4270 INFO Успешная десериализация данных
2025-07-07 00:41:38.3020 INFO Добавлено 58 биржевых облигаций и акций ВТБ ао из 522 других облигаций
2025-07-07 00:41:38.3020 INFO Подключение к данным по адресу: https://iss.moex.com/iss/emitters/3588/securities.jsonp?iss.meta=off&iss.json=extended&callback=JSON_CALLBACK&lang=ru
2025-07-07 00:41:38.3488 INFO Подключение прошло успешно.
2025-07-07 00:41:38.3488 INFO Извлечение данных
2025-07-07 00:41:38.3488 INFO Данные получены
2025-07-07 00:41:38.3488 INFO Корректные данные для считывания
2025-07-07 00:41:38.3488 INFO Успешная десериализация данных
2025-07-07 00:41:38.3488 ERROR Акция  не найдена в таблице Stocks
2025-07-07 00:41:45.8223 INFO Добавление полученных данных в БД
2025-07-07 00:41:45.8535 INFO Подключение к БД прошло успешно
2025-07-07 00:41:45.8848 INFO Обработано акций: 12 (добавлено: 0, обновлено: 12)
2025-07-07 00:41:46.3067 INFO Обработано облигаций: 58 (добавлено: 0, обновлено: 58)
2025-07-07 00:41:46.3067 INFO Выполнение процедуры пересчета позиций день-клиент-портфель
2025-07-07 00:41:46.3223 INFO Процедура выполнена
2025-07-07 00:41:46.3223 INFO Приложение завершило работу
2025-07-07 00:49:37.1469 INFO Приложение запущено
2025-07-07 00:49:37.2250 INFO Отправка данных на сервер
2025-07-07 00:49:37.4906 INFO Получение данных из файла Address.csv
2025-07-07 00:49:37.4906 INFO Получение данных из файла Client.csv
2025-07-07 00:49:39.6960 INFO Данные адресов добавлены в БД
2025-07-07 00:49:39.7585 INFO Данные клиентов добавлены в БД
2025-07-07 00:49:39.7585 INFO Данные успешно отправлены на сервер
2025-07-07 00:49:39.7585 INFO Процесс получения курса валют запущен
2025-07-07 00:49:39.7585 INFO Подключение к данным по адресу: https://www.cbr.ru/currency_base/daily/?UniDbQuery.Posted=True&UniDbQuery.To=07.07.2025
2025-07-07 00:49:40.0397 INFO Подключение прошло успешно. OK
2025-07-07 00:49:40.0710 INFO Извлечение данных
2025-07-07 00:49:40.0710 INFO Данные успешно получены. Количество: 43
2025-07-07 00:49:40.0710 INFO Запись в файл по пути: D:\Алексей\github\ExchangeParsing_DB\ExchangeParsing\ExchangeParsing\bin\Debug\CentralBank\Rate_07.07.2025.csv
2025-07-07 00:49:40.0710 INFO Данные записаны в файл. Количество 43 из 43
2025-07-07 00:49:40.0866 INFO Добавление полученных данных в БД
2025-07-07 00:49:40.0866 INFO Подключение к БД прошло успешно
2025-07-07 00:49:40.2585 INFO Обработано валют: 43 (добавлено: 0, обновлено: 43)
2025-07-07 00:49:40.2585 INFO Данные успешно отправлены на сервер
2025-07-07 00:49:40.2585 INFO Получение данных из файла SecurityPortfolio.csv
2025-07-07 00:49:40.2585 INFO Получение данных из файла Portfolio_Currency.csv
2025-07-07 00:49:40.2897 INFO Данные о портфелях добавлены
2025-07-07 00:49:40.3053 INFO Данные о связях между портфелями и валютами добавлены
2025-07-07 00:49:40.3053 INFO Запущен процесс получения акций
2025-07-07 00:49:40.3053 INFO Подключение к данным по адресу: https://iss.moex.com/iss/engines/stock/markets/shares/boards/tqbr/securities.json?iss.only=marketdata&iss.meta=off&iss.json=extended&marketdata.columns=SECID%2CLAST%2CLASTTOPREVPRICE&sort_column=VALTODAY&sort_order=desc&first=18
2025-07-07 00:49:40.5035 INFO Извлечение данных
2025-07-07 00:49:40.6285 INFO Данные получены
2025-07-07 00:49:40.6441 INFO Корректные данные для считывания
2025-07-07 00:49:40.6754 INFO Успешная десериализация данных
2025-07-07 00:49:40.6754 INFO Запись в файл: D:\Алексей\github\ExchangeParsing_DB\ExchangeParsing\ExchangeParsing\bin\Debug\MoscowExchange\Stocks\Stock_07.07.2025.csv
2025-07-07 00:49:40.6910 INFO Данные записаны: 18 акций
2025-07-07 00:49:40.6910 INFO Запущен процесс получения облигаций
2025-07-07 00:49:40.6910 INFO Подключение к данным по адресу: https://iss.moex.com/iss/emitters/484/securities.jsonp?iss.meta=off&iss.json=extended&callback=JSON_CALLBACK&lang=ru
2025-07-07 00:49:41.0660 INFO Подключение прошло успешно.
2025-07-07 00:49:41.0660 INFO Извлечение данных
2025-07-07 00:49:41.0816 INFO Данные получены
2025-07-07 00:49:41.0816 INFO Корректные данные для считывания
2025-07-07 00:49:41.0972 INFO Успешная десериализация данных
2025-07-07 00:49:41.6598 INFO Добавлено 362 биржевых облигаций и акций Сбербанк из 368 других облигаций
2025-07-07 00:49:41.6598 INFO Подключение к данным по адресу: https://iss.moex.com/iss/emitters/269/securities.jsonp?iss.meta=off&iss.json=extended&callback=JSON_CALLBACK&lang=ru
2025-07-07 00:49:43.1129 INFO Подключение прошло успешно.
2025-07-07 00:49:43.1129 INFO Извлечение данных
2025-07-07 00:49:43.1129 INFO Данные получены
2025-07-07 00:49:43.1285 INFO Корректные данные для считывания
2025-07-07 00:49:43.1285 INFO Успешная десериализация данных
2025-07-07 00:49:43.9152 INFO Добавлено 58 биржевых облигаций и акций ВТБ ао из 522 других облигаций
2025-07-07 00:49:43.9152 INFO Подключение к данным по адресу: https://iss.moex.com/iss/emitters/3588/securities.jsonp?iss.meta=off&iss.json=extended&callback=JSON_CALLBACK&lang=ru
2025-07-07 00:49:43.9621 INFO Подключение прошло успешно.
2025-07-07 00:49:43.9621 INFO Извлечение данных
2025-07-07 00:49:43.9621 INFO Данные получены
2025-07-07 00:49:43.9621 INFO Корректные данные для считывания
2025-07-07 00:49:43.9621 INFO Успешная десериализация данных
2025-07-07 00:49:43.9777 ERROR Акция  не найдена в таблице Stocks
2025-07-07 00:49:43.9777 INFO Добавление полученных данных в БД
2025-07-07 00:49:43.9777 INFO Подключение к БД прошло успешно
2025-07-07 00:49:44.0089 INFO Обработано акций: 12 (добавлено: 0, обновлено: 12)
2025-07-07 00:49:44.4159 INFO Обработано облигаций: 58 (добавлено: 0, обновлено: 58)
2025-07-07 00:49:44.4159 INFO Выполнение процедуры пересчета позиций день-клиент-портфель
2025-07-07 00:49:44.4316 INFO Процедура выполнена
2025-07-07 00:49:44.4316 INFO Приложение завершило работу
2025-07-07 00:58:42.5806 INFO Приложение запущено
2025-07-07 00:58:42.6481 INFO Отправка данных на сервер
2025-07-07 00:58:42.8362 INFO Получение данных из файла Address.csv
2025-07-07 00:58:42.8362 INFO Получение данных из файла Client.csv
2025-07-07 00:58:45.3010 INFO Данные адресов добавлены в БД
2025-07-07 00:58:45.6550 INFO Данные клиентов добавлены в БД
2025-07-07 00:58:45.6550 INFO Данные успешно отправлены на сервер
2025-07-07 00:58:45.6550 INFO Процесс получения курса валют запущен
2025-07-07 00:58:45.6550 INFO Подключение к данным по адресу: https://www.cbr.ru/currency_base/daily/?UniDbQuery.Posted=True&UniDbQuery.To=07.07.2025
2025-07-07 00:58:45.9519 INFO Подключение прошло успешно. OK
2025-07-07 00:58:45.9987 INFO Извлечение данных
2025-07-07 00:58:45.9987 INFO Данные успешно получены. Количество: 43
2025-07-07 00:58:45.9987 INFO Запись в файл по пути: D:\Алексей\github\ExchangeParsing_DB\ExchangeParsing\ExchangeParsing\bin\Debug\CentralBank\Rate_07.07.2025.csv
2025-07-07 00:58:45.9987 INFO Данные записаны в файл. Количество 43 из 43
2025-07-07 00:58:45.9987 INFO Добавление полученных данных в БД
2025-07-07 00:58:46.0144 INFO Подключение к БД прошло успешно
2025-07-07 00:58:46.0769 INFO Обработано валют: 43 (добавлено: 43, обновлено: 0)
2025-07-07 00:58:46.0769 INFO Данные успешно отправлены на сервер
2025-07-07 00:58:46.0769 INFO Получение данных из файла SecurityPortfolio.csv
2025-07-07 00:58:46.0769 INFO Получение данных из файла Portfolio_Currency.csv
2025-07-07 00:58:46.0925 INFO Данные о портфелях добавлены
2025-07-07 00:58:46.1237 INFO Данные о связях между портфелями и валютами добавлены
2025-07-07 00:58:46.1237 INFO Запущен процесс получения акций
2025-07-07 00:58:46.1237 INFO Подключение к данным по адресу: https://iss.moex.com/iss/engines/stock/markets/shares/boards/tqbr/securities.json?iss.only=marketdata&iss.meta=off&iss.json=extended&marketdata.columns=SECID%2CLAST%2CLASTTOPREVPRICE&sort_column=VALTODAY&sort_order=desc&first=18
2025-07-07 00:58:46.2800 INFO Извлечение данных
2025-07-07 00:58:46.4206 INFO Данные получены
2025-07-07 00:58:46.4206 INFO Корректные данные для считывания
2025-07-07 00:58:46.4675 INFO Успешная десериализация данных
2025-07-07 00:58:46.4675 INFO Запись в файл: D:\Алексей\github\ExchangeParsing_DB\ExchangeParsing\ExchangeParsing\bin\Debug\MoscowExchange\Stocks\Stock_07.07.2025.csv
2025-07-07 00:58:46.4675 INFO Данные записаны: 18 акций
2025-07-07 00:58:46.4831 INFO Запущен процесс получения облигаций
2025-07-07 00:58:46.4831 INFO Подключение к данным по адресу: https://iss.moex.com/iss/emitters/484/securities.jsonp?iss.meta=off&iss.json=extended&callback=JSON_CALLBACK&lang=ru
2025-07-07 00:58:46.8269 INFO Подключение прошло успешно.
2025-07-07 00:58:46.8269 INFO Извлечение данных
2025-07-07 00:58:46.8425 INFO Данные получены
2025-07-07 00:58:46.8425 INFO Корректные данные для считывания
2025-07-07 00:58:46.8581 INFO Успешная десериализация данных
2025-07-07 00:58:46.8894 ERROR Акция  не найдена в таблице Stocks
2025-07-07 00:58:46.8894 INFO Добавление полученных данных в БД
2025-07-07 00:58:46.8894 INFO Подключение к БД прошло успешно
2025-07-07 00:58:46.9206 INFO Обработано акций: 18 (добавлено: 18, обновлено: 0)
2025-07-07 00:58:46.9362 ERROR Данные об облигациях пустые и не могут быть добавлены в таблицу 'Bonds'.
2025-07-07 00:58:46.9362 INFO Выполнение процедуры пересчета позиций день-клиент-портфель
2025-07-07 00:58:46.9519 INFO Процедура выполнена
2025-07-07 00:58:46.9519 INFO Приложение завершило работу
2025-07-07 00:59:11.8100 INFO Приложение запущено
2025-07-07 00:59:11.8568 INFO Отправка данных на сервер
2025-07-07 00:59:12.0600 INFO Получение данных из файла Address.csv
2025-07-07 00:59:12.0600 INFO Получение данных из файла Client.csv
2025-07-07 00:59:14.1983 INFO Данные адресов добавлены в БД
2025-07-07 00:59:14.2608 INFO Данные клиентов добавлены в БД
2025-07-07 00:59:14.2608 INFO Данные успешно отправлены на сервер
2025-07-07 00:59:14.2765 INFO Процесс получения курса валют запущен
2025-07-07 00:59:14.2765 INFO Подключение к данным по адресу: https://www.cbr.ru/currency_base/daily/?UniDbQuery.Posted=True&UniDbQuery.To=07.07.2025
2025-07-07 00:59:14.5734 INFO Подключение прошло успешно. OK
2025-07-07 00:59:14.6046 INFO Извлечение данных
2025-07-07 00:59:14.6202 INFO Данные успешно получены. Количество: 43
2025-07-07 00:59:14.6202 INFO Запись в файл по пути: D:\Алексей\github\ExchangeParsing_DB\ExchangeParsing\ExchangeParsing\bin\Debug\CentralBank\Rate_07.07.2025.csv
2025-07-07 00:59:14.6202 INFO Данные записаны в файл. Количество 43 из 43
2025-07-07 00:59:14.6202 INFO Добавление полученных данных в БД
2025-07-07 00:59:14.6202 INFO Подключение к БД прошло успешно
2025-07-07 00:59:14.7921 INFO Обработано валют: 43 (добавлено: 0, обновлено: 43)
2025-07-07 00:59:14.7921 INFO Данные успешно отправлены на сервер
2025-07-07 00:59:14.7921 INFO Получение данных из файла SecurityPortfolio.csv
2025-07-07 00:59:14.7921 INFO Получение данных из файла Portfolio_Currency.csv
2025-07-07 00:59:14.8234 INFO Данные о портфелях добавлены
2025-07-07 00:59:14.8390 INFO Данные о связях между портфелями и валютами добавлены
2025-07-07 00:59:14.8390 INFO Запущен процесс получения акций
2025-07-07 00:59:14.8390 INFO Подключение к данным по адресу: https://iss.moex.com/iss/engines/stock/markets/shares/boards/tqbr/securities.json?iss.only=marketdata&iss.meta=off&iss.json=extended&marketdata.columns=SECID%2CLAST%2CLASTTOPREVPRICE&sort_column=VALTODAY&sort_order=desc&first=18
2025-07-07 00:59:14.9640 INFO Извлечение данных
2025-07-07 00:59:15.0890 INFO Данные получены
2025-07-07 00:59:15.1046 INFO Корректные данные для считывания
2025-07-07 00:59:15.1515 INFO Успешная десериализация данных
2025-07-07 00:59:15.1515 INFO Запись в файл: D:\Алексей\github\ExchangeParsing_DB\ExchangeParsing\ExchangeParsing\bin\Debug\MoscowExchange\Stocks\Stock_07.07.2025.csv
2025-07-07 00:59:15.1515 INFO Данные записаны: 18 акций
2025-07-07 00:59:15.1515 INFO Запущен процесс получения облигаций
2025-07-07 00:59:15.1515 INFO Подключение к данным по адресу: https://iss.moex.com/iss/emitters/484/securities.jsonp?iss.meta=off&iss.json=extended&callback=JSON_CALLBACK&lang=ru
2025-07-07 00:59:15.4358 INFO Подключение прошло успешно.
2025-07-07 00:59:15.4368 INFO Извлечение данных
2025-07-07 00:59:15.4368 INFO Данные получены
2025-07-07 00:59:15.4368 INFO Корректные данные для считывания
2025-07-07 00:59:15.4586 INFO Успешная десериализация данных
2025-07-07 00:59:16.0211 INFO Добавлено 362 биржевых облигаций и акций Сбербанк из 368 других облигаций
2025-07-07 00:59:16.0211 INFO Подключение к данным по адресу: https://iss.moex.com/iss/emitters/269/securities.jsonp?iss.meta=off&iss.json=extended&callback=JSON_CALLBACK&lang=ru
2025-07-07 00:59:17.8649 INFO Подключение прошло успешно.
2025-07-07 00:59:17.8649 INFO Извлечение данных
2025-07-07 00:59:17.8805 INFO Данные получены
2025-07-07 00:59:17.8805 INFO Корректные данные для считывания
2025-07-07 00:59:17.8805 INFO Успешная десериализация данных
2025-07-07 00:59:18.6618 INFO Добавлено 58 биржевых облигаций и акций ВТБ ао из 522 других облигаций
2025-07-07 00:59:18.6618 INFO Подключение к данным по адресу: https://iss.moex.com/iss/emitters/3588/securities.jsonp?iss.meta=off&iss.json=extended&callback=JSON_CALLBACK&lang=ru
2025-07-07 00:59:18.6930 INFO Подключение прошло успешно.
2025-07-07 00:59:18.6930 INFO Извлечение данных
2025-07-07 00:59:18.6930 INFO Данные получены
2025-07-07 00:59:18.6930 INFO Корректные данные для считывания
2025-07-07 00:59:18.6930 INFO Успешная десериализация данных
2025-07-07 00:59:18.7086 ERROR Акция  не найдена в таблице Stocks
2025-07-07 00:59:18.7086 INFO Добавление полученных данных в БД
2025-07-07 00:59:18.7086 INFO Подключение к БД прошло успешно
2025-07-07 00:59:18.7555 INFO Обработано акций: 14 (добавлено: 0, обновлено: 14)
2025-07-07 00:59:19.5993 INFO Обработано облигаций: 420 (добавлено: 420, обновлено: 0)
2025-07-07 00:59:19.5993 INFO Выполнение процедуры пересчета позиций день-клиент-портфель
2025-07-07 00:59:19.5993 INFO Процедура выполнена
2025-07-07 00:59:19.5993 INFO Приложение завершило работу
2025-07-07 01:01:04.1203 INFO Приложение запущено
2025-07-07 01:01:04.1984 INFO Отправка данных на сервер
2025-07-07 01:01:04.4641 INFO Получение данных из файла Address.csv
2025-07-07 01:01:04.4641 INFO Получение данных из файла Client.csv
2025-07-07 01:01:06.7308 INFO Данные адресов добавлены в БД
2025-07-07 01:01:06.7777 INFO Данные клиентов добавлены в БД
2025-07-07 01:01:06.7777 INFO Данные успешно отправлены на сервер
2025-07-07 01:01:06.7933 INFO Процесс получения курса валют запущен
2025-07-07 01:01:06.7933 INFO Подключение к данным по адресу: https://www.cbr.ru/currency_base/daily/?UniDbQuery.Posted=True&UniDbQuery.To=07.07.2025
2025-07-07 01:01:07.1215 INFO Подключение прошло успешно. OK
2025-07-07 01:01:07.1527 INFO Извлечение данных
2025-07-07 01:01:07.1683 INFO Данные успешно получены. Количество: 43
2025-07-07 01:01:07.1683 INFO Запись в файл по пути: D:\Алексей\github\ExchangeParsing_DB\ExchangeParsing\ExchangeParsing\bin\Debug\CentralBank\Rate_07.07.2025.csv
2025-07-07 01:01:07.1683 INFO Данные записаны в файл. Количество 43 из 43
2025-07-07 01:01:07.1683 INFO Добавление полученных данных в БД
2025-07-07 01:01:07.1683 INFO Подключение к БД прошло успешно
2025-07-07 01:01:07.3402 INFO Обработано валют: 43 (добавлено: 0, обновлено: 43)
2025-07-07 01:01:07.3402 INFO Данные успешно отправлены на сервер
2025-07-07 01:01:07.3559 INFO Получение данных из файла SecurityPortfolio.csv
2025-07-07 01:01:07.3559 INFO Получение данных из файла Portfolio_Currency.csv
2025-07-07 01:01:07.3871 INFO Данные о портфелях добавлены
2025-07-07 01:01:07.4027 INFO Данные о связях между портфелями и валютами добавлены
2025-07-07 01:01:07.4027 INFO Запущен процесс получения акций
2025-07-07 01:01:07.4027 INFO Подключение к данным по адресу: https://iss.moex.com/iss/engines/stock/markets/shares/boards/tqbr/securities.json?iss.only=marketdata&iss.meta=off&iss.json=extended&marketdata.columns=SECID%2CLAST%2CLASTTOPREVPRICE&sort_column=VALTODAY&sort_order=desc&first=18
2025-07-07 01:01:07.5590 INFO Извлечение данных
2025-07-07 01:01:07.6996 INFO Данные получены
2025-07-07 01:01:07.6996 INFO Корректные данные для считывания
2025-07-07 01:01:07.7465 INFO Успешная десериализация данных
2025-07-07 01:01:07.7465 INFO Запись в файл: D:\Алексей\github\ExchangeParsing_DB\ExchangeParsing\ExchangeParsing\bin\Debug\MoscowExchange\Stocks\Stock_07.07.2025.csv
2025-07-07 01:01:07.7465 INFO Данные записаны: 18 акций
2025-07-07 01:01:07.7621 INFO Запущен процесс получения облигаций
2025-07-07 01:01:07.7621 INFO Подключение к данным по адресу: https://iss.moex.com/iss/emitters/484/securities.jsonp?iss.meta=off&iss.json=extended&callback=JSON_CALLBACK&lang=ru
2025-07-07 01:01:08.1215 INFO Подключение прошло успешно.
2025-07-07 01:01:08.1215 INFO Извлечение данных
2025-07-07 01:01:08.1215 INFO Данные получены
2025-07-07 01:01:08.1215 INFO Корректные данные для считывания
2025-07-07 01:01:08.1371 INFO Успешная десериализация данных
2025-07-07 01:01:08.7152 INFO Добавлено 362 биржевых облигаций и акций Сбербанк из 368 других облигаций
2025-07-07 01:01:08.7152 INFO Подключение к данным по адресу: https://iss.moex.com/iss/emitters/269/securities.jsonp?iss.meta=off&iss.json=extended&callback=JSON_CALLBACK&lang=ru
2025-07-07 01:01:11.2175 INFO Подключение прошло успешно.
2025-07-07 01:01:11.2175 INFO Извлечение данных
2025-07-07 01:01:11.2331 INFO Данные получены
2025-07-07 01:01:11.2331 INFO Корректные данные для считывания
2025-07-07 01:01:11.2331 INFO Успешная десериализация данных
2025-07-07 01:01:12.0940 INFO Добавлено 58 биржевых облигаций и акций ВТБ ао из 522 других облигаций
2025-07-07 01:01:12.0940 INFO Подключение к данным по адресу: https://iss.moex.com/iss/emitters/3588/securities.jsonp?iss.meta=off&iss.json=extended&callback=JSON_CALLBACK&lang=ru
2025-07-07 01:01:12.1408 INFO Подключение прошло успешно.
2025-07-07 01:01:12.1408 INFO Извлечение данных
2025-07-07 01:01:12.1408 INFO Данные получены
2025-07-07 01:01:12.1408 INFO Корректные данные для считывания
2025-07-07 01:01:12.1408 INFO Успешная десериализация данных
2025-07-07 01:01:12.1565 ERROR Акция  не найдена в таблице Stocks
2025-07-07 01:01:12.1565 INFO Добавление полученных данных в БД
2025-07-07 01:01:12.1565 INFO Подключение к БД прошло успешно
2025-07-07 01:01:12.2033 INFO Обработано акций: 15 (добавлено: 0, обновлено: 15)
2025-07-07 01:01:13.1565 INFO Обработано облигаций: 420 (добавлено: 0, обновлено: 420)
2025-07-07 01:01:13.1565 INFO Выполнение процедуры пересчета позиций день-клиент-портфель
2025-07-07 01:01:13.1565 INFO Процедура выполнена
2025-07-07 01:01:13.1565 INFO Приложение завершило работу
2025-07-07 17:41:37.1065 INFO Приложение запущено
2025-07-07 17:41:37.1725 INFO Отправка данных на сервер
2025-07-07 17:41:37.8725 INFO Получение данных из файла Address.csv
2025-07-07 17:41:37.8725 INFO Получение данных из файла Client.csv
2025-07-07 17:41:40.8826 INFO Данные адресов добавлены в БД
2025-07-07 17:41:41.2429 INFO Данные клиентов добавлены в БД
2025-07-07 17:41:41.2429 INFO Данные успешно отправлены на сервер
2025-07-07 17:41:41.2829 INFO Процесс получения курса валют запущен
2025-07-07 17:41:41.2829 INFO Подключение к данным по адресу: https://www.cbr.ru/currency_base/daily/?UniDbQuery.Posted=True&UniDbQuery.To=07.07.2025
2025-07-07 17:41:41.6152 INFO Подключение прошло успешно. OK
2025-07-07 17:41:41.6522 INFO Извлечение данных
2025-07-07 17:41:41.6597 INFO Данные успешно получены. Количество: 43
2025-07-07 17:41:41.6597 INFO Запись в файл по пути: D:\Алексей\github\ExchangeParsing_DB\ExchangeParsing\ExchangeParsing\bin\Debug\CentralBank\Rate_07.07.2025.csv
2025-07-07 17:41:41.6772 INFO Данные записаны в файл. Количество 43 из 43
2025-07-07 17:41:41.6772 INFO Добавление полученных данных в БД
2025-07-07 17:41:41.6772 INFO Подключение к БД прошло успешно
2025-07-07 17:41:41.7504 INFO Обработано валют: 43 (добавлено: 43, обновлено: 0)
2025-07-07 17:41:41.7504 INFO Данные успешно отправлены на сервер
2025-07-07 17:41:41.7668 INFO Получение данных из файла SecurityPortfolio.csv
2025-07-07 17:41:41.7668 INFO Получение данных из файла Portfolio_Currency.csv
2025-07-07 17:41:41.7943 INFO Данные о портфелях добавлены
2025-07-07 17:41:41.8123 INFO Данные о связях между портфелями и валютами добавлены
2025-07-07 17:41:41.8123 INFO Запущен процесс получения акций
2025-07-07 17:41:41.8123 INFO Подключение к данным по адресу: https://iss.moex.com/iss/engines/stock/markets/shares/boards/tqbr/securities.json?iss.only=marketdata&iss.meta=off&iss.json=extended&marketdata.columns=SECID%2CLAST%2CLASTTOPREVPRICE&sort_column=VALTODAY&sort_order=desc&first=18
2025-07-07 17:41:42.0154 INFO Извлечение данных
2025-07-07 17:41:42.1761 INFO Данные получены
2025-07-07 17:41:42.1861 INFO Корректные данные для считывания
2025-07-07 17:41:42.2316 INFO Успешная десериализация данных
2025-07-07 17:41:42.2316 INFO Запись в файл: D:\Алексей\github\ExchangeParsing_DB\ExchangeParsing\ExchangeParsing\bin\Debug\MoscowExchange\Stocks\Stock_07.07.2025.csv
2025-07-07 17:41:42.2336 INFO Данные записаны: 18 акций
2025-07-07 17:41:42.2336 INFO Запущен процесс получения облигаций
2025-07-07 17:41:42.2336 INFO Подключение к данным по адресу: https://iss.moex.com/iss/emitters/484/securities.jsonp?iss.meta=off&iss.json=extended&callback=JSON_CALLBACK&lang=ru
2025-07-07 17:41:42.6769 INFO Подключение прошло успешно.
2025-07-07 17:41:42.6769 INFO Извлечение данных
2025-07-07 17:41:42.6914 INFO Данные получены
2025-07-07 17:41:42.6914 INFO Корректные данные для считывания
2025-07-07 17:41:42.7044 INFO Успешная десериализация данных
2025-07-07 17:41:42.7345 ERROR Акция  не найдена в таблице Stocks
2025-07-07 17:41:42.7345 INFO Добавление полученных данных в БД
2025-07-07 17:41:42.7625 INFO Подключение к БД прошло успешно
2025-07-07 17:41:42.8385 ERROR An error occurred while updating the entries. See the inner exception for details.
2025-07-07 17:41:42.8385 INFO Выполнение процедуры пересчета позиций день-клиент-портфель
2025-07-07 17:41:43.3139 INFO Процедура выполнена
2025-07-07 17:41:43.3139 INFO Приложение завершило работу
2025-07-07 17:42:50.1134 INFO Приложение запущено
2025-07-07 17:42:50.1680 INFO Отправка данных на сервер
2025-07-07 17:42:50.3666 INFO Получение данных из файла Address.csv
2025-07-07 17:42:50.3666 INFO Получение данных из файла Client.csv
2025-07-07 17:42:52.6112 INFO Данные адресов добавлены в БД
2025-07-07 17:42:52.6647 INFO Данные клиентов добавлены в БД
2025-07-07 17:42:52.6647 INFO Данные успешно отправлены на сервер
2025-07-07 17:42:52.6722 INFO Процесс получения курса валют запущен
2025-07-07 17:42:52.6722 INFO Подключение к данным по адресу: https://www.cbr.ru/currency_base/daily/?UniDbQuery.Posted=True&UniDbQuery.To=07.07.2025
2025-07-07 17:42:52.9434 INFO Подключение прошло успешно. OK
2025-07-07 17:42:52.9815 INFO Извлечение данных
2025-07-07 17:42:52.9880 INFO Данные успешно получены. Количество: 43
2025-07-07 17:42:52.9880 INFO Запись в файл по пути: D:\Алексей\github\ExchangeParsing_DB\ExchangeParsing\ExchangeParsing\bin\Debug\CentralBank\Rate_07.07.2025.csv
2025-07-07 17:42:52.9880 INFO Данные записаны в файл. Количество 43 из 43
2025-07-07 17:42:52.9880 INFO Добавление полученных данных в БД
2025-07-07 17:42:52.9880 INFO Подключение к БД прошло успешно
2025-07-07 17:42:53.1751 INFO Обработано валют: 43 (добавлено: 0, обновлено: 43)
2025-07-07 17:42:53.1751 INFO Данные успешно отправлены на сервер
2025-07-07 17:42:53.1751 INFO Получение данных из файла SecurityPortfolio.csv
2025-07-07 17:42:53.1751 INFO Получение данных из файла Portfolio_Currency.csv
2025-07-07 17:42:53.2111 INFO Данные о портфелях добавлены
2025-07-07 17:42:53.2251 INFO Данные о связях между портфелями и валютами добавлены
2025-07-07 17:42:53.2251 INFO Запущен процесс получения акций
2025-07-07 17:42:53.2251 INFO Подключение к данным по адресу: https://iss.moex.com/iss/engines/stock/markets/shares/boards/tqbr/securities.json?iss.only=marketdata&iss.meta=off&iss.json=extended&marketdata.columns=SECID%2CLAST%2CLASTTOPREVPRICE&sort_column=VALTODAY&sort_order=desc&first=18
2025-07-07 17:42:53.3932 INFO Извлечение данных
2025-07-07 17:42:53.5343 INFO Данные получены
2025-07-07 17:42:53.5343 INFO Корректные данные для считывания
2025-07-07 17:42:53.5914 INFO Успешная десериализация данных
2025-07-07 17:42:53.5914 INFO Запись в файл: D:\Алексей\github\ExchangeParsing_DB\ExchangeParsing\ExchangeParsing\bin\Debug\MoscowExchange\Stocks\Stock_07.07.2025.csv
2025-07-07 17:42:53.5934 INFO Данные записаны: 18 акций
2025-07-07 17:42:53.5934 INFO Запущен процесс получения облигаций
2025-07-07 17:42:53.5934 INFO Подключение к данным по адресу: https://iss.moex.com/iss/emitters/484/securities.jsonp?iss.meta=off&iss.json=extended&callback=JSON_CALLBACK&lang=ru
2025-07-07 17:42:53.9186 INFO Подключение прошло успешно.
2025-07-07 17:42:53.9206 INFO Извлечение данных
2025-07-07 17:42:53.9206 INFO Данные получены
2025-07-07 17:42:53.9206 INFO Корректные данные для считывания
2025-07-07 17:42:53.9416 INFO Успешная десериализация данных
2025-07-07 17:42:53.9692 ERROR Акция  не найдена в таблице Stocks
2025-07-07 17:42:53.9692 INFO Добавление полученных данных в БД
2025-07-07 17:42:53.9692 INFO Подключение к БД прошло успешно
2025-07-07 17:42:54.0407 ERROR An error occurred while updating the entries. See the inner exception for details.
2025-07-07 17:42:54.0407 INFO Выполнение процедуры пересчета позиций день-клиент-портфель
2025-07-07 17:42:54.0502 INFO Процедура выполнена
2025-07-07 17:42:54.0502 INFO Приложение завершило работу
2025-07-07 17:43:57.4859 INFO Приложение запущено
2025-07-07 17:43:57.5399 INFO Отправка данных на сервер
2025-07-07 17:43:57.7390 INFO Получение данных из файла Address.csv
2025-07-07 17:43:57.7390 INFO Получение данных из файла Client.csv
2025-07-07 17:43:59.9752 INFO Данные адресов добавлены в БД
2025-07-07 17:44:00.0302 INFO Данные клиентов добавлены в БД
2025-07-07 17:44:00.0302 INFO Данные успешно отправлены на сервер
2025-07-07 17:44:00.0302 INFO Процесс получения курса валют запущен
2025-07-07 17:44:00.0302 INFO Подключение к данным по адресу: https://www.cbr.ru/currency_base/daily/?UniDbQuery.Posted=True&UniDbQuery.To=07.07.2025
2025-07-07 17:44:00.2969 INFO Подключение прошло успешно. OK
2025-07-07 17:44:00.3334 INFO Извлечение данных
2025-07-07 17:44:00.3334 INFO Данные успешно получены. Количество: 43
2025-07-07 17:44:00.3334 INFO Запись в файл по пути: D:\Алексей\github\ExchangeParsing_DB\ExchangeParsing\ExchangeParsing\bin\Debug\CentralBank\Rate_07.07.2025.csv
2025-07-07 17:44:00.3334 INFO Данные записаны в файл. Количество 43 из 43
2025-07-07 17:44:00.3464 INFO Добавление полученных данных в БД
2025-07-07 17:44:00.3464 INFO Подключение к БД прошло успешно
2025-07-07 17:44:00.5416 INFO Обработано валют: 43 (добавлено: 0, обновлено: 43)
2025-07-07 17:44:00.5416 INFO Данные успешно отправлены на сервер
2025-07-07 17:44:00.5416 INFO Получение данных из файла SecurityPortfolio.csv
2025-07-07 17:44:00.5456 INFO Получение данных из файла Portfolio_Currency.csv
2025-07-07 17:44:00.5786 INFO Данные о портфелях добавлены
2025-07-07 17:44:00.5946 INFO Данные о связях между портфелями и валютами добавлены
2025-07-07 17:44:00.5946 INFO Запущен процесс получения акций
2025-07-07 17:44:00.5946 INFO Подключение к данным по адресу: https://iss.moex.com/iss/engines/stock/markets/shares/boards/tqbr/securities.json?iss.only=marketdata&iss.meta=off&iss.json=extended&marketdata.columns=SECID%2CLAST%2CLASTTOPREVPRICE&sort_column=VALTODAY&sort_order=desc&first=18
2025-07-07 17:44:00.7582 INFO Извлечение данных
2025-07-07 17:44:00.8918 INFO Данные получены
2025-07-07 17:44:00.8918 INFO Корректные данные для считывания
2025-07-07 17:44:00.9464 INFO Успешная десериализация данных
2025-07-07 17:44:00.9464 INFO Запись в файл: D:\Алексей\github\ExchangeParsing_DB\ExchangeParsing\ExchangeParsing\bin\Debug\MoscowExchange\Stocks\Stock_07.07.2025.csv
2025-07-07 17:44:00.9464 INFO Данные записаны: 18 акций
2025-07-07 17:44:00.9569 INFO Запущен процесс получения облигаций
2025-07-07 17:44:00.9569 INFO Подключение к данным по адресу: https://iss.moex.com/iss/emitters/484/securities.jsonp?iss.meta=off&iss.json=extended&callback=JSON_CALLBACK&lang=ru
2025-07-07 17:44:01.2231 INFO Подключение прошло успешно.
2025-07-07 17:44:01.2231 INFO Извлечение данных
2025-07-07 17:44:01.2231 INFO Данные получены
2025-07-07 17:44:01.2336 INFO Корректные данные для считывания
2025-07-07 17:44:01.2336 INFO Успешная десериализация данных
2025-07-07 17:44:05.2564 ERROR Акция  не найдена в таблице Stocks
2025-07-07 17:44:05.2564 INFO Добавление полученных данных в БД
2025-07-07 17:44:05.2564 INFO Подключение к БД прошло успешно
2025-07-07 17:44:05.3310 ERROR An error occurred while updating the entries. See the inner exception for details.
2025-07-07 17:44:05.3310 INFO Выполнение процедуры пересчета позиций день-клиент-портфель
2025-07-07 17:44:05.3310 INFO Процедура выполнена
2025-07-07 17:44:05.3310 INFO Приложение завершило работу
2025-07-07 17:44:43.3371 INFO Приложение запущено
2025-07-07 17:44:43.3932 INFO Отправка данных на сервер
2025-07-07 17:44:43.6383 INFO Получение данных из файла Address.csv
2025-07-07 17:44:43.6383 INFO Получение данных из файла Client.csv
2025-07-07 17:44:46.0035 INFO Данные адресов добавлены в БД
2025-07-07 17:44:46.0591 INFO Данные клиентов добавлены в БД
2025-07-07 17:44:46.0591 INFO Данные успешно отправлены на сервер
2025-07-07 17:44:46.0686 INFO Процесс получения курса валют запущен
2025-07-07 17:44:46.0686 INFO Подключение к данным по адресу: https://www.cbr.ru/currency_base/daily/?UniDbQuery.Posted=True&UniDbQuery.To=07.07.2025
2025-07-07 17:44:46.3503 INFO Подключение прошло успешно. OK
2025-07-07 17:44:46.3868 INFO Извлечение данных
2025-07-07 17:44:46.3938 INFO Данные успешно получены. Количество: 43
2025-07-07 17:44:46.3938 INFO Запись в файл по пути: D:\Алексей\github\ExchangeParsing_DB\ExchangeParsing\ExchangeParsing\bin\Debug\CentralBank\Rate_07.07.2025.csv
2025-07-07 17:44:46.4078 INFO Данные записаны в файл. Количество 43 из 43
2025-07-07 17:44:46.4078 INFO Добавление полученных данных в БД
2025-07-07 17:44:46.4403 INFO Подключение к БД прошло успешно
2025-07-07 17:44:46.6135 INFO Обработано валют: 43 (добавлено: 0, обновлено: 43)
2025-07-07 17:44:46.6135 INFO Данные успешно отправлены на сервер
2025-07-07 17:44:46.6135 INFO Получение данных из файла SecurityPortfolio.csv
2025-07-07 17:44:46.6135 INFO Получение данных из файла Portfolio_Currency.csv
2025-07-07 17:44:46.6340 INFO Данные о портфелях добавлены
2025-07-07 17:44:46.6480 INFO Данные о связях между портфелями и валютами добавлены
2025-07-07 17:44:46.6480 INFO Запущен процесс получения акций
2025-07-07 17:44:46.6480 INFO Подключение к данным по адресу: https://iss.moex.com/iss/engines/stock/markets/shares/boards/tqbr/securities.json?iss.only=marketdata&iss.meta=off&iss.json=extended&marketdata.columns=SECID%2CLAST%2CLASTTOPREVPRICE&sort_column=VALTODAY&sort_order=desc&first=18
2025-07-07 17:44:46.8101 INFO Извлечение данных
2025-07-07 17:44:46.9462 INFO Данные получены
2025-07-07 17:44:46.9562 INFO Корректные данные для считывания
2025-07-07 17:44:47.0017 INFO Успешная десериализация данных
2025-07-07 17:44:47.0017 INFO Запись в файл: D:\Алексей\github\ExchangeParsing_DB\ExchangeParsing\ExchangeParsing\bin\Debug\MoscowExchange\Stocks\Stock_07.07.2025.csv
2025-07-07 17:44:47.0017 INFO Данные записаны: 18 акций
2025-07-07 17:44:47.0017 INFO Запущен процесс получения облигаций
2025-07-07 17:44:47.0017 INFO Подключение к данным по адресу: https://iss.moex.com/iss/emitters/484/securities.jsonp?iss.meta=off&iss.json=extended&callback=JSON_CALLBACK&lang=ru
2025-07-07 17:44:47.9099 INFO Подключение прошло успешно.
2025-07-07 17:44:47.9099 INFO Извлечение данных
2025-07-07 17:44:47.9099 INFO Данные получены
2025-07-07 17:44:47.9099 INFO Корректные данные для считывания
2025-07-07 17:44:47.9344 INFO Успешная десериализация данных
2025-07-07 17:44:47.9604 ERROR Акция  не найдена в таблице Stocks
2025-07-07 17:44:47.9604 INFO Добавление полученных данных в БД
2025-07-07 17:44:47.9604 INFO Подключение к БД прошло успешно
2025-07-07 17:44:48.0305 ERROR An error occurred while updating the entries. See the inner exception for details.
2025-07-07 17:44:48.0305 INFO Выполнение процедуры пересчета позиций день-клиент-портфель
2025-07-07 17:44:48.0305 INFO Процедура выполнена
2025-07-07 17:44:48.0305 INFO Приложение завершило работу
2025-07-07 17:51:59.3080 INFO Приложение запущено
2025-07-07 17:51:59.3720 INFO Отправка данных на сервер
2025-07-07 17:51:59.6062 INFO Получение данных из файла Address.csv
2025-07-07 17:51:59.6062 INFO Получение данных из файла Client.csv
2025-07-07 17:52:01.9914 INFO Данные адресов добавлены в БД
2025-07-07 17:52:02.0464 INFO Данные клиентов добавлены в БД
2025-07-07 17:52:02.0464 INFO Данные успешно отправлены на сервер
2025-07-07 17:52:02.0464 INFO Процесс получения курса валют запущен
2025-07-07 17:52:02.0464 INFO Подключение к данным по адресу: https://www.cbr.ru/currency_base/daily/?UniDbQuery.Posted=True&UniDbQuery.To=07.07.2025
2025-07-07 17:52:02.3727 INFO Подключение прошло успешно. OK
2025-07-07 17:52:02.4087 INFO Извлечение данных
2025-07-07 17:52:02.4087 INFO Данные успешно получены. Количество: 43
2025-07-07 17:52:02.4087 INFO Запись в файл по пути: D:\Алексей\github\ExchangeParsing_DB\ExchangeParsing\ExchangeParsing\bin\Debug\CentralBank\Rate_07.07.2025.csv
2025-07-07 17:52:02.4087 INFO Данные записаны в файл. Количество 43 из 43
2025-07-07 17:52:02.4222 INFO Добавление полученных данных в БД
2025-07-07 17:52:02.4222 INFO Подключение к БД прошло успешно
2025-07-07 17:52:02.5958 INFO Обработано валют: 43 (добавлено: 0, обновлено: 43)
2025-07-07 17:52:02.5958 INFO Данные успешно отправлены на сервер
2025-07-07 17:52:02.5958 INFO Получение данных из файла SecurityPortfolio.csv
2025-07-07 17:52:02.5958 INFO Получение данных из файла Portfolio_Currency.csv
2025-07-07 17:52:02.6173 INFO Данные о портфелях добавлены
2025-07-07 17:52:02.6333 INFO Данные о связях между портфелями и валютами добавлены
2025-07-07 17:52:02.6333 INFO Запущен процесс получения акций
2025-07-07 17:52:02.6333 INFO Подключение к данным по адресу: https://iss.moex.com/iss/engines/stock/markets/shares/boards/tqbr/securities.json?iss.only=marketdata&iss.meta=off&iss.json=extended&marketdata.columns=SECID%2CLAST%2CLASTTOPREVPRICE&sort_column=VALTODAY&sort_order=desc&first=18
2025-07-07 17:52:02.8250 INFO Извлечение данных
2025-07-07 17:52:02.9591 INFO Данные получены
2025-07-07 17:52:02.9691 INFO Корректные данные для считывания
2025-07-07 17:52:03.0141 INFO Успешная десериализация данных
2025-07-07 17:52:03.0146 INFO Запись в файл: D:\Алексей\github\ExchangeParsing_DB\ExchangeParsing\ExchangeParsing\bin\Debug\MoscowExchange\Stocks\Stock_07.07.2025.csv
2025-07-07 17:52:03.0146 INFO Данные записаны: 18 акций
2025-07-07 17:52:03.0146 INFO Добавление полученных данных в БД
2025-07-07 17:52:03.0146 INFO Подключение к БД прошло успешно
2025-07-07 17:52:03.1017 ERROR An error occurred while updating the entries. See the inner exception for details.
2025-07-07 17:52:03.1017 INFO Запущен процесс получения облигаций
2025-07-07 17:52:03.1017 INFO Подключение к данным по адресу: https://iss.moex.com/iss/emitters/484/securities.jsonp?iss.meta=off&iss.json=extended&callback=JSON_CALLBACK&lang=ru
2025-07-07 17:52:03.6786 INFO Подключение прошло успешно.
2025-07-07 17:52:03.6786 INFO Извлечение данных
2025-07-07 17:52:03.6906 INFO Данные получены
2025-07-07 17:52:03.6906 INFO Корректные данные для считывания
2025-07-07 17:52:03.7051 INFO Успешная десериализация данных
2025-07-07 17:52:03.7241 ERROR Акция  не найдена в таблице Stocks
2025-07-07 17:52:03.7241 INFO Добавление полученных данных в БД
2025-07-07 17:52:03.7241 INFO Подключение к БД прошло успешно
2025-07-07 17:52:03.7241 ERROR Данные об облигациях пустые и не могут быть добавлены в таблицу 'Bonds'.
2025-07-07 17:52:03.7241 INFO Выполнение процедуры пересчета позиций день-клиент-портфель
2025-07-07 17:52:03.7396 INFO Процедура выполнена
2025-07-07 17:52:03.7396 INFO Приложение завершило работу
2025-07-07 17:52:28.8035 INFO Приложение запущено
2025-07-07 17:52:28.8580 INFO Отправка данных на сервер
2025-07-07 17:52:29.0692 INFO Получение данных из файла Address.csv
2025-07-07 17:52:29.0692 INFO Получение данных из файла Client.csv
2025-07-07 17:52:31.3058 INFO Данные адресов добавлены в БД
2025-07-07 17:52:31.3608 INFO Данные клиентов добавлены в БД
2025-07-07 17:52:31.3608 INFO Данные успешно отправлены на сервер
2025-07-07 17:52:31.3608 INFO Процесс получения курса валют запущен
2025-07-07 17:52:31.3608 INFO Подключение к данным по адресу: https://www.cbr.ru/currency_base/daily/?UniDbQuery.Posted=True&UniDbQuery.To=07.07.2025
2025-07-07 17:52:31.6340 INFO Подключение прошло успешно. OK
2025-07-07 17:52:31.6710 INFO Извлечение данных
2025-07-07 17:52:31.6710 INFO Данные успешно получены. Количество: 43
2025-07-07 17:52:31.6710 INFO Запись в файл по пути: D:\Алексей\github\ExchangeParsing_DB\ExchangeParsing\ExchangeParsing\bin\Debug\CentralBank\Rate_07.07.2025.csv
2025-07-07 17:52:31.6710 INFO Данные записаны в файл. Количество 43 из 43
2025-07-07 17:52:31.6710 INFO Добавление полученных данных в БД
2025-07-07 17:52:31.6870 INFO Подключение к БД прошло успешно
2025-07-07 17:52:31.8691 INFO Обработано валют: 43 (добавлено: 0, обновлено: 43)
2025-07-07 17:52:31.8691 INFO Данные успешно отправлены на сервер
2025-07-07 17:52:31.8691 INFO Получение данных из файла SecurityPortfolio.csv
2025-07-07 17:52:31.8691 INFO Получение данных из файла Portfolio_Currency.csv
2025-07-07 17:52:31.9057 INFO Данные о портфелях добавлены
2025-07-07 17:52:31.9057 INFO Данные о связях между портфелями и валютами добавлены
2025-07-07 17:52:31.9217 INFO Запущен процесс получения акций
2025-07-07 17:52:31.9217 INFO Подключение к данным по адресу: https://iss.moex.com/iss/engines/stock/markets/shares/boards/tqbr/securities.json?iss.only=marketdata&iss.meta=off&iss.json=extended&marketdata.columns=SECID%2CLAST%2CLASTTOPREVPRICE&sort_column=VALTODAY&sort_order=desc&first=18
2025-07-07 17:52:32.1238 INFO Извлечение данных
2025-07-07 17:52:32.2579 INFO Данные получены
2025-07-07 17:52:32.2679 INFO Корректные данные для считывания
2025-07-07 17:52:32.3125 INFO Успешная десериализация данных
2025-07-07 17:52:32.3125 INFO Запись в файл: D:\Алексей\github\ExchangeParsing_DB\ExchangeParsing\ExchangeParsing\bin\Debug\MoscowExchange\Stocks\Stock_07.07.2025.csv
2025-07-07 17:52:32.3125 INFO Данные записаны: 18 акций
2025-07-07 17:52:32.3125 INFO Добавление полученных данных в БД
2025-07-07 17:52:32.3125 INFO Подключение к БД прошло успешно
2025-07-07 17:53:04.2832 ERROR An error occurred while updating the entries. See the inner exception for details.
2025-07-07 17:55:34.9535 INFO Приложение запущено
2025-07-07 17:55:35.0116 INFO Отправка данных на сервер
2025-07-07 17:55:35.2287 INFO Получение данных из файла Address.csv
2025-07-07 17:55:35.2287 INFO Получение данных из файла Client.csv
2025-07-07 17:55:37.8326 INFO Данные адресов добавлены в БД
2025-07-07 17:55:37.8966 INFO Данные клиентов добавлены в БД
2025-07-07 17:55:37.8966 INFO Данные успешно отправлены на сервер
2025-07-07 17:55:37.8966 INFO Процесс получения курса валют запущен
2025-07-07 17:55:37.9051 INFO Подключение к данным по адресу: https://www.cbr.ru/currency_base/daily/?UniDbQuery.Posted=True&UniDbQuery.To=07.07.2025
2025-07-07 17:55:38.2299 INFO Подключение прошло успешно. OK
2025-07-07 17:55:38.2674 INFO Извлечение данных
2025-07-07 17:55:38.2674 INFO Данные успешно получены. Количество: 43
2025-07-07 17:55:38.2674 INFO Запись в файл по пути: D:\Алексей\github\ExchangeParsing_DB\ExchangeParsing\ExchangeParsing\bin\Debug\CentralBank\Rate_07.07.2025.csv
2025-07-07 17:55:38.2674 INFO Данные записаны в файл. Количество 43 из 43
2025-07-07 17:55:38.2844 INFO Добавление полученных данных в БД
2025-07-07 17:55:38.3219 INFO Подключение к БД прошло успешно
2025-07-07 17:55:38.5016 INFO Обработано валют: 43 (добавлено: 0, обновлено: 43)
2025-07-07 17:55:38.5016 INFO Данные успешно отправлены на сервер
2025-07-07 17:55:38.5016 INFO Получение данных из файла SecurityPortfolio.csv
2025-07-07 17:55:38.5016 INFO Получение данных из файла Portfolio_Currency.csv
2025-07-07 17:55:38.5251 INFO Данные о портфелях добавлены
2025-07-07 17:55:38.5391 INFO Данные о связях между портфелями и валютами добавлены
2025-07-07 17:55:38.5391 INFO Запущен процесс получения акций
2025-07-07 17:55:38.5391 INFO Подключение к данным по адресу: https://iss.moex.com/iss/engines/stock/markets/shares/boards/tqbr/securities.json?iss.only=marketdata&iss.meta=off&iss.json=extended&marketdata.columns=SECID%2CLAST%2CLASTTOPREVPRICE&sort_column=VALTODAY&sort_order=desc&first=18
2025-07-07 17:55:38.7022 INFO Извлечение данных
2025-07-07 17:55:38.9304 INFO Данные получены
2025-07-07 17:55:38.9414 INFO Корректные данные для считывания
2025-07-07 17:55:39.0004 INFO Успешная десериализация данных
2025-07-07 17:55:39.0004 INFO Запись в файл: D:\Алексей\github\ExchangeParsing_DB\ExchangeParsing\ExchangeParsing\bin\Debug\MoscowExchange\Stocks\Stock_07.07.2025.csv
2025-07-07 17:55:39.0004 INFO Данные записаны: 18 акций
2025-07-07 17:55:39.0004 INFO Добавление полученных данных в БД
2025-07-07 17:55:39.0400 INFO Подключение к БД прошло успешно
2025-07-07 17:55:39.1310 ERROR An error occurred while updating the entries. See the inner exception for details.
2025-07-07 17:55:39.1310 INFO Запущен процесс получения облигаций
2025-07-07 17:55:39.1310 INFO Подключение к данным по адресу: https://iss.moex.com/iss/emitters/484/securities.jsonp?iss.meta=off&iss.json=extended&callback=JSON_CALLBACK&lang=ru
2025-07-07 17:55:39.8130 INFO Подключение прошло успешно.
2025-07-07 17:55:39.8130 INFO Извлечение данных
2025-07-07 17:55:39.8130 INFO Данные получены
2025-07-07 17:55:39.8275 INFO Корректные данные для считывания
2025-07-07 17:55:39.8275 INFO Успешная десериализация данных
2025-07-07 17:55:39.8580 ERROR Акция  не найдена в таблице Stocks
2025-07-07 17:55:39.8580 INFO Добавление полученных данных в БД
2025-07-07 17:55:39.8866 INFO Подключение к БД прошло успешно
2025-07-07 17:55:39.8916 ERROR Данные об облигациях пустые и не могут быть добавлены в таблицу 'Bonds'.
2025-07-07 17:55:39.8916 INFO Выполнение процедуры пересчета позиций день-клиент-портфель
2025-07-07 17:55:39.8916 INFO Процедура выполнена
2025-07-07 17:55:39.8916 INFO Приложение завершило работу
2025-07-07 17:56:37.2249 INFO Приложение запущено
2025-07-07 17:56:37.2794 INFO Отправка данных на сервер
2025-07-07 17:56:37.4846 INFO Получение данных из файла Address.csv
2025-07-07 17:56:37.4846 INFO Получение данных из файла Client.csv
2025-07-07 17:56:39.8607 INFO Данные адресов добавлены в БД
2025-07-07 17:56:39.9678 INFO Данные клиентов добавлены в БД
2025-07-07 17:56:39.9678 INFO Данные успешно отправлены на сервер
2025-07-07 17:56:39.9678 INFO Процесс получения курса валют запущен
2025-07-07 17:56:39.9678 INFO Подключение к данным по адресу: https://www.cbr.ru/currency_base/daily/?UniDbQuery.Posted=True&UniDbQuery.To=07.07.2025
2025-07-07 17:56:40.3436 INFO Подключение прошло успешно. OK
2025-07-07 17:56:40.3791 INFO Извлечение данных
2025-07-07 17:56:40.3791 INFO Данные успешно получены. Количество: 43
2025-07-07 17:56:40.3791 INFO Запись в файл по пути: D:\Алексей\github\ExchangeParsing_DB\ExchangeParsing\ExchangeParsing\bin\Debug\CentralBank\Rate_07.07.2025.csv
2025-07-07 17:56:40.3791 INFO Данные записаны в файл. Количество 43 из 43
2025-07-07 17:56:40.3921 INFO Добавление полученных данных в БД
2025-07-07 17:56:40.4597 INFO Подключение к БД прошло успешно
2025-07-07 17:56:40.6778 INFO Обработано валют: 43 (добавлено: 0, обновлено: 43)
2025-07-07 17:56:40.6778 INFO Данные успешно отправлены на сервер
2025-07-07 17:56:40.6778 INFO Получение данных из файла SecurityPortfolio.csv
2025-07-07 17:56:40.6778 INFO Получение данных из файла Portfolio_Currency.csv
2025-07-07 17:56:40.7129 INFO Данные о портфелях добавлены
2025-07-07 17:56:40.7264 INFO Данные о связях между портфелями и валютами добавлены
2025-07-07 17:56:40.7264 INFO Запущен процесс получения акций
2025-07-07 17:56:40.7264 INFO Подключение к данным по адресу: https://iss.moex.com/iss/engines/stock/markets/shares/boards/tqbr/securities.json?iss.only=marketdata&iss.meta=off&iss.json=extended&marketdata.columns=SECID%2CLAST%2CLASTTOPREVPRICE&sort_column=VALTODAY&sort_order=desc&first=18
2025-07-07 17:56:40.8870 INFO Извлечение данных
2025-07-07 17:56:41.0256 INFO Данные получены
2025-07-07 17:56:41.0356 INFO Корректные данные для считывания
2025-07-07 17:56:41.0811 INFO Успешная десериализация данных
2025-07-07 17:56:41.0811 INFO Запись в файл: D:\Алексей\github\ExchangeParsing_DB\ExchangeParsing\ExchangeParsing\bin\Debug\MoscowExchange\Stocks\Stock_07.07.2025.csv
2025-07-07 17:56:41.0811 INFO Данные записаны: 18 акций
2025-07-07 17:56:41.0811 INFO Добавление полученных данных в БД
2025-07-07 17:56:41.1166 INFO Подключение к БД прошло успешно
2025-07-07 17:56:41.2057 ERROR An error occurred while updating the entries. See the inner exception for details.
2025-07-07 17:56:41.2057 INFO Запущен процесс получения облигаций
2025-07-07 17:56:41.2057 INFO Подключение к данным по адресу: https://iss.moex.com/iss/emitters/484/securities.jsonp?iss.meta=off&iss.json=extended&callback=JSON_CALLBACK&lang=ru
2025-07-07 17:56:41.4894 INFO Подключение прошло успешно.
2025-07-07 17:56:41.4894 INFO Извлечение данных
2025-07-07 17:56:41.4894 INFO Данные получены
2025-07-07 17:56:41.4994 INFO Корректные данные для считывания
2025-07-07 17:56:41.4994 INFO Успешная десериализация данных
2025-07-07 17:56:41.5359 ERROR Акция  не найдена в таблице Stocks
2025-07-07 17:56:41.5359 INFO Добавление полученных данных в БД
2025-07-07 17:56:41.5645 INFO Подключение к БД прошло успешно
2025-07-07 17:56:41.5645 ERROR Данные об облигациях пустые и не могут быть добавлены в таблицу 'Bonds'.
2025-07-07 17:56:41.5645 INFO Выполнение процедуры пересчета позиций день-клиент-портфель
2025-07-07 17:56:41.5790 INFO Процедура выполнена
2025-07-07 17:56:41.5790 INFO Приложение завершило работу
2025-07-07 17:58:34.9518 INFO Приложение запущено
2025-07-07 17:58:35.0073 INFO Отправка данных на сервер
2025-07-07 17:58:35.2230 INFO Получение данных из файла Address.csv
2025-07-07 17:58:35.2230 INFO Получение данных из файла Client.csv
2025-07-07 17:58:37.7232 INFO Данные адресов добавлены в БД
2025-07-07 17:58:38.0805 INFO Данные клиентов добавлены в БД
2025-07-07 17:58:38.0805 INFO Данные успешно отправлены на сервер
2025-07-07 17:58:38.0805 INFO Процесс получения курса валют запущен
2025-07-07 17:58:38.0805 INFO Подключение к данным по адресу: https://www.cbr.ru/currency_base/daily/?UniDbQuery.Posted=True&UniDbQuery.To=07.07.2025
2025-07-07 17:58:38.4583 INFO Подключение прошло успешно. OK
2025-07-07 17:58:38.4953 INFO Извлечение данных
2025-07-07 17:58:38.5023 INFO Данные успешно получены. Количество: 43
2025-07-07 17:58:38.5023 INFO Запись в файл по пути: D:\Алексей\github\ExchangeParsing_DB\ExchangeParsing\ExchangeParsing\bin\Debug\CentralBank\Rate_07.07.2025.csv
2025-07-07 17:58:38.5023 INFO Данные записаны в файл. Количество 43 из 43
2025-07-07 17:58:38.5023 INFO Добавление полученных данных в БД
2025-07-07 17:58:38.5373 INFO Подключение к БД прошло успешно
2025-07-07 17:58:38.6109 INFO Обработано валют: 43 (добавлено: 43, обновлено: 0)
2025-07-07 17:58:38.6109 INFO Данные успешно отправлены на сервер
2025-07-07 17:58:38.6109 INFO Получение данных из файла SecurityPortfolio.csv
2025-07-07 17:58:38.6109 INFO Получение данных из файла Portfolio_Currency.csv
2025-07-07 17:58:38.6479 INFO Данные о портфелях добавлены
2025-07-07 17:58:38.6749 INFO Данные о связях между портфелями и валютами добавлены
2025-07-07 17:58:38.6749 INFO Запущен процесс получения акций
2025-07-07 17:58:38.6749 INFO Подключение к данным по адресу: https://iss.moex.com/iss/engines/stock/markets/shares/boards/tqbr/securities.json?iss.only=marketdata&iss.meta=off&iss.json=extended&marketdata.columns=SECID%2CLAST%2CLASTTOPREVPRICE&sort_column=VALTODAY&sort_order=desc&first=18
2025-07-07 17:58:38.9431 INFO Извлечение данных
2025-07-07 17:58:39.0787 INFO Данные получены
2025-07-07 17:58:39.0787 INFO Корректные данные для считывания
2025-07-07 17:58:39.1342 INFO Успешная десериализация данных
2025-07-07 17:58:39.1342 INFO Запись в файл: D:\Алексей\github\ExchangeParsing_DB\ExchangeParsing\ExchangeParsing\bin\Debug\MoscowExchange\Stocks\Stock_07.07.2025.csv
2025-07-07 17:58:39.1342 INFO Данные записаны: 18 акций
2025-07-07 17:58:39.1427 INFO Добавление полученных данных в БД
2025-07-07 17:58:39.1427 INFO Подключение к БД прошло успешно
2025-07-07 17:59:29.5231 ERROR An error occurred while updating the entries. See the inner exception for details.
2025-07-07 18:01:01.4988 INFO Приложение запущено
2025-07-07 18:01:01.5709 INFO Отправка данных на сервер
2025-07-07 18:01:01.8045 INFO Получение данных из файла Address.csv
2025-07-07 18:01:01.8045 INFO Получение данных из файла Client.csv
2025-07-07 18:01:04.0982 INFO Данные адресов добавлены в БД
2025-07-07 18:01:04.1522 INFO Данные клиентов добавлены в БД
2025-07-07 18:01:04.1522 INFO Данные успешно отправлены на сервер
2025-07-07 18:01:04.1607 INFO Процесс получения курса валют запущен
2025-07-07 18:01:04.1607 INFO Подключение к данным по адресу: https://www.cbr.ru/currency_base/daily/?UniDbQuery.Posted=True&UniDbQuery.To=07.07.2025
2025-07-07 18:01:04.4319 INFO Подключение прошло успешно. OK
2025-07-07 18:01:04.4674 INFO Извлечение данных
2025-07-07 18:01:04.4674 INFO Данные успешно получены. Количество: 43
2025-07-07 18:01:04.4674 INFO Запись в файл по пути: D:\Алексей\github\ExchangeParsing_DB\ExchangeParsing\ExchangeParsing\bin\Debug\CentralBank\Rate_07.07.2025.csv
2025-07-07 18:01:04.4674 INFO Данные записаны в файл. Количество 43 из 43
2025-07-07 18:01:04.4674 INFO Добавление полученных данных в БД
2025-07-07 18:01:04.4674 INFO Подключение к БД прошло успешно
2025-07-07 18:01:04.6536 INFO Обработано валют: 43 (добавлено: 0, обновлено: 43)
2025-07-07 18:01:04.6536 INFO Данные успешно отправлены на сервер
2025-07-07 18:01:04.6566 INFO Получение данных из файла SecurityPortfolio.csv
2025-07-07 18:01:04.6566 INFO Получение данных из файла Portfolio_Currency.csv
2025-07-07 18:01:04.6886 INFO Данные о портфелях добавлены
2025-07-07 18:01:04.7021 INFO Данные о связях между портфелями и валютами добавлены
2025-07-07 18:01:04.7021 INFO Запущен процесс получения акций
2025-07-07 18:01:04.7021 INFO Подключение к данным по адресу: https://iss.moex.com/iss/engines/stock/markets/shares/boards/tqbr/securities.json?iss.only=marketdata&iss.meta=off&iss.json=extended&marketdata.columns=SECID%2CLAST%2CLASTTOPREVPRICE&sort_column=VALTODAY&sort_order=desc&first=18
2025-07-07 18:01:04.8487 INFO Извлечение данных
2025-07-07 18:01:04.9868 INFO Данные получены
2025-07-07 18:01:04.9868 INFO Корректные данные для считывания
2025-07-07 18:01:05.0418 INFO Успешная десериализация данных
2025-07-07 18:01:05.0418 INFO Запись в файл: D:\Алексей\github\ExchangeParsing_DB\ExchangeParsing\ExchangeParsing\bin\Debug\MoscowExchange\Stocks\Stock_07.07.2025.csv
2025-07-07 18:01:05.0418 INFO Данные записаны: 18 акций
2025-07-07 18:01:05.0509 INFO Добавление полученных данных в БД
2025-07-07 18:01:05.0509 INFO Подключение к БД прошло успешно
2025-07-07 18:01:13.6265 ERROR An error occurred while updating the entries. See the inner exception for details.
2025-07-07 18:01:13.6265 INFO Запущен процесс получения облигаций
2025-07-07 18:01:13.6265 INFO Подключение к данным по адресу: https://iss.moex.com/iss/emitters/484/securities.jsonp?iss.meta=off&iss.json=extended&callback=JSON_CALLBACK&lang=ru
2025-07-07 18:01:14.0898 INFO Подключение прошло успешно.
2025-07-07 18:01:14.0898 INFO Извлечение данных
2025-07-07 18:01:14.1018 INFO Данные получены
2025-07-07 18:01:14.1018 INFO Корректные данные для считывания
2025-07-07 18:01:14.1163 INFO Успешная десериализация данных
2025-07-07 18:01:14.1343 ERROR Акция  не найдена в таблице Stocks
2025-07-07 18:01:14.1343 INFO Добавление полученных данных в БД
2025-07-07 18:01:14.1343 INFO Подключение к БД прошло успешно
2025-07-07 18:01:14.1403 ERROR Данные об облигациях пустые и не могут быть добавлены в таблицу 'Bonds'.
2025-07-07 18:01:14.1403 INFO Выполнение процедуры пересчета позиций день-клиент-портфель
2025-07-07 18:01:14.1403 INFO Процедура выполнена
2025-07-07 18:01:14.1403 INFO Приложение завершило работу
2025-07-07 18:06:11.5767 INFO Приложение запущено
2025-07-07 18:06:11.6337 INFO Отправка данных на сервер
2025-07-07 18:06:11.8354 INFO Получение данных из файла Address.csv
2025-07-07 18:06:11.8354 INFO Получение данных из файла Client.csv
2025-07-07 18:06:14.1845 INFO Данные адресов добавлены в БД
2025-07-07 18:06:14.3471 INFO Данные клиентов добавлены в БД
2025-07-07 18:06:14.3471 INFO Данные успешно отправлены на сервер
2025-07-07 18:06:14.3471 INFO Процесс получения курса валют запущен
2025-07-07 18:06:14.3471 INFO Подключение к данным по адресу: https://www.cbr.ru/currency_base/daily/?UniDbQuery.Posted=True&UniDbQuery.To=07.07.2025
2025-07-07 18:06:14.7224 INFO Подключение прошло успешно. OK
2025-07-07 18:06:14.7584 INFO Извлечение данных
2025-07-07 18:06:14.7644 INFO Данные успешно получены. Количество: 43
2025-07-07 18:06:14.7644 INFO Запись в файл по пути: D:\Алексей\github\ExchangeParsing_DB\ExchangeParsing\ExchangeParsing\bin\Debug\CentralBank\Rate_07.07.2025.csv
2025-07-07 18:06:14.7644 INFO Данные записаны в файл. Количество 43 из 43
2025-07-07 18:06:14.7644 INFO Добавление полученных данных в БД
2025-07-07 18:06:14.8000 INFO Подключение к БД прошло успешно
2025-07-07 18:06:14.9751 INFO Обработано валют: 43 (добавлено: 0, обновлено: 43)
2025-07-07 18:06:14.9751 INFO Данные успешно отправлены на сервер
2025-07-07 18:06:14.9751 INFO Получение данных из файла SecurityPortfolio.csv
2025-07-07 18:06:14.9751 INFO Получение данных из файла Portfolio_Currency.csv
2025-07-07 18:06:15.0116 INFO Данные о портфелях добавлены
2025-07-07 18:06:15.0271 INFO Данные о связях между портфелями и валютами добавлены
2025-07-07 18:06:15.0271 INFO Запущен процесс получения акций
2025-07-07 18:06:15.0271 INFO Подключение к данным по адресу: https://iss.moex.com/iss/engines/stock/markets/shares/boards/tqbr/securities.json?iss.only=marketdata&iss.meta=off&iss.json=extended&marketdata.columns=SECID%2CLAST%2CLASTTOPREVPRICE&sort_column=VALTODAY&sort_order=desc&first=18
2025-07-07 18:06:15.2393 INFO Извлечение данных
2025-07-07 18:06:15.3769 INFO Данные получены
2025-07-07 18:06:15.3769 INFO Корректные данные для считывания
2025-07-07 18:06:15.4339 INFO Успешная десериализация данных
2025-07-07 18:06:15.4339 INFO Запись в файл: D:\Алексей\github\ExchangeParsing_DB\ExchangeParsing\ExchangeParsing\bin\Debug\MoscowExchange\Stocks\Stock_07.07.2025.csv
2025-07-07 18:06:15.4339 INFO Данные записаны: 18 акций
2025-07-07 18:06:15.4424 INFO Добавление полученных данных в БД
2025-07-07 18:06:15.4719 INFO Подключение к БД прошло успешно
2025-07-07 18:06:15.4719 DEBUG Stock: SBER, Price: 313,84, Percent: -1,75, PortfolioId: 3
2025-07-07 18:06:15.4960 DEBUG Stock: VTBR, Price: 97,79, Percent: -1,6, PortfolioId: 4
2025-07-07 18:06:15.4960 DEBUG Stock: GAZP, Price: 123,89, Percent: -3,08, PortfolioId: 3
2025-07-07 18:06:15.4990 DEBUG Stock: MTSS, Price: 194,75, Percent: -13,64, PortfolioId: 1
2025-07-07 18:06:15.4990 DEBUG Stock: X5, Price: 3387,5, Percent: 0,55, PortfolioId: 2
2025-07-07 18:06:15.4990 DEBUG Stock: T, Price: 3217,6, Percent: 0,01, PortfolioId: 1
2025-07-07 18:06:15.4990 DEBUG Stock: LKOH, Price: 6115, Percent: -0,59, PortfolioId: 3
2025-07-07 18:06:15.4990 DEBUG Stock: MOEX, Price: 193,76, Percent: -2,28, PortfolioId: 5
2025-07-07 18:06:15.4990 DEBUG Stock: PIKK, Price: 614,3, Percent: -2,21, PortfolioId: 4
2025-07-07 18:06:15.4990 DEBUG Stock: NVTK, Price: 1041,8, Percent: -0,8, PortfolioId: 3
2025-07-07 18:06:15.4990 DEBUG Stock: SMLT, Price: 1205, Percent: -2,19, PortfolioId: 3
2025-07-07 18:06:15.4990 DEBUG Stock: GMKN, Price: 106,96, Percent: -2,3, PortfolioId: 2
2025-07-07 18:06:15.4990 DEBUG Stock: YDEX, Price: 4085, Percent: -0,09, PortfolioId: 3
2025-07-07 18:06:15.4990 DEBUG Stock: PLZL, Price: 1882,4, Percent: -1,34, PortfolioId: 2
2025-07-07 18:06:15.4990 DEBUG Stock: AFKS, Price: 15,226, Percent: -0,37, PortfolioId: 5
2025-07-07 18:06:15.5150 DEBUG Stock: ROSN, Price: 426,15, Percent: -0,13, PortfolioId: 5
2025-07-07 18:06:15.5150 DEBUG Stock: VKCO, Price: 286,1, Percent: -1,24, PortfolioId: 1
2025-07-07 18:06:15.5150 DEBUG Stock: MTLR, Price: 86,14, Percent: -2,7, PortfolioId: 3
2025-07-07 18:06:15.5560 ERROR An error occurred while updating the entries. See the inner exception for details.
2025-07-07 18:06:15.5560 INFO Запущен процесс получения облигаций
2025-07-07 18:06:15.5560 INFO Подключение к данным по адресу: https://iss.moex.com/iss/emitters/484/securities.jsonp?iss.meta=off&iss.json=extended&callback=JSON_CALLBACK&lang=ru
2025-07-07 18:06:16.6688 INFO Подключение прошло успешно.
2025-07-07 18:06:16.6688 INFO Извлечение данных
2025-07-07 18:06:16.6788 INFO Данные получены
2025-07-07 18:06:16.6788 INFO Корректные данные для считывания
2025-07-07 18:06:16.6928 INFO Успешная десериализация данных
2025-07-07 18:06:16.7108 ERROR Акция  не найдена в таблице Stocks
2025-07-07 18:06:16.7108 INFO Добавление полученных данных в БД
2025-07-07 18:06:16.7388 INFO Подключение к БД прошло успешно
2025-07-07 18:06:16.7388 ERROR Данные об облигациях пустые и не могут быть добавлены в таблицу 'Bonds'.
2025-07-07 18:06:16.7388 INFO Выполнение процедуры пересчета позиций день-клиент-портфель
2025-07-07 18:06:16.7534 INFO Процедура выполнена
2025-07-07 18:06:16.7534 INFO Приложение завершило работу
2025-07-07 18:09:07.3554 INFO Приложение запущено
2025-07-07 18:09:07.4109 INFO Отправка данных на сервер
2025-07-07 18:09:07.6306 INFO Получение данных из файла Address.csv
2025-07-07 18:09:07.6306 INFO Получение данных из файла Client.csv
2025-07-07 18:09:09.9527 INFO Данные адресов добавлены в БД
2025-07-07 18:09:10.0098 INFO Данные клиентов добавлены в БД
2025-07-07 18:09:10.0098 INFO Данные успешно отправлены на сервер
2025-07-07 18:09:10.0198 INFO Процесс получения курса валют запущен
2025-07-07 18:09:10.0198 INFO Подключение к данным по адресу: https://www.cbr.ru/currency_base/daily/?UniDbQuery.Posted=True&UniDbQuery.To=07.07.2025
2025-07-07 18:09:10.3145 INFO Подключение прошло успешно. OK
2025-07-07 18:09:10.3520 INFO Извлечение данных
2025-07-07 18:09:10.3585 INFO Данные успешно получены. Количество: 43
2025-07-07 18:09:10.3585 INFO Запись в файл по пути: D:\Алексей\github\ExchangeParsing_DB\ExchangeParsing\ExchangeParsing\bin\Debug\CentralBank\Rate_07.07.2025.csv
2025-07-07 18:09:10.3585 INFO Данные записаны в файл. Количество 43 из 43
2025-07-07 18:09:10.3585 INFO Добавление полученных данных в БД
2025-07-07 18:09:10.3585 INFO Подключение к БД прошло успешно
2025-07-07 18:09:10.5422 INFO Обработано валют: 43 (добавлено: 0, обновлено: 43)
2025-07-07 18:09:10.5422 INFO Данные успешно отправлены на сервер
2025-07-07 18:09:10.5422 INFO Получение данных из файла SecurityPortfolio.csv
2025-07-07 18:09:10.5422 INFO Получение данных из файла Portfolio_Currency.csv
2025-07-07 18:09:10.5817 INFO Данные о портфелях добавлены
2025-07-07 18:09:10.5952 INFO Данные о связях между портфелями и валютами добавлены
2025-07-07 18:09:10.5952 INFO Запущен процесс получения акций
2025-07-07 18:09:10.5952 INFO Подключение к данным по адресу: https://iss.moex.com/iss/engines/stock/markets/shares/boards/tqbr/securities.json?iss.only=marketdata&iss.meta=off&iss.json=extended&marketdata.columns=SECID%2CLAST%2CLASTTOPREVPRICE&sort_column=VALTODAY&sort_order=desc&first=18
2025-07-07 18:09:10.7258 INFO Извлечение данных
2025-07-07 18:09:10.8609 INFO Данные получены
2025-07-07 18:09:10.8609 INFO Корректные данные для считывания
2025-07-07 18:09:10.9159 INFO Успешная десериализация данных
2025-07-07 18:09:10.9159 INFO Запись в файл: D:\Алексей\github\ExchangeParsing_DB\ExchangeParsing\ExchangeParsing\bin\Debug\MoscowExchange\Stocks\Stock_07.07.2025.csv
2025-07-07 18:09:10.9159 INFO Данные записаны: 18 акций
2025-07-07 18:09:10.9239 INFO Добавление полученных данных в БД
2025-07-07 18:09:10.9509 INFO Подключение к БД прошло успешно
2025-07-07 18:09:10.9519 DEBUG Stock: SBER, Price: 313,82, Percent: -1,76, PortfolioId: 1
2025-07-07 18:09:10.9820 DEBUG Stock: VTBR, Price: 97,59, Percent: -1,8, PortfolioId: 1
2025-07-07 18:09:10.9840 DEBUG Stock: GAZP, Price: 123,84, Percent: -3,12, PortfolioId: 5
2025-07-07 18:09:10.9840 DEBUG Stock: MTSS, Price: 194,65, Percent: -13,68, PortfolioId: 5
2025-07-07 18:09:10.9840 DEBUG Stock: X5, Price: 3389,5, Percent: 0,61, PortfolioId: 3
2025-07-07 18:09:10.9840 DEBUG Stock: T, Price: 3217,6, Percent: 0,01, PortfolioId: 2
2025-07-07 18:09:10.9840 DEBUG Stock: LKOH, Price: 6112, Percent: -0,64, PortfolioId: 4
2025-07-07 18:09:10.9840 DEBUG Stock: MOEX, Price: 193,62, Percent: -2,35, PortfolioId: 1
2025-07-07 18:09:10.9840 DEBUG Stock: PIKK, Price: 613,1, Percent: -2,4, PortfolioId: 5
2025-07-07 18:09:10.9840 DEBUG Stock: NVTK, Price: 1042, Percent: -0,78, PortfolioId: 3
2025-07-07 18:09:10.9840 DEBUG Stock: SMLT, Price: 1203,5, Percent: -2,31, PortfolioId: 1
2025-07-07 18:09:10.9840 DEBUG Stock: GMKN, Price: 107,02, Percent: -2,25, PortfolioId: 5
2025-07-07 18:09:10.9840 DEBUG Stock: YDEX, Price: 4083, Percent: -0,13, PortfolioId: 3
2025-07-07 18:09:10.9990 DEBUG Stock: PLZL, Price: 1889,4, Percent: -0,97, PortfolioId: 5
2025-07-07 18:09:10.9990 DEBUG Stock: AFKS, Price: 15,237, Percent: -0,29, PortfolioId: 1
2025-07-07 18:09:10.9990 DEBUG Stock: ROSN, Price: 426,15, Percent: -0,13, PortfolioId: 4
2025-07-07 18:09:10.9990 DEBUG Stock: VKCO, Price: 286,2, Percent: -1,21, PortfolioId: 4
2025-07-07 18:09:10.9990 DEBUG Stock: MTLR, Price: 86,07, Percent: -2,78, PortfolioId: 2
2025-07-07 18:09:11.0490 INFO Обработано акций: 18 (добавлено: 18, обновлено: 0)
2025-07-07 18:09:11.0490 INFO Запущен процесс получения облигаций
2025-07-07 18:09:11.0490 INFO Подключение к данным по адресу: https://iss.moex.com/iss/emitters/484/securities.jsonp?iss.meta=off&iss.json=extended&callback=JSON_CALLBACK&lang=ru
2025-07-07 18:09:11.5579 INFO Подключение прошло успешно.
2025-07-07 18:09:11.5579 INFO Извлечение данных
2025-07-07 18:09:11.5664 INFO Данные получены
2025-07-07 18:09:11.5664 INFO Корректные данные для считывания
2025-07-07 18:09:11.5814 INFO Успешная десериализация данных
2025-07-07 18:09:12.2224 INFO Добавлено 362 биржевых облигаций и акций Сбербанк из 368 других облигаций
2025-07-07 18:09:12.2224 INFO Подключение к данным по адресу: https://iss.moex.com/iss/emitters/269/securities.jsonp?iss.meta=off&iss.json=extended&callback=JSON_CALLBACK&lang=ru
2025-07-07 18:09:12.4940 INFO Подключение прошло успешно.
2025-07-07 18:09:12.4940 INFO Извлечение данных
2025-07-07 18:09:12.5026 INFO Данные получены
2025-07-07 18:09:12.5026 INFO Корректные данные для считывания
2025-07-07 18:09:12.5146 INFO Успешная десериализация данных
2025-07-07 18:09:13.3847 INFO Добавлено 58 биржевых облигаций и акций ВТБ ао из 518 других облигаций
2025-07-07 18:09:13.3847 INFO Подключение к данным по адресу: https://iss.moex.com/iss/emitters/3588/securities.jsonp?iss.meta=off&iss.json=extended&callback=JSON_CALLBACK&lang=ru
2025-07-07 18:09:13.4257 INFO Подключение прошло успешно.
2025-07-07 18:09:13.4257 INFO Извлечение данных
2025-07-07 18:09:13.4257 INFO Данные получены
2025-07-07 18:09:13.4257 INFO Корректные данные для считывания
2025-07-07 18:09:13.4257 INFO Успешная десериализация данных
2025-07-07 18:09:13.4412 ERROR Акция  не найдена в таблице Stocks
2025-07-07 18:09:13.4412 INFO Добавление полученных данных в БД
2025-07-07 18:09:13.4412 INFO Подключение к БД прошло успешно
2025-07-07 18:09:14.3199 INFO Обработано облигаций: 420 (добавлено: 420, обновлено: 0)
2025-07-07 18:09:14.3199 INFO Выполнение процедуры пересчета позиций день-клиент-портфель
2025-07-07 18:09:14.3294 INFO Процедура выполнена
2025-07-07 18:09:14.3294 INFO Приложение завершило работу
2025-07-07 18:10:09.2034 INFO Приложение запущено
2025-07-07 18:10:09.2640 INFO Отправка данных на сервер
2025-07-07 18:10:09.4656 INFO Получение данных из файла Address.csv
2025-07-07 18:10:09.4656 INFO Получение данных из файла Client.csv
2025-07-07 18:10:11.9048 INFO Данные адресов добавлены в БД
2025-07-07 18:10:12.2586 INFO Данные клиентов добавлены в БД
2025-07-07 18:10:12.2586 INFO Данные успешно отправлены на сервер
2025-07-07 18:10:12.2671 INFO Процесс получения курса валют запущен
2025-07-07 18:10:12.2671 INFO Подключение к данным по адресу: https://www.cbr.ru/currency_base/daily/?UniDbQuery.Posted=True&UniDbQuery.To=07.07.2025
2025-07-07 18:10:12.4647 INFO Подключение прошло успешно. OK
2025-07-07 18:10:12.5008 INFO Извлечение данных
2025-07-07 18:10:12.5008 INFO Данные успешно получены. Количество: 43
2025-07-07 18:10:12.5008 INFO Запись в файл по пути: D:\Алексей\github\ExchangeParsing_DB\ExchangeParsing\ExchangeParsing\bin\Debug\CentralBank\Rate_07.07.2025.csv
2025-07-07 18:10:12.5008 INFO Данные записаны в файл. Количество 43 из 43
2025-07-07 18:10:12.5148 INFO Добавление полученных данных в БД
2025-07-07 18:10:12.5428 INFO Подключение к БД прошло успешно
2025-07-07 18:10:12.6078 INFO Обработано валют: 43 (добавлено: 43, обновлено: 0)
2025-07-07 18:10:12.6083 INFO Данные успешно отправлены на сервер
2025-07-07 18:10:12.6083 INFO Получение данных из файла SecurityPortfolio.csv
2025-07-07 18:10:12.6083 INFO Получение данных из файла Portfolio_Currency.csv
2025-07-07 18:10:12.6404 INFO Данные о портфелях добавлены
2025-07-07 18:10:12.6594 INFO Данные о связях между портфелями и валютами добавлены
2025-07-07 18:10:12.6594 INFO Запущен процесс получения акций
2025-07-07 18:10:12.6594 INFO Подключение к данным по адресу: https://iss.moex.com/iss/engines/stock/markets/shares/boards/tqbr/securities.json?iss.only=marketdata&iss.meta=off&iss.json=extended&marketdata.columns=SECID%2CLAST%2CLASTTOPREVPRICE&sort_column=VALTODAY&sort_order=desc&first=18
2025-07-07 18:10:12.8125 INFO Извлечение данных
2025-07-07 18:10:12.9441 INFO Данные получены
2025-07-07 18:10:12.9541 INFO Корректные данные для считывания
2025-07-07 18:10:12.9991 INFO Успешная десериализация данных
2025-07-07 18:10:12.9991 INFO Запись в файл: D:\Алексей\github\ExchangeParsing_DB\ExchangeParsing\ExchangeParsing\bin\Debug\MoscowExchange\Stocks\Stock_07.07.2025.csv
2025-07-07 18:10:12.9991 INFO Данные записаны: 18 акций
2025-07-07 18:10:12.9991 INFO Добавление полученных данных в БД
2025-07-07 18:10:13.0386 INFO Подключение к БД прошло успешно
2025-07-07 18:10:13.0386 DEBUG Stock: SBER, Price: 313,81, Percent: -1,76, PortfolioId: 2
2025-07-07 18:10:13.0517 DEBUG Stock: VTBR, Price: 97,6, Percent: -1,79, PortfolioId: 5
2025-07-07 18:10:13.0517 DEBUG Stock: GAZP, Price: 123,95, Percent: -3,04, PortfolioId: 4
2025-07-07 18:10:13.0517 DEBUG Stock: MTSS, Price: 194,75, Percent: -13,64, PortfolioId: 5
2025-07-07 18:10:13.0517 DEBUG Stock: X5, Price: 3390, Percent: 0,62, PortfolioId: 5
2025-07-07 18:10:13.0517 DEBUG Stock: T, Price: 3218,8, Percent: 0,04, PortfolioId: 1
2025-07-07 18:10:13.0517 DEBUG Stock: LKOH, Price: 6112,5, Percent: -0,63, PortfolioId: 1
2025-07-07 18:10:13.0517 DEBUG Stock: MOEX, Price: 193,59, Percent: -2,37, PortfolioId: 4
2025-07-07 18:10:13.0517 DEBUG Stock: PIKK, Price: 613,3, Percent: -2,37, PortfolioId: 5
2025-07-07 18:10:13.0622 DEBUG Stock: NVTK, Price: 1041,4, Percent: -0,84, PortfolioId: 5
2025-07-07 18:10:13.0622 DEBUG Stock: SMLT, Price: 1203,5, Percent: -2,31, PortfolioId: 5
2025-07-07 18:10:13.0622 DEBUG Stock: GMKN, Price: 107, Percent: -2,27, PortfolioId: 5
2025-07-07 18:10:13.0622 DEBUG Stock: YDEX, Price: 4083, Percent: -0,13, PortfolioId: 1
2025-07-07 18:10:13.0622 DEBUG Stock: PLZL, Price: 1889,2, Percent: -0,99, PortfolioId: 2
2025-07-07 18:10:13.0622 DEBUG Stock: AFKS, Price: 15,227, Percent: -0,36, PortfolioId: 5
2025-07-07 18:10:13.0622 DEBUG Stock: ROSN, Price: 426,35, Percent: -0,08, PortfolioId: 4
2025-07-07 18:10:13.0622 DEBUG Stock: VKCO, Price: 286,4, Percent: -1,14, PortfolioId: 4
2025-07-07 18:10:13.0622 DEBUG Stock: MTLR, Price: 86, Percent: -2,86, PortfolioId: 4
2025-07-07 18:10:13.0877 INFO Обработано акций: 18 (добавлено: 18, обновлено: 0)
2025-07-07 18:10:13.0877 INFO Запущен процесс получения облигаций
2025-07-07 18:10:13.0877 INFO Подключение к данным по адресу: https://iss.moex.com/iss/emitters/484/securities.jsonp?iss.meta=off&iss.json=extended&callback=JSON_CALLBACK&lang=ru
2025-07-07 18:10:13.7001 INFO Подключение прошло успешно.
2025-07-07 18:10:13.7021 INFO Извлечение данных
2025-07-07 18:10:13.7021 INFO Данные получены
2025-07-07 18:10:13.7021 INFO Корректные данные для считывания
2025-07-07 18:10:13.7226 INFO Успешная десериализация данных
2025-07-07 18:10:14.2920 INFO Добавлено 362 биржевых облигаций и акций Сбербанк из 368 других облигаций
2025-07-07 18:10:14.2920 INFO Подключение к данным по адресу: https://iss.moex.com/iss/emitters/269/securities.jsonp?iss.meta=off&iss.json=extended&callback=JSON_CALLBACK&lang=ru
2025-07-07 18:10:14.6543 INFO Подключение прошло успешно.
2025-07-07 18:10:14.6568 INFO Извлечение данных
2025-07-07 18:10:14.6568 INFO Данные получены
2025-07-07 18:10:14.6568 INFO Корректные данные для считывания
2025-07-07 18:10:14.6568 INFO Успешная десериализация данных
2025-07-07 18:10:15.4379 INFO Добавлено 58 биржевых облигаций и акций ВТБ ао из 518 других облигаций
2025-07-07 18:10:15.4379 INFO Подключение к данным по адресу: https://iss.moex.com/iss/emitters/3588/securities.jsonp?iss.meta=off&iss.json=extended&callback=JSON_CALLBACK&lang=ru
2025-07-07 18:10:15.4929 INFO Подключение прошло успешно.
2025-07-07 18:10:15.4929 INFO Извлечение данных
2025-07-07 18:10:15.4929 INFO Данные получены
2025-07-07 18:10:15.4929 INFO Корректные данные для считывания
2025-07-07 18:10:15.4929 INFO Успешная десериализация данных
2025-07-07 18:10:15.5084 ERROR Акция  не найдена в таблице Stocks
2025-07-07 18:10:15.5084 INFO Добавление полученных данных в БД
2025-07-07 18:10:15.5369 INFO Подключение к БД прошло успешно
2025-07-07 18:10:16.4356 INFO Обработано облигаций: 420 (добавлено: 420, обновлено: 0)
2025-07-07 18:10:16.4366 INFO Выполнение процедуры пересчета позиций день-клиент-портфель
2025-07-07 18:10:16.4366 INFO Процедура выполнена
2025-07-07 18:10:16.4366 INFO Приложение завершило работу
2025-07-07 18:10:59.7505 INFO Приложение запущено
2025-07-07 18:10:59.8130 INFO Отправка данных на сервер
2025-07-07 18:11:00.0113 INFO Получение данных из файла Address.csv
2025-07-07 18:11:00.0113 INFO Получение данных из файла Client.csv
2025-07-07 18:11:02.2660 INFO Данные адресов добавлены в БД
2025-07-07 18:11:02.3282 INFO Данные клиентов добавлены в БД
2025-07-07 18:11:02.3282 INFO Данные успешно отправлены на сервер
2025-07-07 18:11:02.3438 INFO Процесс получения курса валют запущен
2025-07-07 18:11:02.3438 INFO Подключение к данным по адресу: https://www.cbr.ru/currency_base/daily/?UniDbQuery.Posted=True&UniDbQuery.To=07.07.2025
2025-07-07 18:11:02.6408 INFO Подключение прошло успешно. OK
2025-07-07 18:11:02.6721 INFO Извлечение данных
2025-07-07 18:11:02.6877 INFO Данные успешно получены. Количество: 43
2025-07-07 18:11:02.6877 INFO Запись в файл по пути: D:\Алексей\github\ExchangeParsing_DB\ExchangeParsing\ExchangeParsing\bin\Debug\CentralBank\Rate_07.07.2025.csv
2025-07-07 18:11:02.6877 INFO Данные записаны в файл. Количество 43 из 43
2025-07-07 18:11:02.6877 INFO Добавление полученных данных в БД
2025-07-07 18:11:02.6877 INFO Подключение к БД прошло успешно
2025-07-07 18:11:02.8594 INFO Обработано валют: 43 (добавлено: 0, обновлено: 43)
2025-07-07 18:11:02.8594 INFO Данные успешно отправлены на сервер
2025-07-07 18:11:02.8750 INFO Получение данных из файла SecurityPortfolio.csv
2025-07-07 18:11:02.8750 INFO Получение данных из файла Portfolio_Currency.csv
2025-07-07 18:11:02.9063 INFO Данные о портфелях добавлены
2025-07-07 18:11:02.9219 INFO Данные о связях между портфелями и валютами добавлены
2025-07-07 18:11:02.9219 INFO Запущен процесс получения акций
2025-07-07 18:11:02.9219 INFO Подключение к данным по адресу: https://iss.moex.com/iss/engines/stock/markets/shares/boards/tqbr/securities.json?iss.only=marketdata&iss.meta=off&iss.json=extended&marketdata.columns=SECID%2CLAST%2CLASTTOPREVPRICE&sort_column=VALTODAY&sort_order=desc&first=18
2025-07-07 18:11:03.0941 INFO Извлечение данных
2025-07-07 18:11:03.2192 INFO Данные получены
2025-07-07 18:11:03.2348 INFO Корректные данные для считывания
2025-07-07 18:11:03.2850 INFO Успешная десериализация данных
2025-07-07 18:11:03.2850 INFO Запись в файл: D:\Алексей\github\ExchangeParsing_DB\ExchangeParsing\ExchangeParsing\bin\Debug\MoscowExchange\Stocks\Stock_07.07.2025.csv
2025-07-07 18:11:03.2850 INFO Данные записаны: 18 акций
2025-07-07 18:11:03.2850 INFO Добавление полученных данных в БД
2025-07-07 18:11:03.2850 INFO Подключение к БД прошло успешно
2025-07-07 18:11:03.3282 INFO Обработано акций: 18 (добавлено: 0, обновлено: 18)
2025-07-07 18:11:03.3282 INFO Запущен процесс получения облигаций
2025-07-07 18:11:03.3282 INFO Подключение к данным по адресу: https://iss.moex.com/iss/emitters/484/securities.jsonp?iss.meta=off&iss.json=extended&callback=JSON_CALLBACK&lang=ru
2025-07-07 18:11:03.7034 INFO Подключение прошло успешно.
2025-07-07 18:11:03.7034 INFO Извлечение данных
2025-07-07 18:11:03.7034 INFO Данные получены
2025-07-07 18:11:03.7034 INFO Корректные данные для считывания
2025-07-07 18:11:03.7347 INFO Успешная десериализация данных
2025-07-07 18:11:04.2814 INFO Добавлено 362 биржевых облигаций и акций Сбербанк из 368 других облигаций
2025-07-07 18:11:04.2814 INFO Подключение к данным по адресу: https://iss.moex.com/iss/emitters/269/securities.jsonp?iss.meta=off&iss.json=extended&callback=JSON_CALLBACK&lang=ru
2025-07-07 18:11:07.4067 INFO Подключение прошло успешно.
2025-07-07 18:11:07.4067 INFO Извлечение данных
2025-07-07 18:11:07.4224 INFO Данные получены
2025-07-07 18:11:07.4224 INFO Корректные данные для считывания
2025-07-07 18:11:07.4224 INFO Успешная десериализация данных
2025-07-07 18:11:08.1873 INFO Добавлено 58 биржевых облигаций и акций ВТБ ао из 518 других облигаций
2025-07-07 18:11:08.1873 INFO Подключение к данным по адресу: https://iss.moex.com/iss/emitters/3588/securities.jsonp?iss.meta=off&iss.json=extended&callback=JSON_CALLBACK&lang=ru
2025-07-07 18:11:08.2342 INFO Подключение прошло успешно.
2025-07-07 18:11:08.2342 INFO Извлечение данных
2025-07-07 18:11:08.2342 INFO Данные получены
2025-07-07 18:11:08.2342 INFO Корректные данные для считывания
2025-07-07 18:11:08.2342 INFO Успешная десериализация данных
2025-07-07 18:11:08.2498 ERROR Акция  не найдена в таблице Stocks
2025-07-07 18:11:08.2498 INFO Добавление полученных данных в БД
2025-07-07 18:11:08.2498 INFO Подключение к БД прошло успешно
2025-07-07 18:11:09.1822 INFO Обработано облигаций: 420 (добавлено: 0, обновлено: 420)
2025-07-07 18:11:09.1822 INFO Выполнение процедуры пересчета позиций день-клиент-портфель
2025-07-07 18:11:09.1822 INFO Процедура выполнена
2025-07-07 18:11:09.1822 INFO Приложение завершило работу
2025-07-07 18:11:57.6721 INFO Приложение запущено
2025-07-07 18:11:57.7658 INFO Отправка данных на сервер
2025-07-07 18:11:57.9529 INFO Получение данных из файла Address.csv
2025-07-07 18:11:57.9529 INFO Получение данных из файла Client.csv
2025-07-07 18:12:00.5051 INFO Данные адресов добавлены в БД
2025-07-07 18:12:00.8477 INFO Данные клиентов добавлены в БД
2025-07-07 18:12:00.8477 INFO Данные успешно отправлены на сервер
2025-07-07 18:12:00.8477 INFO Процесс получения курса валют запущен
2025-07-07 18:12:00.8477 INFO Подключение к данным по адресу: https://www.cbr.ru/currency_base/daily/?UniDbQuery.Posted=True&UniDbQuery.To=07.07.2025
2025-07-07 18:12:01.1410 INFO Подключение прошло успешно. OK
2025-07-07 18:12:01.1879 INFO Извлечение данных
2025-07-07 18:12:01.1879 INFO Данные успешно получены. Количество: 43
2025-07-07 18:12:01.1879 INFO Запись в файл по пути: D:\Алексей\github\ExchangeParsing_DB\ExchangeParsing\ExchangeParsing\bin\Debug\CentralBank\Rate_07.07.2025.csv
2025-07-07 18:12:01.1879 INFO Данные записаны в файл. Количество 43 из 43
2025-07-07 18:12:01.2035 INFO Добавление полученных данных в БД
2025-07-07 18:12:01.2035 INFO Подключение к БД прошло успешно
2025-07-07 18:12:01.2660 INFO Обработано валют: 43 (добавлено: 43, обновлено: 0)
2025-07-07 18:12:01.2660 INFO Данные успешно отправлены на сервер
2025-07-07 18:12:01.2660 INFO Получение данных из файла SecurityPortfolio.csv
2025-07-07 18:12:01.2660 INFO Получение данных из файла Portfolio_Currency.csv
2025-07-07 18:12:01.2965 INFO Данные о портфелях добавлены
2025-07-07 18:12:01.3121 INFO Данные о связях между портфелями и валютами добавлены
2025-07-07 18:12:01.3121 INFO Запущен процесс получения акций
2025-07-07 18:12:01.3121 INFO Подключение к данным по адресу: https://iss.moex.com/iss/engines/stock/markets/shares/boards/tqbr/securities.json?iss.only=marketdata&iss.meta=off&iss.json=extended&marketdata.columns=SECID%2CLAST%2CLASTTOPREVPRICE&sort_column=VALTODAY&sort_order=desc&first=18
2025-07-07 18:12:01.4843 INFO Извлечение данных
2025-07-07 18:12:01.6251 INFO Данные получены
2025-07-07 18:12:01.6251 INFO Корректные данные для считывания
2025-07-07 18:12:01.6719 INFO Успешная десериализация данных
2025-07-07 18:12:01.6719 INFO Запись в файл: D:\Алексей\github\ExchangeParsing_DB\ExchangeParsing\ExchangeParsing\bin\Debug\MoscowExchange\Stocks\Stock_07.07.2025.csv
2025-07-07 18:12:01.6719 INFO Данные записаны: 18 акций
2025-07-07 18:12:01.6876 INFO Добавление полученных данных в БД
2025-07-07 18:12:01.6876 INFO Подключение к БД прошло успешно
2025-07-07 18:12:01.7188 INFO Обработано акций: 18 (добавлено: 18, обновлено: 0)
2025-07-07 18:12:01.7345 INFO Запущен процесс получения облигаций
2025-07-07 18:12:01.7345 INFO Подключение к данным по адресу: https://iss.moex.com/iss/emitters/484/securities.jsonp?iss.meta=off&iss.json=extended&callback=JSON_CALLBACK&lang=ru
2025-07-07 18:12:02.1255 INFO Подключение прошло успешно.
2025-07-07 18:12:02.1415 INFO Извлечение данных
2025-07-07 18:12:02.1415 INFO Данные получены
2025-07-07 18:12:02.1415 INFO Корректные данные для считывания
2025-07-07 18:12:02.1615 INFO Успешная десериализация данных
2025-07-07 18:12:02.7194 INFO Добавлено 362 биржевых облигаций и акций Сбербанк из 368 других облигаций
2025-07-07 18:12:02.7194 INFO Подключение к данным по адресу: https://iss.moex.com/iss/emitters/269/securities.jsonp?iss.meta=off&iss.json=extended&callback=JSON_CALLBACK&lang=ru
2025-07-07 18:12:03.9686 INFO Подключение прошло успешно.
2025-07-07 18:12:03.9686 INFO Извлечение данных
2025-07-07 18:12:03.9842 INFO Данные получены
2025-07-07 18:12:03.9842 INFO Корректные данные для считывания
2025-07-07 18:12:03.9842 INFO Успешная десериализация данных
2025-07-07 18:12:04.7502 INFO Добавлено 58 биржевых облигаций и акций ВТБ ао из 518 других облигаций
2025-07-07 18:12:04.7502 INFO Подключение к данным по адресу: https://iss.moex.com/iss/emitters/3588/securities.jsonp?iss.meta=off&iss.json=extended&callback=JSON_CALLBACK&lang=ru
2025-07-07 18:12:04.8043 INFO Подключение прошло успешно.
2025-07-07 18:12:04.8043 INFO Извлечение данных
2025-07-07 18:12:04.8043 INFO Данные получены
2025-07-07 18:12:04.8043 INFO Корректные данные для считывания
2025-07-07 18:12:04.8043 INFO Успешная десериализация данных
2025-07-07 18:12:04.8193 ERROR Акция  не найдена в таблице Stocks
2025-07-07 18:12:04.8193 INFO Добавление полученных данных в БД
2025-07-07 18:12:04.8193 INFO Подключение к БД прошло успешно
2025-07-07 18:12:05.5621 INFO Обработано облигаций: 420 (добавлено: 420, обновлено: 0)
2025-07-07 18:12:05.5621 INFO Выполнение процедуры пересчета позиций день-клиент-портфель
2025-07-07 18:12:05.5621 INFO Процедура выполнена
2025-07-07 18:12:05.5621 INFO Приложение завершило работу
